0.89059305,0.0010565328,0.6348547,0.0
0.87173724,0.0010338557,0.5805744,0.0
0.8886696,0.0012668663,0.57446086,0.0
0.9094991,0.0012841953,0.60493535,0.0
0.90530246,0.0011293917,0.6080293,0.0
0.9101196,0.0011387765,0.6277424,0.0
0.90427864,0.001059986,0.63266945,0.0
0.89224684,0.0010422295,0.61453134,0.0
0.9008287,0.0011338904,0.62557936,0.0
0.88820785,0.0010613529,0.59709865,0.0
0.8855642,0.0011682108,0.57113343,0.0
0.91818434,0.0013276405,0.6296687,0.0
0.89052266,0.001020293,0.5899466,0.0
0.8872895,0.0011819273,0.56147337,0.0
0.89593816,0.0012991204,0.550991,0.0
0.918315,0.0013652559,0.5896695,0.0
0.9152861,0.0011725229,0.60405755,0.0
0.9163452,0.0011331216,0.6295049,0.0
0.9051477,0.0010441,0.6280553,0.0
0.9026665,0.0010681237,0.63349605,0.0
0.8973185,0.0010482318,0.62854624,0.0
0.8794588,0.001044408,0.5821329,0.0
0.8995936,0.001262148,0.59500283,0.0
0.9031894,0.001178799,0.5979956,0.0
0.9124603,0.0011749435,0.62382036,0.0
0.91225153,0.0010780725,0.64550316,0.0
0.9011931,0.0010014193,0.64168423,0.0
0.8795514,0.0010043042,0.59545726,0.0
0.88911796,0.001203371,0.5858898,0.0
0.90256524,0.0012389526,0.5969788,0.0
0.910289,0.0011772324,0.6201371,0.0
0.8972715,0.0010709055,0.60545236,0.0
0.9062069,0.0011584229,0.6255363,0.0
0.89888513,0.0010656212,0.6192609,0.0
0.89355636,0.0010906691,0.60513043,0.0
0.8974586,0.0011539531,0.6027617,0.0
0.89054286,0.0011368666,0.57778037,0.0
0.87284565,0.0011983931,0.5096341,0.0
0.9175578,0.0015960232,0.56267464,0.0
0.9188431,0.001272975,0.5851437,0.0
0.9162322,0.0011875065,0.60249877,0.0
0.91370714,0.0011302264,0.619128,0.0
0.90679616,0.0010779924,0.6216885,0.0
0.90726763,0.0010875937,0.6331849,0.0
0.8966346,0.0010357202,0.6191569,0.0
0.91171795,0.0011287469,0.6555692,0.0
0.90709555,0.0009902886,0.6705599,0.0
0.8895766,0.00093605975,0.64816046,0.0
0.8995833,0.0010469052,0.66445166,0.0
0.89150107,0.0009704793,0.65408295,0.0
0.892552,0.0010117873,0.6526046,0.0
0.8851443,0.00100473,0.6322669,0.0
0.89441365,0.0010885336,0.63969254,0.0
0.8906535,0.0010442728,0.62997544,0.0
0.89171875,0.0010794277,0.62649405,0.0
0.88035977,0.0010671712,0.5950068,0.0
0.88433164,0.0011942268,0.57539535,0.0
0.9140756,0.0013106889,0.62638557,0.0
0.889573,0.0010356248,0.5898808,0.0
0.8960952,0.0012055845,0.58760643,0.0
0.90547323,0.0012139042,0.6030322,0.0
0.9193631,0.001175512,0.6507157,0.0
0.890603,0.0009609311,0.6157372,0.0
0.886655,0.0011117946,0.5917878,0.0
0.9073861,0.0012294299,0.62079453,0.0
0.88922334,0.0010638243,0.5863152,0.0
0.88664937,0.0011997332,0.5551636,0.0
0.90065265,0.001342182,0.5553458,0.0
0.91281843,0.0013274582,0.5740463,0.0
0.9167618,0.0012396539,0.59599006,0.0
0.93331397,0.0011875487,0.6692046,0.0
0.9129156,0.0009176024,0.6786411,0.0
0.8871543,0.0008974698,0.6454026,0.0
0.8843614,0.0010370294,0.62675333,0.0
0.9112782,0.0011407004,0.67717844,0.0
0.9021802,0.000935418,0.68315417,0.0
0.87597835,0.0008963687,0.63815695,0.0
0.8851212,0.0010836028,0.6329937,0.0
0.8912011,0.0010883824,0.6316718,0.0
0.8998992,0.0010892671,0.64493364,0.0
0.8949659,0.0010246915,0.64100915,0.0
0.8863302,0.0010303683,0.62072825,0.0
0.89895123,0.0011274734,0.6368731,0.0
0.8908309,0.0010404056,0.6241623,0.0
0.892359,0.0010958863,0.62237376,0.0
0.8856015,0.0010912966,0.6009244,0.0
0.8868042,0.0011695204,0.5836109,0.0
0.905092,0.0012530274,0.60812825,0.0
0.8982387,0.0011181064,0.59711987,0.0
0.8974345,0.001169467,0.58855855,0.0
0.91438013,0.0012289383,0.62708867,0.0
0.89201254,0.0010323866,0.5950279,0.0
0.91719174,0.0012222454,0.64634025,0.0
0.9009373,0.0009909925,0.6368558,0.0
0.8989054,0.001046644,0.6389044,0.0
0.8851702,0.0010234467,0.6084688,0.0
0.884592,0.001136831,0.583902,0.0
0.91524965,0.0012769791,0.6356471,0.0
0.91049176,0.0010441486,0.65224916,0.0
0.89040476,0.00097450276,0.62526596,0.0
0.8797256,0.0010708246,0.58670306,0.0
0.8530371,0.0011589514,0.48896974,0.0
0.87998146,0.0016565211,0.4566234,0.0
0.8752687,0.0016867027,0.37775296,0.0
0.9336168,0.0023029048,0.44309935,0.0
0.9479576,0.001762591,0.50957453,0.0
0.8807146,0.0012786164,0.3777616,0.0
0.94712865,0.0023449338,0.4784833,0.0
0.932376,0.0015412815,0.4773716,0.0
0.9503218,0.0016323371,0.55698997,0.0
0.9366904,0.0012309285,0.586511,0.0
0.92403936,0.0011413551,0.5979395,0.0
0.90355814,0.0011005964,0.5665956,0.0
0.9226736,0.0012873345,0.60564625,0.0
0.9154492,0.0011074044,0.6120609,0.0
0.9058921,0.001086714,0.599578,0.0
0.8896467,0.0011146311,0.5518489,0.0
0.91699886,0.0013650735,0.58625054,0.0
0.92752004,0.0012039494,0.6333413,0.0
0.9104461,0.0010105019,0.63313705,0.0
0.89683855,0.0010264238,0.6164265,0.0
0.8988545,0.0011096974,0.6186839,0.0
0.8899462,0.0010902619,0.5946223,0.0
0.8941456,0.0011886135,0.58526,0.0
0.89926386,0.0012126749,0.5881718,0.0
0.9231411,0.0012365299,0.65035987,0.0
0.8951261,0.0009599912,0.62302357,0.0
0.8798507,0.0010637216,0.5788481,0.0
0.9042661,0.0012805607,0.60371953,0.0
0.8996353,0.0011321103,0.5956662,0.0
0.90638804,0.0011801465,0.61022675,0.0
0.909559,0.0011286131,0.62810946,0.0
0.84732735,0.00097386166,0.4951045,0.0
0.81479955,0.001539199,0.33782744,0.0
0.928886,0.0029372834,0.44447482,0.0
0.9135443,0.0017164458,0.40264693,0.0
0.8992101,0.0018799754,0.33036953,0.0
0.91377544,0.0023975468,0.299373,0.0
0.9347335,0.0026289772,0.3059961,0.0
0.9514646,0.002566406,0.3424967,0.0
0.9604227,0.0022752413,0.39988786,0.0
0.9393791,0.0018264474,0.38221815,0.0
0.952618,0.0020502312,0.42776093,0.0
0.9542742,0.0017827196,0.47466496,0.0
0.9535152,0.0015631557,0.5299272,0.0
0.9443747,0.0013288318,0.56720454,0.0
0.92239076,0.0011742228,0.5515401,0.0
0.9102994,0.0012573423,0.52066946,0.0
0.9161989,0.0014101987,0.5121577,0.0
0.9248652,0.0014449023,0.52181953,0.0
0.89646316,0.0013084807,0.44765916,0.0
0.91211754,0.0017548938,0.43024915,0.0
0.92301923,0.0018178013,0.42148662,0.0
0.94458324,0.0018906606,0.47159785,0.0
0.93650943,0.0015497603,0.4857237,0.0
0.9384466,0.0015236773,0.5208506,0.0
0.9229224,0.0013444506,0.5129281,0.0
0.93911254,0.0014652218,0.57322353,0.0
0.92260367,0.0011772257,0.5769174,0.0
0.9214745,0.0011989778,0.598025,0.0
0.91144836,0.001120039,0.59508866,0.0
0.9102145,0.0011506836,0.5981531,0.0
0.9114116,0.0011499386,0.60594636,0.0
0.9133038,0.0011294719,0.6198165,0.0
0.89491457,0.0010510777,0.5867227,0.0
0.8832618,0.0011758863,0.53682584,0.0
0.91183466,0.001446066,0.5636139,0.0
0.8966675,0.0012393178,0.5244315,0.0
0.9226792,0.001469167,0.57020396,0.0
0.92320013,0.0012284255,0.60162,0.0
0.90636027,0.0011020581,0.59095937,0.0
0.9092502,0.0011820683,0.6028726,0.0
0.8976722,0.0011162675,0.583415,0.0
0.9036603,0.0012152358,0.58730906,0.0
0.91056085,0.0012006712,0.60573035,0.0
0.9005549,0.0011114043,0.5912591,0.0
0.9093607,0.0011983616,0.60879344,0.0
0.9086099,0.0011202408,0.6184292,0.0
0.9050567,0.0010940749,0.6213754,0.0
0.90052974,0.001086254,0.6166196,0.0
0.8959552,0.0010968449,0.6038036,0.0
0.9082134,0.0011671226,0.62614024,0.0
0.905004,0.0010673992,0.63348305,0.0
0.9025225,0.001052398,0.6408108,0.0
0.8996325,0.0010351767,0.643851,0.0
0.8984702,0.0010305755,0.6492127,0.0
0.89181834,0.0010098491,0.6384999,0.0
0.89380413,0.0010555006,0.63747233,0.0
0.8863695,0.0010431265,0.6164637,0.0
0.89713895,0.0011394264,0.62593883,0.0
0.9108138,0.0011120654,0.6637048,0.0
0.9087191,0.0009767863,0.6881409,0.0
0.9099228,0.00091962016,0.72082907,0.0
0.90585047,0.0008392808,0.7457328,0.0
0.8858485,0.00077310397,0.7304329,0.0
0.85660154,0.00080478314,0.671296,0.0
0.8688813,0.001017089,0.658662,0.0
0.87460923,0.0010326442,0.6443975,0.0
0.87584597,0.0010567796,0.62460774,0.0
0.8921475,0.0011378893,0.6382096,0.0
0.85983926,0.0010177799,0.5594366,0.0
0.8964987,0.0014077043,0.5855215,0.0
0.9032615,0.0012319679,0.5960592,0.0
0.90561575,0.0011738352,0.60822797,0.0
0.9002531,0.0011227103,0.6062255,0.0
0.90856206,0.0011553302,0.6322745,0.0
0.8899179,0.0010279714,0.60607994,0.0
0.88671225,0.0011405967,0.5843155,0.0
0.91328776,0.0012713175,0.6301738,0.0
0.8893275,0.001025482,0.5915834,0.0
0.88995326,0.0011872657,0.5691288,0.0
0.7992711,0.0011490738,0.349723,0.0
0.9118569,0.002878761,0.4194391,0.0
0.92723787,0.0019682902,0.42994204,0.0
0.93179,0.0018434004,0.43863612,0.0
0.9525012,0.0018115382,0.51889634,0.0
0.92193204,0.0013230898,0.49074087,0.0
0.93283063,0.0015447957,0.52290136,0.0
0.93937415,0.001406656,0.57601935,0.0
0.91554666,0.0011528631,0.5577936,0.0
0.92378336,0.0012838899,0.5857298,0.0
0.92429805,0.0011783097,0.6128132,0.0
0.9085825,0.0010693168,0.6000341,0.0
0.90848833,0.0011420847,0.60049343,0.0
0.91067994,0.0011449729,0.60851,0.0
0.90263015,0.0011030103,0.5945948,0.0
0.9114139,0.0011783624,0.609924,0.0
0.9076299,0.0011097285,0.6113805,0.0
0.9018505,0.0011007552,0.6043516,0.0
0.8955804,0.0011250015,0.5917913,0.0
0.8604871,0.0011406388,0.49411765,0.0
0.9087699,0.0017008147,0.5317598,0.0
0.92137057,0.0014261996,0.5633282,0.0
0.9173308,0.0012569373,0.5746339,0.0
0.8131042,0.0010520044,0.35662335,0.0
0.9111615,0.00266995,0.414553,0.0
0.8025351,0.0016066674,0.19060044,0.0
0.92909634,0.004406118,0.28205138,0.0
0.9750559,0.0030076145,0.41849858,0.0
0.9451574,0.0017747094,0.41027135,0.0
0.9615374,0.0019398212,0.4958439,0.0
0.9510041,0.0014552868,0.5433656,0.0
0.928081,0.0012491986,0.5346992,0.0
0.8896335,0.0012536498,0.44073367,0.0
0.90045905,0.0017582476,0.39347914,0.0
0.932507,0.0020662814,0.41436443,0.0
0.9630331,0.00196486,0.51772916,0.0
0.9447537,0.0013559465,0.5434965,0.0
0.9259888,0.0012548091,0.5352161,0.0
0.93433285,0.0013574823,0.571913,0.0
0.923904,0.0011906637,0.57638806,0.0
0.91853625,0.0011878099,0.57929915,0.0
0.9150296,0.0011862684,0.5841339,0.0
0.9106362,0.0011740371,0.5824796,0.0
0.91297865,0.0011981027,0.59880227,0.0
0.92340773,0.0011661617,0.64491767,0.0
0.92443347,0.0010146401,0.68890923,0.0
0.9040054,0.00087654474,0.68524253,0.0
0.8978732,0.00091592496,0.6854222,0.0
0.8561586,0.0008814351,0.59637785,0.0
0.86634517,0.0012228173,0.55596673,0.0
0.802676,0.0012381006,0.3713031,0.0
0.7572961,0.002184218,0.18782611,0.0
0.58410156,0.0035015016,0.041444603,0.0
0.8194155,0.010342713,0.14539939,0.0
0.91024286,0.0056064334,0.18696165,0.0
0.932081,0.0041704364,0.19446729,0.0
0.95010746,0.0038582652,0.22346956,0.0
0.9427175,0.0031826647,0.21645631,0.0
0.965768,0.0034443925,0.27947044,0.0
0.9576402,0.0027017978,0.2947297,0.0
0.9606034,0.002606411,0.32781398,0.0
0.9608455,0.0023569877,0.36222106,0.0
0.94811344,0.0020720316,0.35599697,0.0
0.95273364,0.002169316,0.37687197,0.0
0.96140933,0.002089532,0.42946896,0.0
0.96536946,0.0018025795,0.50288475,0.0
0.95972013,0.0014517859,0.569189,0.0
0.9474788,0.0011915629,0.613343,0.0
0.9349759,0.0010610844,0.6406708,0.0
0.87925225,0.0009249085,0.53797686,0.0
0.90806574,0.0014149758,0.5470519,0.0
0.9185633,0.0013304442,0.55945367,0.0
0.925685,0.0012801074,0.58759636,0.0
0.91463107,0.0011469179,0.58488846,0.0
0.9134784,0.0011793383,0.59268177,0.0
0.8856708,0.0011075643,0.53209263,0.0
0.84147274,0.0012878365,0.38905212,0.0
0.6089094,0.001669236,0.083912835,0.0
0.9034914,0.009013194,0.2859167,0.0
0.93368864,0.0031212326,0.30142328,0.0
0.95844376,0.0028463518,0.3652797,0.0
0.96731406,0.0022333243,0.4517847,0.0
0.95681113,0.0016578907,0.50471014,0.0
0.94014394,0.0014098645,0.5189514,0.0
0.9428616,0.001405497,0.5641946,0.0
0.9331675,0.0012173838,0.58492047,0.0
0.9259205,0.0011601254,0.5986197,0.0
0.92206174,0.001128589,0.61384827,0.0
0.90304166,0.001061884,0.58273685,0.0
0.9177989,0.0012264453,0.60619,0.0
0.92084676,0.0011282299,0.62838817,0.0
0.91623116,0.0010474774,0.6403079,0.0
0.9002513,0.0010006534,0.6179744,0.0
0.9148023,0.0011221352,0.6506752,0.0
0.89070415,0.0009661898,0.61729836,0.0
0.8917663,0.0011104656,0.6132761,0.0
0.90279555,0.0011408469,0.634032,0.0
0.9033253,0.0010569657,0.6503347,0.0
0.9106381,0.0010283809,0.6870654,0.0
0.90514785,0.00091492623,0.70608366,0.0
0.9047265,0.0008789464,0.73161715,0.0
0.897138,0.0008167305,0.7422584,0.0
0.895187,0.0008059267,0.75576633,0.0
0.8782478,0.0007642301,0.73609495,0.0
0.862112,0.00081524433,0.69804347,0.0
0.8529747,0.0009206909,0.6517396,0.0
0.8735042,0.0010859505,0.6525077,0.0
0.88237715,0.0010514855,0.651987,0.0
0.8855893,0.0010365417,0.6494023,0.0
0.88050056,0.0010279806,0.63053536,0.0
0.8888767,0.0011043196,0.63465977,0.0
0.86829007,0.001040975,0.579717,0.0
0.8917648,0.0012975088,0.59303725,0.0
0.91765296,0.0012443186,0.6555221,0.0
0.88886255,0.00095482,0.62425476,0.0
0.8711528,0.0010674848,0.5724918,0.0
0.910794,0.0013558668,0.6278173,0.0
0.8807595,0.0010339906,0.57201934,0.0
0.91022146,0.001321375,0.6113894,0.0
0.9219313,0.0011398733,0.66083986,0.0
0.80518067,0.0008291016,0.43774453,0.0
0.82748634,0.0019839907,0.3342763,0.0
0.9197189,0.0028770326,0.39477545,0.0
0.93451965,0.0020858657,0.41441628,0.0
0.9312734,0.0018671626,0.40955573,0.0
0.9490786,0.0019392697,0.4672096,0.0
0.9395847,0.0015767833,0.48436043,0.0
0.9053132,0.0014335191,0.4113209,0.0
0.9259884,0.0019306598,0.41620368,0.0
0.9508787,0.0019273537,0.48488098,0.0
0.94749594,0.0015196889,0.52993774,0.0
0.9394122,0.0013299902,0.5601559,0.0
0.9368475,0.0012440843,0.5994598,0.0
0.9007355,0.0010621563,0.54425895,0.0
0.92526174,0.001379082,0.58398,0.0
0.91991115,0.0011731884,0.59239614,0.0
0.9328756,0.0011859318,0.6483527,0.0
0.91302514,0.00096378,0.64484,0.0
0.9086303,0.0010084626,0.65599865,0.0
0.8855288,0.0009537998,0.6180981,0.0
0.88909686,0.0011230449,0.603883,0.0
0.89665186,0.0011715326,0.60266316,0.0
0.90129477,0.0011624269,0.6067814,0.0
0.91378677,0.0011536487,0.64134777,0.0
0.89125943,0.0009971465,0.61109126,0.0
0.88290304,0.0011124611,0.5807172,0.0
0.9147305,0.0012888743,0.6371486,0.0
0.91359794,0.0010395104,0.66614735,0.0
0.88992244,0.0009312305,0.63923526,0.0
0.87218916,0.0010205262,0.5888316,0.0
0.88921434,0.0012492803,0.5860983,0.0
0.8940875,0.0012236583,0.5789271,0.0
0.8995043,0.0012405036,0.5766718,0.0
0.9089977,0.0012441938,0.5939525,0.0
0.9052269,0.0011609539,0.59199005,0.0
0.91745704,0.0011986017,0.62920177,0.0
0.8920494,0.0010175175,0.5918057,0.0
0.89932716,0.0011987231,0.5934476,0.0
0.9101314,0.0011968556,0.6174496,0.0
0.9029734,0.0010850303,0.61528575,0.0
0.8931189,0.001092126,0.59382814,0.0
0.899924,0.0011922722,0.59468263,0.0
0.9074857,0.0011868821,0.6103455,0.0
0.90759945,0.001118291,0.6223169,0.0
0.8931118,0.0010600997,0.59570974,0.0
0.9093403,0.0012011168,0.62182003,0.0
0.90252084,0.001073214,0.6194098,0.0
0.90691656,0.0011018779,0.637539,0.0
0.8821808,0.0010037711,0.59089714,0.0
0.8995797,0.0012264493,0.60466933,0.0
0.9184263,0.0011797332,0.65546536,0.0
0.91844976,0.0009940324,0.6951517,0.0
0.8998896,0.0008708405,0.69221723,0.0
0.8633947,0.00086652854,0.6218095,0.0
0.8881162,0.0011625347,0.6346473,0.0
0.87885475,0.0010528185,0.60115266,0.0
0.8393852,0.0011112413,0.47956514,0.0
0.9030242,0.0018261716,0.5209353,0.0
0.9130617,0.0014641364,0.5316337,0.0
0.9087721,0.0013692594,0.5204296,0.0
0.81412214,0.001237492,0.3059327,0.0
0.903878,0.003002214,0.3345754,0.0
0.9453422,0.0025230846,0.39553756,0.0
0.95028967,0.0019887765,0.43962798,0.0
0.9570517,0.0017501421,0.51557934,0.0
0.94323176,0.0013703916,0.5498896,0.0
0.9090241,0.0012095774,0.49986044,0.0
0.92297274,0.001523448,0.5137807,0.0
0.91995656,0.0014203545,0.50458056,0.0
0.93742025,0.0015073235,0.5515066,0.0
0.9252989,0.0012473831,0.55259526,0.0
0.9323738,0.0012919288,0.59172624,0.0
0.93112826,0.0011508027,0.62849474,0.0
0.9089353,0.0010100525,0.61129403,0.0
0.90872794,0.0011044366,0.6166151,0.0
0.9102611,0.0010970021,0.6271523,0.0
0.90908486,0.0010624197,0.6367098,0.0
0.88759565,0.0010056056,0.5965513,0.0
0.8952761,0.0011813882,0.5965766,0.0
0.87835187,0.0011370376,0.5445155,0.0
0.9087191,0.0014186089,0.57569957,0.0
0.9189747,0.0012519156,0.6106686,0.0
0.9116551,0.0011005524,0.6200323,0.0
0.9050697,0.0010747428,0.621911,0.0
0.88636965,0.0010518486,0.5852227,0.0
0.8875173,0.0012194478,0.561616,0.0
0.89851767,0.0013139681,0.55989397,0.0
0.8878898,0.0012658122,0.515373,0.0
0.9102339,0.0015016919,0.53141457,0.0
0.90887076,0.0013652078,0.5209225,0.0
0.88726723,0.0013601895,0.44927025,0.0
0.9128185,0.0017864923,0.45168287,0.0
0.9427933,0.0017844752,0.52196,0.0
0.86332804,0.0012347323,0.35772085,0.0
0.9027791,0.0023579078,0.33655152,0.0
0.94953656,0.0025196963,0.40901774,0.0
0.93180835,0.0018059128,0.38589466,0.0
0.93428594,0.001981857,0.38402665,0.0
0.961605,0.002115525,0.47569025,0.0
0.9413415,0.0015076036,0.48144165,0.0
0.95519453,0.001580534,0.5631703,0.0
0.9259259,0.0011695769,0.54853475,0.0
0.9259739,0.0012897899,0.56359154,0.0
0.9351592,0.0012625731,0.6127933,0.0
0.8962837,0.001023584,0.5508335,0.0
0.9014845,0.0013092998,0.5306431,0.0
0.9068167,0.0013767438,0.51395744,0.0
0.9020342,0.0014087404,0.47480857,0.0
0.92579603,0.0016408346,0.50187874,0.0
0.905504,0.0014105439,0.45003784,0.0
0.9212286,0.0017306415,0.451843,0.0
0.9271764,0.0016843383,0.46062163,0.0
0.94115293,0.0016665688,0.5121566,0.0
0.9142164,0.0013493862,0.47292212,0.0
0.9204669,0.0016031356,0.47298774,0.0
0.9216247,0.0015883425,0.4691704,0.0
0.9439205,0.0016685919,0.5342566,0.0
0.9166354,0.0012729156,0.5025459,0.0
0.8921146,0.0014080147,0.4230406,0.0
0.90677375,0.0018606809,0.39081192,0.0
0.73530424,0.0016226398,0.11888656,0.0
0.8756883,0.0058335713,0.1675003,0.0
0.909687,0.0041766334,0.16382875,0.0
0.9397538,0.004093592,0.19083326,0.0
0.982344,0.0038446628,0.32327303,0.0
0.9770079,0.0024129984,0.40776736,0.0
0.96420383,0.0018749151,0.45902264,0.0
0.9464618,0.0015961283,0.46867386,0.0
0.9310317,0.0015492872,0.44805235,0.0
0.93089867,0.0016856134,0.43850783,0.0
0.94826716,0.0017876738,0.48552528,0.0
0.9534795,0.0015420957,0.5466819,0.0
0.9405398,0.001260099,0.57161164,0.0
0.92752093,0.0011796838,0.57523227,0.0
0.9311712,0.0012091962,0.6059174,0.0
0.9339331,0.0011163574,0.650193,0.0
0.9108181,0.00095291424,0.6357345,0.0
0.901777,0.00102216,0.62176794,0.0
0.91756606,0.0011098491,0.66413885,0.0
0.89902073,0.00093757716,0.652029,0.0
0.90367895,0.0010192374,0.67249364,0.0
0.88775104,0.0009382648,0.6534698,0.0
0.91322505,0.0010563178,0.70975375,0.0
0.88529813,0.0008312793,0.67967385,0.0
0.8055382,0.00088009186,0.50505793,0.0
0.87875473,0.0018039866,0.5292962,0.0
0.9071178,0.0015201973,0.55577874,0.0
0.90570253,0.0013228776,0.5537915,0.0
0.91784984,0.001325464,0.58738035,0.0
0.90596586,0.0011572284,0.5794855,0.0
0.87307084,0.0011532141,0.4966379,0.0
0.89467007,0.0015755066,0.48209006,0.0
0.9170739,0.0016299052,0.5006424,0.0
0.9191741,0.0014867694,0.50299984,0.0
0.9307849,0.0015004006,0.5404886,0.0
0.9102802,0.0012764208,0.5109782,0.0
0.8999112,0.0014157494,0.46461564,0.0
0.9323094,0.0017368319,0.51343447,0.0
0.92487,0.0014137862,0.5132422,0.0
0.92485535,0.0014206646,0.52147233,0.0
0.8446908,0.0012276416,0.3358869,0.0
0.7720289,0.00220401,0.14543791,0.0
0.93977445,0.0054911408,0.29006946,0.0
0.9652159,0.00285167,0.36981696,0.0
0.9604327,0.0021299643,0.41571572,0.0
0.95934945,0.0018427061,0.47357038,0.0
0.9311506,0.0014861638,0.4447128,0.0
0.90389526,0.0016585552,0.36196673,0.0
0.93495524,0.0022942964,0.37985322,0.0
0.9352693,0.0020569775,0.36925724,0.0
0.96448463,0.0022218893,0.4615419,0.0
0.9587375,0.0015987753,0.5225175,0.0
0.9378882,0.0013214486,0.52798086,0.0
0.93632513,0.0013525549,0.5538871,0.0
0.9274227,0.0012478012,0.56053674,0.0
0.9179619,0.0012339316,0.5496391,0.0
0.9241572,0.001307781,0.5665963,0.0
0.9143651,0.0012169825,0.5537949,0.0
0.90808105,0.0012678799,0.5362488,0.0
0.9132571,0.0013639091,0.54080844,0.0
0.91852635,0.0013506082,0.5533384,0.0
0.9158197,0.0012832736,0.55435103,0.0
0.9293168,0.001315575,0.6007488,0.0
0.9121431,0.0010986484,0.5925387,0.0
0.91423833,0.0011680652,0.61037445,0.0
0.90886533,0.0011077974,0.6182367,0.0
0.9162712,0.0011111529,0.6544931,0.0
0.89148086,0.00095689733,0.6251041,0.0
0.9006083,0.001103732,0.6368354,0.0
0.89025927,0.0010344334,0.6144918,0.0
0.886844,0.0011175795,0.59020627,0.0
0.8901231,0.0012063021,0.57145405,0.0
0.88002324,0.0012372725,0.5189304,0.0
0.8894927,0.0014716873,0.4876295,0.0
0.9247961,0.0016630378,0.53737754,0.0
0.9253215,0.0013585268,0.5633446,0.0
0.91505355,0.0012321636,0.5646338,0.0
0.9039836,0.0012269629,0.5453852,0.0
0.8729298,0.0012613678,0.45298022,0.0
0.86824423,0.0016978281,0.36330348,0.0
0.8790059,0.0021966542,0.2894202,0.0
0.9075052,0.0027416209,0.26317,0.0
0.93542033,0.0029291445,0.2759477,0.0
0.93328327,0.0026556689,0.25679082,0.0
0.940961,0.0028684882,0.25705135,0.0
0.9544821,0.0029392191,0.2879421,0.0
0.95574135,0.00264403,0.31023428,0.0
0.9563189,0.0024695718,0.33460456,0.0
0.9584706,0.0022961055,0.36932313,0.0
0.95375204,0.00205748,0.39029366,0.0
0.9520158,0.0019486649,0.41433552,0.0
0.9572275,0.0018612199,0.46571255,0.0
0.9522447,0.0015917625,0.50500625,0.0
0.94993794,0.0014364511,0.5522174,0.0
0.92725635,0.0012201078,0.53772306,0.0
0.9154659,0.0013051203,0.5096116,0.0
0.91662556,0.0014360279,0.49250418,0.0
0.9467117,0.0015839011,0.57040995,0.0
0.9454045,0.0012094163,0.6330869,0.0
0.9126881,0.00097466965,0.6113601,0.0
0.92285454,0.0011224515,0.65137655,0.0
0.91092056,0.0009729929,0.6581671,0.0
0.9121017,0.0009844349,0.68400854,0.0
0.90358335,0.000910937,0.69199,0.0
0.8928515,0.00089479436,0.6852052,0.0
0.88056046,0.0009167851,0.66081226,0.0
0.8885029,0.001015157,0.6645583,0.0
0.9004767,0.001008932,0.69143033,0.0
0.8886578,0.0009037061,0.68208826,0.0
0.8666318,0.00091694656,0.63226664,0.0
0.88878334,0.0011298953,0.6476465,0.0
0.89471674,0.0010467703,0.6577499,0.0
0.8745279,0.0009765769,0.6164423,0.0
0.8875547,0.0011529024,0.62070525,0.0
0.8990778,0.0011300109,0.64204836,0.0
0.8840243,0.0010193274,0.6143779,0.0
0.9047248,0.0011689949,0.648664,0.0
0.87769496,0.0009812282,0.6007588,0.0
0.8801154,0.0011762652,0.57439476,0.0
0.9017548,0.0012959748,0.5943947,0.0
0.9175392,0.0012063772,0.638928,0.0
0.9004157,0.0010093063,0.6278766,0.0
0.9089169,0.0010926052,0.6554853,0.0
0.902482,0.0009895106,0.6627744,0.0
0.8967989,0.0009743546,0.6629825,0.0
0.88810545,0.00097370194,0.64666814,0.0
0.8803825,0.0010245765,0.6179058,0.0
0.88751096,0.0011375382,0.6097279,0.0
0.9027935,0.0011694981,0.63079274,0.0
0.8880217,0.0010442989,0.6016246,0.0
0.893568,0.0011716998,0.5970098,0.0
0.8964723,0.001176057,0.59223515,0.0
0.9071684,0.0012011155,0.61148274,0.0
0.89807737,0.001100584,0.60001904,0.0
0.9062551,0.001176422,0.6164398,0.0
0.8915384,0.0010799908,0.59083855,0.0
0.9078979,0.0012217454,0.6193693,0.0
0.8893543,0.0010661003,0.5859564,0.0
0.9071806,0.0012408827,0.6103901,0.0
0.9145838,0.0011349384,0.64260286,0.0
0.9019257,0.0010110586,0.6373342,0.0
0.87867963,0.0010129941,0.5855223,0.0
0.9051258,0.0012674661,0.61456996,0.0
0.8822771,0.0010755291,0.56277525,0.0
0.8820399,0.0012887716,0.522425,0.0
0.9069097,0.0014937292,0.5369609,0.0
0.91562456,0.0013857086,0.55184615,0.0
0.9163237,0.0013051414,0.56400186,0.0
0.92430156,0.0012690823,0.60286146,0.0
0.90546215,0.0010979442,0.58671683,0.0
0.9179041,0.0012160597,0.6220853,0.0
0.9145403,0.0010755551,0.6428298,0.0
0.90233624,0.0010045815,0.63764966,0.0
0.8965721,0.0010441849,0.6300562,0.0
0.9045573,0.001091852,0.64712316,0.0
0.8705967,0.0009765552,0.5759282,0.0
0.89720523,0.0013085152,0.58895576,0.0
0.88865614,0.0011807906,0.5528278,0.0
0.9029925,0.0013528566,0.55507773,0.0
0.9064187,0.0013102635,0.5534836,0.0
0.921445,0.0013356854,0.5910237,0.0
0.91174686,0.0011446816,0.595328,0.0
0.90445256,0.0011432944,0.5916494,0.0
0.90803146,0.001183446,0.60407245,0.0
0.89273036,0.0011073457,0.57386583,0.0
0.9036,0.0012558291,0.5815614,0.0
0.9000014,0.0011982841,0.5679221,0.0
0.91463053,0.0012822618,0.59648937,0.0
0.92519146,0.0011768731,0.64577293,0.0
0.922632,0.0010085227,0.68506473,0.0
0.8988107,0.0008817669,0.67003775,0.0
0.872279,0.0009268435,0.61365706,0.0
0.876936,0.0011436355,0.58336854,0.0
0.8792188,0.0012303417,0.54835963,0.0
0.91234785,0.0014104787,0.58931285,0.0
0.7525265,0.0009706221,0.28748828,0.0
0.90938836,0.0037447994,0.39036533,0.0
0.9252835,0.0021536036,0.3924687,0.0
0.9383127,0.0020937554,0.41550916,0.0
0.9452611,0.0018935632,0.45367125,0.0
0.9351423,0.0016207495,0.4580757,0.0
0.9354931,0.0016525567,0.47409245,0.0
0.92097825,0.0015333606,0.44782898,0.0
0.94260734,0.0017643728,0.5004342,0.0
0.9436302,0.0014662606,0.54672366,0.0
0.9362658,0.0012752481,0.57683307,0.0
0.92803097,0.0011822977,0.59434307,0.0
0.8948407,0.0010859512,0.5298214,0.0
0.9131365,0.0014187715,0.53578556,0.0
0.92617357,0.0013811268,0.5640946,0.0
0.92690575,0.0012504454,0.588826,0.0
0.9146833,0.0011433441,0.5839529,0.0
0.9121606,0.0011841629,0.5854041,0.0
0.89886266,0.0011604214,0.5612577,0.0
0.8845651,0.0012474506,0.5054296,0.0
0.9153806,0.0015601122,0.53534144,0.0
0.9264199,0.001383725,0.57273215,0.0
0.92192876,0.0012101034,0.5933455,0.0
0.91846687,0.0011504943,0.6145315,0.0
0.9012856,0.0010669346,0.5962202,0.0
0.9126414,0.0011839176,0.6249789,0.0
0.9122252,0.0010746382,0.64500415,0.0
0.8906661,0.0009878692,0.61196375,0.0
0.89704096,0.0011367847,0.61097634,0.0
0.9093766,0.0011476701,0.63669,0.0
0.906543,0.0010399395,0.64962053,0.0
0.8773674,0.00097028376,0.5937222,0.0
0.8881617,0.0012124729,0.58156204,0.0
0.9116913,0.0012707887,0.61775994,0.0
0.90377456,0.0010835516,0.61592954,0.0
0.9037191,0.0011054415,0.6227019,0.0
0.9032392,0.0010870927,0.6313902,0.0
0.900062,0.0010583512,0.63593966,0.0
0.9005004,0.0010543303,0.6447011,0.0
0.9033166,0.0010377871,0.66119283,0.0
0.89580935,0.0009784846,0.65846956,0.0
0.89267397,0.0009943977,0.65516794,0.0
0.88506067,0.0009989839,0.6367227,0.0
0.9027324,0.0010951629,0.6662596,0.0
0.89548016,0.0009693056,0.66411287,0.0
0.9140561,0.0010150274,0.71820223,0.0
0.9067294,0.00083984376,0.7407888,0.0
0.898848,0.0007949888,0.7527215,0.0
0.8720542,0.0007574811,0.71539783,0.0
0.8599739,0.0008672915,0.67687136,0.0
0.86691296,0.0009919788,0.6596571,0.0
0.8369499,0.0009777442,0.5662762,0.0
0.81950134,0.0013090977,0.44669384,0.0
0.9060862,0.002099846,0.5147685,0.0
0.89876354,0.0014497506,0.48281923,0.0
0.8777241,0.0015146004,0.39730686,0.0
0.8855798,0.0020144877,0.33515647,0.0
0.94191086,0.002590484,0.40606162,0.0
0.9509115,0.0019545252,0.46317586,0.0
0.9478049,0.0016190908,0.51188433,0.0
0.9399277,0.0014008868,0.5476829,0.0
0.9281409,0.0012667945,0.5597501,0.0
0.9124616,0.0012231893,0.539102,0.0
0.92944443,0.0013750792,0.5796691,0.0
0.9150099,0.0011666482,0.5666169,0.0
0.91882944,0.0012503923,0.57679015,0.0
0.8979277,0.0011648646,0.5276113,0.0
0.9170198,0.001427574,0.54298633,0.0
0.91962206,0.0013272655,0.55005306,0.0
0.9309174,0.0013177891,0.5949006,0.0
0.9145976,0.0011118941,0.5916586,0.0
0.92323214,0.0011828502,0.62977886,0.0
0.89252526,0.0010000718,0.58525413,0.0
0.87717927,0.0011807152,0.528075,0.0
0.9060871,0.001477209,0.5502508,0.0
0.9320643,0.0013745533,0.6225095,0.0
0.90428895,0.0010249529,0.5994734,0.0
0.913143,0.0011663879,0.6253483,0.0
0.89420897,0.0010392711,0.5961115,0.0
0.9071358,0.001194034,0.61541104,0.0
0.89959306,0.0010924216,0.6058815,0.0
0.9134534,0.001163524,0.63932896,0.0
0.8684779,0.00096450496,0.5516771,0.0
0.7024855,0.0011307761,0.22910237,0.0
0.8979094,0.00482032,0.3441562,0.0
0.92880493,0.002547893,0.3590356,0.0
0.9298966,0.0022531876,0.34483108,0.0
0.9354952,0.0022703684,0.34210664,0.0
0.9317891,0.0022108583,0.32184878,0.0
0.9516738,0.0024529283,0.3626064,0.0
0.9316411,0.002036586,0.3255529,0.0
0.9475296,0.0024083406,0.35133237,0.0
0.9436708,0.0021553999,0.35045356,0.0
0.9429246,0.002161526,0.34887785,0.0
0.91882807,0.0021042177,0.28121653,0.0
0.9425731,0.0027611328,0.29394284,0.0
0.95919734,0.0026471298,0.3380866,0.0
0.9694282,0.0023268778,0.412592,0.0
0.9539363,0.0017823972,0.43077472,0.0
0.9456356,0.001720662,0.43965447,0.0
0.94482285,0.0017017507,0.45875737,0.0
0.9375898,0.0015922815,0.46195012,0.0
0.93850726,0.0016085227,0.47640553,0.0
0.9356055,0.0015372002,0.4846733,0.0
0.9354934,0.00151342,0.4991218,0.0
0.9388404,0.0014713123,0.5301307,0.0
0.934901,0.0013382393,0.5540524,0.0
0.9292719,0.0012525227,0.5711044,0.0
0.923909,0.0012028383,0.5843574,0.0
0.9079618,0.0011448748,0.56125766,0.0
0.91567487,0.0012733203,0.5739733,0.0
0.9073356,0.0011952969,0.56000537,0.0
0.926476,0.0013066683,0.61201656,0.0
0.91454,0.0010793876,0.62032366,0.0
0.89555264,0.0010513153,0.5912571,0.0
0.92153823,0.0012331553,0.6475505,0.0
0.8920755,0.00096356036,0.60925287,0.0
0.88190156,0.0011096783,0.56927145,0.0
0.9022787,0.0013043302,0.583426,0.0
0.90209085,0.0012042291,0.57918066,0.0
0.90901506,0.0012284023,0.5935731,0.0
0.89943635,0.0011493601,0.577618,0.0
0.9057865,0.0012336306,0.5853559,0.0
0.90953904,0.0012004751,0.5978525,0.0
0.9056238,0.0011439719,0.5979927,0.0
0.89725685,0.0011366945,0.5795924,0.0
0.90307075,0.0012284135,0.5813019,0.0
0.91260964,0.0012279189,0.60503,0.0
0.88375294,0.0010797532,0.5459899,0.0
0.9118462,0.0013993387,0.57917726,0.0
0.8596175,0.0011167589,0.45522967,0.0
0.91624194,0.0018911449,0.5002951,0.0
0.8649776,0.001371568,0.3665726,0.0
0.8025336,0.0019718201,0.1841112,0.0
0.9178514,0.004343788,0.24916928,0.0
0.9693595,0.0032969012,0.36574993,0.0
0.96276224,0.0021308411,0.41963816,0.0
0.96013176,0.0018149642,0.48226342,0.0
0.94678926,0.0015006665,0.51109546,0.0
0.9241243,0.0013619381,0.48582888,0.0
0.9405779,0.0015742033,0.53256255,0.0
0.9321587,0.0013280612,0.5447342,0.0
0.92190135,0.0012769654,0.5372368,0.0
0.90935105,0.0013005132,0.5024966,0.0
0.9263789,0.0015075055,0.52285755,0.0
0.9328508,0.0014038063,0.5505137,0.0
0.9277249,0.001273818,0.563629,0.0
0.91316235,0.0012051279,0.54243404,0.0
0.92417943,0.0013422332,0.5682886,0.0
0.91778135,0.0012148647,0.5701557,0.0
0.90133387,0.0011882074,0.53877085,0.0
0.9184644,0.0013889397,0.57217216,0.0
0.91130024,0.0012196546,0.57281077,0.0
0.91527665,0.0012405926,0.5898752,0.0
0.88759094,0.0011181913,0.5312003,0.0
0.9205276,0.0014651489,0.57831997,0.0
0.9130122,0.0012003988,0.57901645,0.0
0.91518235,0.0012154614,0.59602356,0.0
0.89926356,0.0011240336,0.5689984,0.0
0.9182031,0.0012864656,0.60682184,0.0
0.9019374,0.001091048,0.58803433,0.0
0.9007227,0.0011809163,0.5803341,0.0
0.9094768,0.001226701,0.5954249,0.0
0.8224224,0.0010380471,0.40250334,0.0
0.9157279,0.0023564782,0.4730319,0.0
0.9337751,0.00167638,0.5164328,0.0
0.9322225,0.0014292094,0.5443074,0.0
0.9417391,0.0013322646,0.6146708,0.0
0.91924125,0.0010465325,0.6194861,0.0
0.9158033,0.0010781944,0.6384453,0.0
0.89667225,0.0010023444,0.6139068,0.0
0.90143687,0.001122596,0.6168529,0.0
0.89681846,0.001096238,0.60522604,0.0
0.8928538,0.0011375672,0.58349866,0.0
0.8946898,0.0012123621,0.5658086,0.0
0.85400397,0.0011983399,0.4436866,0.0
0.91441405,0.0019658918,0.48608088,0.0
0.9192393,0.0015702234,0.48517042,0.0
0.9348287,0.0015819329,0.529908,0.0
0.9239447,0.001329422,0.5342294,0.0
0.92384017,0.0013445901,0.5520316,0.0
0.9235931,0.00128319,0.5797947,0.0
0.9044637,0.0011580953,0.5548214,0.0
0.9181365,0.0013156714,0.58262527,0.0
0.90185744,0.0011572652,0.5548717,0.0
0.9180197,0.0013280102,0.5816662,0.0
0.88595,0.0011373031,0.509771,0.0
0.91795653,0.0015433917,0.54120773,0.0
0.92366284,0.0013460137,0.5638663,0.0
0.92214394,0.0012430171,0.5813062,0.0
0.9013094,0.0011540045,0.5452486,0.0
0.91260713,0.0013454444,0.5557841,0.0
0.82072777,0.0011206528,0.34996462,0.0
0.87433356,0.0025307266,0.31293368,0.0
0.90604204,0.0026377128,0.28864852,0.0
0.9397969,0.002804435,0.31838098,0.0
0.9634186,0.0025273412,0.39832985,0.0
0.9344351,0.0018193749,0.3643406,0.0
0.9533247,0.0021956954,0.41607806,0.0
0.952929,0.0018403376,0.45703137,0.0
0.9526267,0.0016410588,0.5083629,0.0
0.93299913,0.0013742574,0.50297314,0.0
0.93101513,0.0014504149,0.51175135,0.0
0.938173,0.0014454798,0.54867244,0.0
0.9174573,0.001237832,0.5231337,0.0
0.9152953,0.0013720817,0.5064422,0.0
0.9293201,0.0014795128,0.530536,0.0
0.9382786,0.0013785794,0.57575244,0.0
0.9298159,0.0011861597,0.596641,0.0
0.91619426,0.0011183114,0.5922724,0.0
0.910252,0.0011516098,0.5906775,0.0
0.91744965,0.0011865621,0.61838,0.0
0.90307945,0.0010637479,0.6067076,0.0
0.90039015,0.001129895,0.6008387,0.0
0.90546787,0.0011645107,0.6095944,0.0
0.79769236,0.0009789699,0.38316953,0.0
0.7980117,0.0022430716,0.2430343,0.0
0.92491704,0.003939851,0.33281273,0.0
0.9400568,0.0024842224,0.35020283,0.0
0.95385545,0.0023261986,0.40091872,0.0
0.9449665,0.0019044786,0.41406745,0.0
0.9325763,0.0018160767,0.39645553,0.0
0.93662846,0.0019627193,0.40096465,0.0
0.9249289,0.0018791389,0.3656689,0.0
0.94004494,0.0021720151,0.3802893,0.0
0.95331615,0.0020899954,0.42648298,0.0
0.9603917,0.0018203125,0.4973981,0.0
0.94353753,0.0014271649,0.5145641,0.0
0.9388412,0.0013947794,0.5385848,0.0
0.92963,0.0013051344,0.5433197,0.0
0.9138895,0.0012708475,0.51252156,0.0
0.92266864,0.00144167,0.51798123,0.0
0.92522025,0.0014035602,0.5245736,0.0
0.9101512,0.0013324464,0.49076408,0.0
0.93293387,0.0015699688,0.5378057,0.0
0.92911786,0.0013209747,0.5581666,0.0
0.9218082,0.0012432561,0.5659428,0.0
0.9000661,0.0011930383,0.5212246,0.0
0.9157285,0.0014426761,0.5342527,0.0
0.92115,0.0013639275,0.5517926,0.0
0.9271139,0.0013017909,0.587743,0.0
0.91773653,0.0011548237,0.59929633,0.0
0.90806776,0.0011236608,0.5958817,0.0
0.8903663,0.0011319177,0.5532668,0.0
0.8968567,0.0013271022,0.5343134,0.0
0.9077753,0.0013958886,0.5336938,0.0
0.9272805,0.0014051272,0.5796921,0.0
0.91434556,0.001173841,0.5767209,0.0
0.91351324,0.0012114126,0.5862444,0.0
0.9131932,0.0011835442,0.598192,0.0
0.903817,0.0011284595,0.58741325,0.0
0.9155589,0.0012093246,0.61878294,0.0
0.9045626,0.001071708,0.61229616,0.0
0.9130593,0.0011314746,0.6400213,0.0
0.9036044,0.0010205192,0.6394096,0.0
0.90309596,0.001040189,0.6493352,0.0
0.8975972,0.0010087523,0.6470478,0.0
0.8956257,0.0010262222,0.64483553,0.0
0.88537586,0.0010207898,0.6181551,0.0
0.89252007,0.0011285025,0.6149452,0.0
0.8999841,0.0011346354,0.6238471,0.0
0.8959626,0.0010826329,0.61821705,0.0
0.8959081,0.0011080701,0.61605304,0.0
0.857822,0.0010582372,0.52075446,0.0
0.8963749,0.0015496068,0.5348218,0.0
0.90913707,0.0014071148,0.5457262,0.0
0.8975129,0.0013049812,0.51180667,0.0
0.9109976,0.0014879397,0.5185479,0.0
0.91826195,0.0014377006,0.53351396,0.0
0.9216177,0.0013702926,0.5525396,0.0
0.9110365,0.0012675145,0.5407497,0.0
0.9285244,0.0013795511,0.58936435,0.0
0.9203605,0.0011565374,0.60512966,0.0
0.90682524,0.0010994624,0.5938899,0.0
0.924013,0.0012009356,0.64449,0.0
0.90251756,0.0009829865,0.62694234,0.0
0.90759313,0.0010836208,0.64299595,0.0
0.89677566,0.0010119968,0.62858135,0.0
0.8935344,0.0010718667,0.61410326,0.0
0.9025478,0.0011370572,0.62426054,0.0
0.89887285,0.0010818347,0.6182988,0.0
0.88848233,0.0010917721,0.5914139,0.0
0.9013864,0.001222619,0.6024331,0.0
0.8879037,0.0011337405,0.5669553,0.0
0.8964668,0.0012995354,0.5609067,0.0
0.89497215,0.0012884502,0.5395318,0.0
0.9146355,0.0014080368,0.5690165,0.0
0.9239082,0.0012638503,0.6122473,0.0
0.92405766,0.001110421,0.6557318,0.0
0.8975304,0.0009497717,0.63220215,0.0
0.8966578,0.0010634639,0.6296695,0.0
0.90501183,0.001087994,0.65008104,0.0
0.8969426,0.0010021472,0.643023,0.0
0.89012605,0.0010266158,0.626795,0.0
0.8658513,0.001057012,0.5546456,0.0
0.8927647,0.0013944622,0.5567975,0.0
0.9123717,0.0013519397,0.58415085,0.0
0.9082818,0.0011943686,0.5845382,0.0
0.8938676,0.0011763921,0.5502092,0.0
0.913209,0.0013663298,0.57758904,0.0
0.89065754,0.0011756127,0.5281179,0.0
0.92026514,0.0014682137,0.5755357,0.0
0.9064142,0.0011944406,0.56144243,0.0
0.91344035,0.0012836638,0.5795253,0.0
0.8986303,0.001182063,0.5506928,0.0
0.9294228,0.0013842501,0.6197606,0.0
0.9134262,0.0010594924,0.6216265,0.0
0.9160478,0.0010871193,0.6496819,0.0
0.9104808,0.0009990262,0.6647945,0.0
0.9099924,0.0009714928,0.68655026,0.0
0.883151,0.0008820853,0.64665365,0.0
0.8897483,0.001051006,0.64389527,0.0
0.8997591,0.0010604217,0.66142154,0.0
0.91103435,0.0010102228,0.7007827,0.0
0.89514256,0.0008699852,0.6941923,0.0
0.89299023,0.00091109204,0.6985456,0.0
0.87710446,0.00088598503,0.67074347,0.0
0.884626,0.0009979911,0.6717983,0.0
0.8902346,0.0009884916,0.6811642,0.0
0.9017021,0.0009674212,0.7134219,0.0
0.8633665,0.00082441163,0.65170467,0.0
0.8738053,0.0010635308,0.6414927,0.0
0.8322633,0.0010091896,0.5280464,0.0
0.8726425,0.0015569036,0.51660264,0.0
0.8943515,0.0015220565,0.51189804,0.0
0.9261699,0.0015512726,0.57308257,0.0
0.93090975,0.0012414802,0.6287617,0.0
0.92720497,0.0010527507,0.6776763,0.0
0.9003674,0.0008964989,0.66539145,0.0
0.88500696,0.00095410214,0.6401224,0.0
0.8863565,0.0010542591,0.6281697,0.0
0.876874,0.0010701459,0.5871688,0.0
0.899472,0.0012569235,0.6036321,0.0
0.8919815,0.0011330332,0.5790161,0.0
0.91310734,0.0012703348,0.61447865,0.0
0.864938,0.0010348262,0.5104007,0.0
0.91984165,0.0016385298,0.57552326,0.0
0.92041963,0.0012422343,0.59738153,0.0
0.9120105,0.001147422,0.6020042,0.0
0.9144988,0.0011432213,0.6254281,0.0
0.8852458,0.0010243271,0.57716453,0.0
0.8910353,0.001242127,0.5631925,0.0
0.90300304,0.001297025,0.57065505,0.0
0.8724682,0.0011856958,0.48510295,0.0
0.862368,0.0015461246,0.38778204,0.0
0.9288995,0.0022821692,0.44866645,0.0
0.9405336,0.0017426693,0.4907846,0.0
0.9457348,0.0015319188,0.55007744,0.0
0.93741435,0.0012660263,0.5895098,0.0
0.9328523,0.0011519289,0.63313866,0.0
0.91335833,0.0010067055,0.63180846,0.0
0.8828097,0.001006122,0.57179695,0.0
0.89326984,0.0012745543,0.5555284,0.0
0.9107255,0.0013418997,0.5741688,0.0
0.9089455,0.0012294542,0.5701013,0.0
0.90397775,0.0012360327,0.5523755,0.0
0.9048229,0.0013047056,0.5378612,0.0
0.9265551,0.0014014081,0.5830237,0.0
0.9102606,0.0011554587,0.56907195,0.0
0.9238029,0.0012692105,0.6105595,0.0
0.9095389,0.001081871,0.6064556,0.0
0.8956438,0.0011034288,0.58295846,0.0
0.88117296,0.0011775293,0.5346916,0.0
0.9071436,0.0014492383,0.5548955,0.0
0.9150873,0.0013259525,0.5730312,0.0
0.92116547,0.0012531407,0.60334074,0.0
0.9032371,0.0011001521,0.58215344,0.0
0.91765124,0.001230953,0.61575836,0.0
0.920735,0.0011056948,0.6513511,0.0
0.90899944,0.0009818941,0.6599719,0.0
0.88678205,0.00094785035,0.62617207,0.0
0.86645347,0.0010580149,0.5593989,0.0
0.897248,0.0013728541,0.5746018,0.0
0.90654594,0.0012572969,0.585959,0.0
0.82904816,0.0010717511,0.40936914,0.0
0.9054569,0.0022415102,0.44608858,0.0
0.92126966,0.0017930247,0.45397913,0.0
0.93354005,0.0017264797,0.48296833,0.0
0.9109474,0.0014815844,0.43640125,0.0
0.9354165,0.0018333559,0.47843874,0.0
0.9458918,0.0015997193,0.5425554,0.0
0.92716146,0.0012707349,0.5458137,0.0
0.9221765,0.0012949574,0.5540632,0.0
0.91431886,0.0012623257,0.54521185,0.0
0.91132116,0.0013016609,0.534347,0.0
0.9248594,0.0013832909,0.5628594,0.0
0.915703,0.0012284522,0.55501235,0.0
0.91865313,0.0012867354,0.56408036,0.0
0.9151264,0.0012400254,0.5633526,0.0
0.9278327,0.0012787238,0.60707825,0.0
0.89586097,0.0010536648,0.55596393,0.0
0.8969197,0.0012899784,0.530585,0.0
0.89605796,0.0013709929,0.5005936,0.0
0.9094264,0.0015259794,0.49808717,0.0
0.9266517,0.0015434189,0.53213966,0.0
0.9199657,0.0013406472,0.53469217,0.0
0.92478216,0.0013560082,0.5622506,0.0
0.90792584,0.0012157359,0.53918064,0.0
0.9021419,0.001323702,0.5106475,0.0
0.9227001,0.0014959936,0.5415878,0.0
0.92634803,0.0013342662,0.5692975,0.0
0.9185858,0.0012090886,0.57669514,0.0
0.9144584,0.0012004575,0.5823964,0.0
0.9114782,0.0011876754,0.5845162,0.0
0.90882194,0.00118176,0.58347416,0.0
0.9226487,0.0012221045,0.62526906,0.0
0.9072943,0.0010417188,0.61775756,0.0
0.9110412,0.0011031355,0.6349437,0.0
0.9110715,0.0010475505,0.654648,0.0
0.90504134,0.0009860742,0.66323787,0.0
0.8814641,0.0009445999,0.6221843,0.0
0.8779762,0.0010976491,0.5889545,0.0
0.8888658,0.0012247091,0.5775431,0.0
0.91064996,0.0012787922,0.61078763,0.0
0.9121062,0.0011242072,0.6321249,0.0
0.89524084,0.001027529,0.61270297,0.0
0.89079076,0.0011139627,0.59641117,0.0
0.90802664,0.0012071074,0.6260796,0.0
0.8930502,0.0010525637,0.6034078,0.0
0.9129334,0.0011892483,0.6458211,0.0
0.89843184,0.0010002145,0.6367904,0.0
0.9114185,0.0010741326,0.67606574,0.0
0.90281653,0.00093419704,0.6859034,0.0
0.88084567,0.0008973105,0.65142936,0.0
0.8952915,0.0010501966,0.6689671,0.0
0.8877731,0.0009636654,0.6558283,0.0
0.89849406,0.0010274115,0.67447835,0.0
0.88618284,0.0009438575,0.6554168,0.0
0.8911614,0.0010220633,0.6598068,0.0
0.89562863,0.0010092374,0.6720673,0.0
0.8422272,0.00089648884,0.55996674,0.0
0.8125675,0.0012908833,0.41810626,0.0
0.88425744,0.0021896812,0.42542198,0.0
0.8961413,0.0018814259,0.38752308,0.0
0.8325292,0.0018363061,0.21846414,0.0
0.9522009,0.0040843156,0.35633308,0.0
0.9485422,0.0022292905,0.3792758,0.0
0.9474934,0.0020844608,0.4021027,0.0
0.9551495,0.0019562535,0.45940632,0.0
0.95321673,0.0016354668,0.51374036,0.0
0.9452451,0.0013964017,0.5539232,0.0
0.9330177,0.0012422944,0.571609,0.0
0.9332852,0.0012171937,0.60728127,0.0
0.9268233,0.0010983164,0.6307562,0.0
0.88608426,0.000977725,0.55467,0.0
0.87670857,0.0012992937,0.4801344,0.0
0.9146654,0.0017110218,0.4955262,0.0
0.90309036,0.0014932797,0.441269,0.0
0.93384033,0.0018329662,0.4808286,0.0
0.9318681,0.0015293208,0.49409673,0.0
0.9364316,0.001500104,0.5289491,0.0
0.90623665,0.0012841907,0.47806814,0.0
0.9219691,0.00161899,0.49797428,0.0
0.92735445,0.0015099933,0.51806307,0.0
0.9079717,0.0013610369,0.4796555,0.0
0.93164134,0.001628918,0.5242353,0.0
0.90498686,0.0013171221,0.47175747,0.0
0.9269922,0.0016637605,0.4981268,0.0
0.91910976,0.0014622096,0.48137787,0.0
0.91708297,0.0015329226,0.46238378,0.0
0.89465004,0.0015561342,0.38016444,0.0
0.95108145,0.0022533813,0.47339198,0.0
0.9270508,0.001504472,0.44764543,0.0
0.9309768,0.0016857648,0.45526212,0.0
0.92871016,0.00164334,0.45185575,0.0
0.93829226,0.0016989704,0.48251212,0.0
0.9304896,0.0015132604,0.48293918,0.0
0.9333959,0.0015349534,0.5017897,0.0
0.9372674,0.0014681213,0.5351089,0.0
0.91526157,0.0012786625,0.5050622,0.0
0.9346906,0.0015020928,0.55186,0.0
0.9368468,0.0012859709,0.5968835,0.0
0.9269724,0.0011178844,0.62013817,0.0
0.90434855,0.0010323186,0.5938336,0.0
0.89526206,0.0011467108,0.56359273,0.0
0.9221758,0.0013264836,0.61137587,0.0
0.92134047,0.0011100359,0.640371,0.0
0.8498605,0.0009261575,0.49951586,0.0
0.89069104,0.001644148,0.4986756,0.0
0.8859825,0.0015002665,0.43803573,0.0
0.8433065,0.0016595558,0.28791294,0.0
0.896736,0.002909704,0.27212524,0.0
0.9103917,0.0027912308,0.23935935,0.0
0.9314848,0.0030938284,0.24156189,0.0
0.95238465,0.0030965675,0.27954435,0.0
0.9581484,0.0027162319,0.3164063,0.0
0.97192574,0.002494157,0.40592596,0.0
0.9527728,0.0018213611,0.42124167,0.0
0.9550104,0.0018206913,0.46804386,0.0
0.92311597,0.0015013478,0.41483554,0.0
0.9268219,0.0018425658,0.394637,0.0
0.94275934,0.0019898638,0.4167039,0.0
0.94468933,0.0018210332,0.43324974,0.0
0.94123083,0.0017236028,0.43888345,0.0
0.9466706,0.0017306374,0.46885413,0.0
0.9502703,0.001594144,0.5163086,0.0
0.94335383,0.0013809338,0.5480855,0.0
0.9209688,0.0012352851,0.52504605,0.0
0.922875,0.0013777587,0.53011507,0.0
0.93851453,0.0013994116,0.58760566,0.0
0.92657447,0.0011457476,0.60638523,0.0
0.9284784,0.001118714,0.6502771,0.0
0.903182,0.00095762894,0.63009304,0.0
0.90775204,0.0010744664,0.64523864,0.0
0.89426327,0.0010030356,0.6228901,0.0
0.8954154,0.0010899535,0.6148968,0.0
0.90584356,0.0011337384,0.63197714,0.0
0.8756718,0.0010140368,0.56850237,0.0
0.89189774,0.0013045152,0.5637183,0.0
0.89962786,0.0012915095,0.56039345,0.0
0.9175129,0.0013194985,0.5991505,0.0
0.88929415,0.0011040559,0.5497722,0.0
0.9168558,0.0013899963,0.59455407,0.0
0.90303624,0.0011428499,0.5796536,0.0
0.9086215,0.001226823,0.5917659,0.0
0.92348564,0.0012090863,0.6455671,0.0
0.89447445,0.0009736947,0.6136715,0.0
0.9008279,0.0011301031,0.62052864,0.0
0.8998862,0.0010956199,0.6193807,0.0
0.8810627,0.0010733455,0.5693336,0.0
0.8669458,0.0012416407,0.49401626,0.0
0.89677715,0.0016278122,0.48691007,0.0
0.9258496,0.0016408735,0.52980083,0.0
0.92811,0.001377339,0.5589215,0.0
0.9241324,0.0012631993,0.57950985,0.0
0.9300175,0.0012180055,0.6304958,0.0
0.9195832,0.0010363245,0.6539966,0.0
0.9028693,0.0009679537,0.6473552,0.0
0.9083076,0.0010312905,0.6706609,0.0
0.90361524,0.00095404394,0.68216044,0.0
0.87081116,0.0008897065,0.620365,0.0
0.8907244,0.0011555406,0.6282866,0.0
0.8910897,0.001086981,0.6171911,0.0
0.9047463,0.0011385581,0.63757056,0.0
0.8798219,0.0010121866,0.5858057,0.0
0.8913768,0.0012375443,0.57733375,0.0
0.9070231,0.0012665172,0.59718174,0.0
0.91066575,0.0011664751,0.6178771,0.0
0.86030614,0.001018488,0.5145608,0.0
0.8997155,0.0015705731,0.5367366,0.0
0.9135654,0.0014005924,0.55831563,0.0
0.9040692,0.001260409,0.5414328,0.0
0.8861922,0.0013021984,0.4815118,0.0
0.92792046,0.0016984801,0.5419372,0.0
0.90465844,0.0012791052,0.5004515,0.0
0.9138627,0.0015133367,0.49931625,0.0
0.93095404,0.0015334346,0.539317,0.0
0.93423414,0.0013363333,0.58138263,0.0
0.9167205,0.0011544954,0.5768694,0.0
0.92290837,0.0012243174,0.6080924,0.0
0.8990517,0.0010742999,0.5722899,0.0
0.89831823,0.0012336146,0.55091494,0.0
0.91910017,0.0013517556,0.58560205,0.0
0.8982963,0.0011472146,0.5467897,0.0
0.908074,0.0013451331,0.54695696,0.0
0.91859937,0.0013417298,0.5673262,0.0
0.926131,0.0012562919,0.6083095,0.0
0.8858933,0.0010406462,0.53739005,0.0
0.85627353,0.001325853,0.42273098,0.0
0.9186529,0.0021002537,0.46966064,0.0
0.92372787,0.0016511525,0.4766941,0.0
0.9379759,0.0016299387,0.5242935,0.0
0.9295755,0.0013595292,0.54233426,0.0
0.86781967,0.0011938061,0.4071487,0.0
0.93554205,0.0021735304,0.48748294,0.0
0.9172634,0.0014873836,0.4542426,0.0
0.9258165,0.0017065317,0.45797852,0.0
0.93558925,0.001692329,0.483525,0.0
0.9326731,0.0015378578,0.49607238,0.0
0.9490718,0.0015293102,0.5740173,0.0
0.93623114,0.0011765473,0.6070666,0.0
0.91855127,0.0010759098,0.6077867,0.0
0.91334695,0.0011031352,0.61293715,0.0
0.9069306,0.0010925789,0.6070386,0.0
0.9036876,0.0011193048,0.5981603,0.0
0.8964207,0.0011348802,0.5748514,0.0
0.9079978,0.001247943,0.5881538,0.0
0.9178058,0.001202316,0.6185947,0.0
0.9018749,0.0010606045,0.6013837,0.0
0.89400196,0.0011342568,0.5760307,0.0
0.90236694,0.0012510782,0.57665926,0.0
0.8982439,0.0012170537,0.56220025,0.0
0.89144987,0.0012551377,0.52773124,0.0
0.9019733,0.0014142168,0.521993,0.0
0.88746476,0.0013751138,0.46404043,0.0
0.9209897,0.0017474359,0.49856162,0.0
0.9093659,0.0014543032,0.46915996,0.0
0.93267214,0.0016825428,0.51288843,0.0
0.9207585,0.0014007209,0.50290203,0.0
0.92677844,0.0014831459,0.52212286,0.0
0.92842937,0.0013932111,0.54473656,0.0
0.91876894,0.0012861001,0.54113734,0.0
0.9140224,0.0013104549,0.5330866,0.0
0.9331179,0.0014060807,0.5879835,0.0
0.9218413,0.0011518819,0.5989996,0.0
0.91769004,0.001134325,0.6119505,0.0
0.9062187,0.0010848742,0.6010965,0.0
0.8949639,0.0011237107,0.5708094,0.0
0.8983967,0.0012520994,0.5543434,0.0
0.9276422,0.0013653369,0.6160552,0.0
0.9189001,0.0010803342,0.6354395,0.0
0.9014719,0.0010138766,0.6209654,0.0
0.8986244,0.0010888345,0.6168299,0.0
0.90378976,0.0011145121,0.62818664,0.0
0.9006436,0.0010696085,0.6298433,0.0
0.8795212,0.0010355052,0.5808835,0.0
0.90534955,0.0012810219,0.61097157,0.0
0.8991247,0.0011135212,0.6030351,0.0
0.9022396,0.0011539505,0.6082589,0.0
0.8914608,0.0011116876,0.5833941,0.0
0.9097855,0.001250069,0.613963,0.0
0.8992477,0.0010929994,0.6008927,0.0
0.8965132,0.00114708,0.5890834,0.0
0.9082302,0.0012152451,0.60920745,0.0
0.9044858,0.0011188062,0.6118209,0.0
0.9089787,0.0011268657,0.63250357,0.0
0.9046813,0.0010520692,0.6410737,0.0
0.88851506,0.0010127102,0.6118178,0.0
0.9056859,0.0011598531,0.6381467,0.0
0.8971087,0.0010347884,0.6298316,0.0
0.8988694,0.0010792313,0.6335617,0.0
0.88702905,0.0010431258,0.6058855,0.0
0.8964154,0.0011672388,0.6087216,0.0
0.898442,0.0011422923,0.6090737,0.0
0.8978726,0.0011321716,0.60448754,0.0
0.8991046,0.0011434905,0.6034618,0.0
0.8049989,0.0010265515,0.394347,0.0
0.8797081,0.0023632206,0.39202926,0.0
0.9119742,0.002151577,0.3893865,0.0
0.9394652,0.0021061553,0.43490353,0.0
0.93932927,0.001738593,0.45972046,0.0
0.9379733,0.0016293621,0.48356134,0.0
0.93539304,0.0015253003,0.50518435,0.0
0.93512595,0.0014489599,0.5331441,0.0
0.93014055,0.0013338749,0.55170745,0.0
0.92955923,0.0012830031,0.5792158,0.0
0.9301088,0.0011964729,0.61494035,0.0
0.9291827,0.0010890245,0.6553447,0.0
0.9152312,0.0009604388,0.66399604,0.0
0.88104916,0.0009156891,0.60248697,0.0
0.892504,0.0011744295,0.5915903,0.0
0.90532327,0.0012064469,0.6000659,0.0
0.9195741,0.0011764781,0.63841254,0.0
0.9122968,0.0010200096,0.65130395,0.0
0.9171581,0.0010121322,0.69369894,0.0
0.90673614,0.00088693993,0.7101092,0.0
0.90335315,0.0008652943,0.731041,0.0
0.90158147,0.00082401914,0.7523971,0.0
0.8795378,0.0007598389,0.7292095,0.0
0.8653895,0.0008329198,0.6958918,0.0
0.85724163,0.0009227604,0.65535694,0.0
0.88564324,0.0010862094,0.6798042,0.0
0.867558,0.00093573035,0.63779736,0.0
0.8737798,0.0010936301,0.61959803,0.0
0.8769071,0.0011335303,0.5969911,0.0
0.8927868,0.0012200526,0.6043284,0.0
0.8915307,0.0011517602,0.5933065,0.0
0.89424825,0.0011866189,0.5907131,0.0
0.8527814,0.0011154665,0.48391515,0.0
0.89120215,0.0017128504,0.48469242,0.0
0.90256,0.0016083674,0.47057113,0.0
0.9091321,0.0016346908,0.456581,0.0
0.89844275,0.0016461101,0.39933074,0.0
0.927089,0.0020487239,0.41874197,0.0
0.9470187,0.0019129681,0.47626767,0.0
0.9348656,0.001529358,0.48125398,0.0
0.932187,0.0015331147,0.49165112,0.0
0.9386786,0.0015187903,0.5298535,0.0
0.93242985,0.0013377353,0.5502198,0.0
0.92158,0.0012586418,0.5470603,0.0
0.9022509,0.0012546737,0.50021464,0.0
0.91658014,0.001512404,0.50273347,0.0
0.9174042,0.0014594427,0.4925903,0.0
0.93233407,0.0015389426,0.52504313,0.0
0.9224745,0.0013462377,0.51870716,0.0
0.89103496,0.001326496,0.43480992,0.0
0.93449366,0.0019000908,0.49224374,0.0
0.93417597,0.0015008657,0.5153846,0.0
0.9170163,0.0013592691,0.49170545,0.0
0.9174367,0.0015007138,0.48281598,0.0
0.93568903,0.0015909879,0.53100705,0.0
0.92186093,0.0013155937,0.52591646,0.0
0.92342556,0.0013837692,0.5378064,0.0
0.911664,0.001307472,0.51632535,0.0
0.91840965,0.0014280487,0.5218523,0.0
0.9308268,0.0014218228,0.55950683,0.0
0.9282922,0.0012521367,0.5851962,0.0
0.9216744,0.0011607293,0.60057664,0.0
0.9105775,0.0011122553,0.59627444,0.0
0.91747427,0.0011656649,0.6230861,0.0
0.8966946,0.0010375575,0.59228265,0.0
0.9061892,0.0011943993,0.60191953,0.0
0.9074905,0.0011464293,0.6088054,0.0
0.89298713,0.0010953827,0.58009493,0.0
0.91396546,0.0012609712,0.6157457,0.0
0.90302306,0.0010845625,0.6069271,0.0
0.90435505,0.0011343203,0.61335635,0.0
0.89775217,0.0011003718,0.60280794,0.0
0.90438664,0.0011582256,0.6138001,0.0
0.8996013,0.0011072952,0.6083766,0.0
0.9075515,0.0011488057,0.6287123,0.0
0.89899844,0.001054021,0.6233852,0.0
0.89351285,0.0010787749,0.6115326,0.0
0.8994661,0.0011358692,0.6173276,0.0
0.90191096,0.0011105966,0.62413305,0.0
0.894045,0.0010704111,0.6090857,0.0
0.87790716,0.0011069272,0.5585193,0.0
0.90554434,0.0013617872,0.5837625,0.0
0.9034526,0.0011984856,0.5805381,0.0
0.9135916,0.0012340781,0.60672736,0.0
0.90395933,0.0011112043,0.6007329,0.0
0.9169907,0.0011780312,0.6415139,0.0
0.8928374,0.0009922866,0.6101071,0.0
0.90110344,0.0011449265,0.6198367,0.0
0.890239,0.0010813242,0.5942982,0.0
0.9022931,0.0012053553,0.6064415,0.0
0.9034898,0.001141812,0.6110905,0.0
0.90952307,0.0011313942,0.63243717,0.0
0.89694405,0.0010365144,0.6173919,0.0
0.9071341,0.0011228257,0.6402445,0.0
0.8931774,0.0010171339,0.6207095,0.0
0.9037452,0.0011201354,0.63937515,0.0
0.8778868,0.0010024578,0.5855192,0.0
0.8830025,0.0012325699,0.559495,0.0
0.90286964,0.0013446078,0.57487595,0.0
0.90980387,0.0012523669,0.59024394,0.0
0.9058564,0.0011695634,0.59087664,0.0
0.91011846,0.0011862736,0.6067196,0.0
0.89868385,0.0011070837,0.59045386,0.0
0.90275455,0.0011917339,0.5921108,0.0
0.9138792,0.0011988812,0.622544,0.0
0.76445407,0.00091266626,0.33548862,0.0
0.88950294,0.0031513115,0.3839591,0.0
0.8979788,0.0022046282,0.331683,0.0
0.9316693,0.0025881615,0.35036266,0.0
0.95169723,0.002296168,0.40255666,0.0
0.95870686,0.001950629,0.47115985,0.0
0.95178515,0.001581737,0.52050865,0.0
0.9436276,0.0013770235,0.56062305,0.0
0.9242169,0.0012069701,0.5552196,0.0
0.9323354,0.0012925763,0.5972482,0.0
0.90888005,0.0010942785,0.570477,0.0
0.9154504,0.001248873,0.58078927,0.0
0.9126094,0.0011932346,0.57814384,0.0
0.91486406,0.0012124183,0.5847203,0.0
0.9213534,0.0012003821,0.60974175,0.0
0.9180308,0.0011020295,0.6251547,0.0
0.90085274,0.0010360584,0.6013263,0.0
0.90415996,0.001151485,0.6011928,0.0
0.8960285,0.0011291147,0.5840765,0.0
0.91623056,0.0012417985,0.62736475,0.0
0.8881841,0.0010200833,0.5857771,0.0
0.8957715,0.0012205591,0.5837895,0.0
0.90487975,0.0012257276,0.5966075,0.0
0.9141851,0.0011803947,0.6273656,0.0
0.9027042,0.001048836,0.622402,0.0
0.90982574,0.0011024807,0.64762855,0.0
0.89751095,0.0009981663,0.6386972,0.0
0.901183,0.0010533746,0.6497136,0.0
0.8869586,0.0009961984,0.62459254,0.0
0.8942157,0.0011088506,0.62707824,0.0
0.8862924,0.0010715956,0.60253906,0.0
0.8948247,0.0011744667,0.6022001,0.0
0.90992755,0.0011847643,0.6325887,0.0
0.9193524,0.0010778431,0.67963904,0.0
0.8922457,0.0008970771,0.65458554,0.0
0.90236676,0.0010314174,0.67876166,0.0
0.8576429,0.0008883179,0.59197533,0.0
0.8621872,0.0012247324,0.5412133,0.0
0.8327875,0.0013245728,0.41252288,0.0
0.89289707,0.0021530988,0.41793773,0.0
0.8508155,0.0017696198,0.2754925,0.0
0.9278822,0.0031773096,0.3263079,0.0
0.96537906,0.002588611,0.4354191,0.0
0.95491993,0.0017408932,0.4837069,0.0
0.9523527,0.0015325322,0.54604405,0.0
0.92933375,0.0012468358,0.54517,0.0
0.9159447,0.0012736402,0.52857864,0.0
0.9216835,0.00138134,0.53923154,0.0
0.9246869,0.0013386258,0.555767,0.0
0.91905195,0.0012614573,0.5552638,0.0
0.93061167,0.0013079777,0.595545,0.0
0.9154535,0.0011199105,0.58598584,0.0
0.92455584,0.0011971318,0.6191431,0.0
0.90960026,0.0010529442,0.60718685,0.0
0.9095977,0.0011200955,0.6119266,0.0
0.91023535,0.0011093036,0.62222224,0.0
0.89948905,0.0010598536,0.60969085,0.0
0.90279657,0.0011297157,0.61639225,0.0
0.8950924,0.0010903073,0.60609186,0.0
0.8988803,0.0011475874,0.60989165,0.0
0.9102448,0.0011518599,0.63837403,0.0
0.8973593,0.0010222963,0.6262941,0.0
0.8903064,0.0010753068,0.60637546,0.0
0.89643186,0.001158237,0.6067701,0.0
0.89685386,0.001141346,0.602915,0.0
0.89157295,0.0011401861,0.5835976,0.0
0.9023161,0.001234877,0.5933222,0.0
0.8998485,0.0011730513,0.58698857,0.0
0.9230189,0.0012429708,0.64668024,0.0
0.88256115,0.00095167634,0.585433,0.0
0.9130828,0.0012752956,0.63313985,0.0
0.89860815,0.001033949,0.61987275,0.0
0.8990299,0.0010995902,0.6201324,0.0
0.8866819,0.0010780948,0.5878877,0.0
0.9016621,0.0012307632,0.6008624,0.0
0.89479655,0.0011384466,0.5819892,0.0
0.8948067,0.0012109091,0.5659963,0.0
0.91067594,0.0012975199,0.5889784,0.0
0.9169216,0.0011961397,0.6172309,0.0
0.91178113,0.0010851426,0.63111585,0.0
0.9092288,0.0010540219,0.64699155,0.0
0.90617615,0.001013047,0.66054404,0.0
0.8674916,0.00092920184,0.58513945,0.0
0.89298254,0.0012767055,0.5960453,0.0
0.903938,0.0012025596,0.6103963,0.0
0.89925706,0.0011189488,0.603794,0.0
0.89540887,0.0011371784,0.58846635,0.0
0.8974423,0.0011952142,0.5813593,0.0
0.9146262,0.0012497992,0.61582845,0.0
0.900577,0.0010755205,0.60148644,0.0
0.91069716,0.0011674745,0.627017,0.0
0.90431684,0.0010605667,0.6310414,0.0
0.9059721,0.0010675244,0.64680505,0.0
0.89935637,0.00101008,0.6476094,0.0
0.88945097,0.0010085729,0.6307902,0.0
0.89820457,0.0010905303,0.64227104,0.0
0.88065124,0.0010113539,0.6020574,0.0
0.8942004,0.0011889061,0.6049172,0.0
0.89687616,0.001151193,0.6004673,0.0
0.90731907,0.0011781543,0.6202802,0.0
0.9052028,0.0010906385,0.63036555,0.0
0.89350796,0.0010470962,0.6130848,0.0
0.8994973,0.0011329219,0.619809,0.0
0.8933665,0.0010874175,0.6062384,0.0
0.90090674,0.0011577078,0.6164532,0.0
0.9014555,0.0011112158,0.6224389,0.0
0.8912804,0.0010755819,0.6011173,0.0
0.90254295,0.0011847024,0.6159901,0.0
0.9091961,0.001126216,0.6391644,0.0
0.8888885,0.0010084249,0.60672677,0.0
0.90707844,0.0011781994,0.6359868,0.0
0.89283794,0.0010286972,0.6147176,0.0
0.90388894,0.0011383215,0.63368416,0.0
0.9035303,0.0010578883,0.6437624,0.0
0.8911663,0.0010128685,0.62578857,0.0
0.89079195,0.0010879547,0.61574036,0.0
0.8840029,0.0011086001,0.5865608,0.0
0.9062776,0.0012562409,0.6153075,0.0
0.8917935,0.0010866986,0.5878104,0.0
0.9087494,0.0012305703,0.61593753,0.0
0.90667963,0.0011040263,0.62597686,0.0
0.8897629,0.0010493338,0.5962826,0.0
0.9001112,0.0011948887,0.6043318,0.0
0.89617133,0.0011364445,0.5924902,0.0
0.90955305,0.0012052682,0.6192939,0.0
0.88964057,0.0010587688,0.58358026,0.0
0.91407114,0.0012601351,0.62639886,0.0
0.8975053,0.0010418585,0.6083393,0.0
0.8956377,0.0011350967,0.59715337,0.0
0.89381313,0.001168967,0.58117545,0.0
0.9087697,0.0012489568,0.60294485,0.0
0.9135078,0.001147424,0.62712806,0.0
0.89327544,0.0010364775,0.5973543,0.0
0.90122753,0.001181469,0.60376066,0.0
0.89983755,0.0011386661,0.60025674,0.0
0.90611804,0.0011649318,0.6131888,0.0
0.87130594,0.0010556126,0.5342782,0.0
0.901023,0.0014772855,0.5463751,0.0
0.8982315,0.0013415405,0.5206374,0.0
0.9014236,0.0014373475,0.5006463,0.0
0.9221512,0.0015543553,0.53123695,0.0
0.89807814,0.0013147038,0.47700453,0.0
0.9245742,0.0016667976,0.5100353,0.0
0.9347366,0.0014774668,0.55669,0.0
0.9250294,0.001254126,0.57032037,0.0
0.90881276,0.0011902078,0.5506926,0.0
0.91610456,0.0013139274,0.5649556,0.0
0.910654,0.0012369719,0.5589065,0.0
0.9194454,0.0012898911,0.58204556,0.0
0.92520416,0.0012037236,0.61836934,0.0
0.9124406,0.0010597123,0.6202543,0.0
0.8947225,0.0010503927,0.5882536,0.0
0.9269601,0.0012543082,0.65912634,0.0
0.92208475,0.000972627,0.695106,0.0
0.9121656,0.0008803251,0.7166493,0.0
0.89796555,0.00083181745,0.71551895,0.0
0.90046936,0.00086549344,0.7354696,0.0
0.8848913,0.00080184854,0.72098815,0.0
0.8760298,0.0008481949,0.7013584,0.0
0.8816518,0.00091987755,0.7029564,0.0
0.86849064,0.0008886544,0.6698295,0.0
0.87022674,0.0009952143,0.6480147,0.0
0.88098913,0.0010671596,0.6458437,0.0
0.88698,0.0010604585,0.6479265,0.0
0.8771481,0.0010225689,0.6203962,0.0
0.87252426,0.0011176368,0.58636427,0.0
0.8994032,0.0012810036,0.61642224,0.0
0.8965408,0.0011139537,0.615724,0.0
0.8928012,0.0011114399,0.6083938,0.0
0.8854886,0.0011282895,0.58521795,0.0
0.9119273,0.0012704824,0.63170797,0.0
0.8858191,0.0010207763,0.58875513,0.0
0.90341926,0.0012354667,0.60852337,0.0
0.9046445,0.0011347289,0.6165217,0.0
0.8927596,0.0010823346,0.5918169,0.0
0.9059939,0.0012095529,0.60939866,0.0
0.8999697,0.0011125696,0.60047376,0.0
0.90137863,0.0011544721,0.5990668,0.0
0.90044874,0.00115226,0.594182,0.0
0.89753276,0.0011644362,0.5813689,0.0
0.86393017,0.0011564528,0.48467544,0.0
0.9131779,0.0017271222,0.5256681,0.0
0.91993,0.0014237893,0.54373866,0.0
0.9171835,0.001321779,0.55106616,0.0
0.9198208,0.0013007496,0.5697535,0.0
0.9142174,0.0012194731,0.5735458,0.0
0.8891049,0.0011716384,0.515485,0.0
0.9043409,0.0014741335,0.5104958,0.0
0.90239424,0.0014386099,0.47956276,0.0
0.9150728,0.001593796,0.47966138,0.0
0.93534553,0.0016191751,0.527918,0.0
0.91827154,0.0013251783,0.5107965,0.0
0.93370664,0.001470223,0.55769163,0.0
0.9275063,0.0012472568,0.57844895,0.0
0.92484134,0.001194548,0.6030762,0.0
0.9032933,0.0010858144,0.574425,0.0
0.8925155,0.001200861,0.533934,0.0
0.8041688,0.0012181806,0.3167123,0.0
0.9275001,0.0031105748,0.42083132,0.0
0.9280626,0.0018538985,0.41426083,0.0
0.9493808,0.0019401498,0.4765076,0.0
0.9386335,0.0015257433,0.49216753,0.0
0.9300507,0.0014701476,0.4942495,0.0
0.9343706,0.0014997924,0.5210314,0.0
0.9347623,0.0013896773,0.5534025,0.0
0.9350486,0.0012771931,0.5950209,0.0
0.90259415,0.0010820413,0.550307,0.0
0.9073633,0.0013070891,0.5428571,0.0
0.92895025,0.0013756242,0.59174687,0.0
0.89197016,0.0010874567,0.5240838,0.0
0.9109798,0.0014450476,0.5294669,0.0
0.927368,0.0014158193,0.56487787,0.0
0.91228086,0.0012086752,0.5461873,0.0
0.9010643,0.0012790964,0.5099964,0.0
0.9179314,0.001483981,0.527518,0.0
0.8951685,0.0013151261,0.47299284,0.0
0.8449271,0.0014852585,0.31818148,0.0
0.9052878,0.0027146696,0.32096303,0.0
0.9415209,0.0025739905,0.3610787,0.0
0.92333,0.0020574827,0.31580043,0.0
0.9325131,0.0024169935,0.3075617,0.0
0.9580604,0.0025663683,0.3690845,0.0
0.94429916,0.0020131,0.36416012,0.0
0.92762333,0.002022606,0.32077646,0.0
0.9280876,0.0023379573,0.29155338,0.0
0.95749635,0.002697252,0.3472877,0.0
0.9712507,0.0022793172,0.4374227,0.0
0.9431863,0.0016327092,0.4238305,0.0
0.9346548,0.0017486685,0.40841454,0.0
0.92887694,0.0018219849,0.38084394,0.0
0.94875735,0.002082091,0.4180011,0.0
0.92762285,0.0017323203,0.3742851,0.0
0.94861233,0.0021177346,0.4111035,0.0
0.9463115,0.0018381011,0.42687818,0.0
0.9031841,0.0016228759,0.3262356,0.0
0.9062865,0.0023125801,0.2679632,0.0
0.95739996,0.0030054552,0.34184825,0.0
0.94160306,0.0021653054,0.32304165,0.0
0.97145176,0.0025092852,0.42717385,0.0
0.9616809,0.0017431643,0.482276,0.0
0.94672096,0.0014817319,0.50554776,0.0
0.9218446,0.001369668,0.47045544,0.0
0.94075155,0.0016431421,0.51591563,0.0
0.93856156,0.0014019607,0.54464453,0.0
0.9343694,0.0012934445,0.56896424,0.0
0.9224016,0.0011953732,0.56817114,0.0
0.9199445,0.0012255725,0.57427746,0.0
0.92090493,0.0012137002,0.58923674,0.0
0.93739796,0.0011992335,0.6588365,0.0
0.92326486,0.0009459511,0.683339,0.0
0.9029551,0.00088572805,0.6726759,0.0
0.8755962,0.000915505,0.61698,0.0
0.89284223,0.0011493267,0.6249003,0.0
0.90242565,0.0011062686,0.64417976,0.0
0.9029047,0.0010307204,0.6577691,0.0
0.8850821,0.00097028574,0.63063747,0.0
0.89513254,0.0010958953,0.63947845,0.0
0.90019894,0.0010602209,0.6530124,0.0
0.892349,0.0010003747,0.64494634,0.0
0.87511903,0.0010119459,0.60354173,0.0
0.89390624,0.0012065215,0.6161557,0.0
0.8934444,0.0011222829,0.61003345,0.0
0.90052897,0.0011471182,0.621663,0.0
0.88953376,0.0010771602,0.5999858,0.0
0.8946924,0.0011731874,0.59787756,0.0
0.9033369,0.0011835294,0.61175424,0.0
0.9058593,0.0011262099,0.6235793,0.0
0.883434,0.0010476108,0.5764191,0.0
0.9027635,0.0012806887,0.5929521,0.0
0.8995369,0.0011723783,0.5852997,0.0
0.9101878,0.0012275841,0.6074198,0.0
0.9029724,0.0011196029,0.60208505,0.0
0.89877945,0.0011401052,0.59148693,0.0
0.9165421,0.001222758,0.63320184,0.0
0.9071366,0.0010442401,0.63762236,0.0
0.9174939,0.0010656596,0.6812392,0.0
0.9128046,0.0009224548,0.70882505,0.0
0.8887836,0.00083779707,0.68674856,0.0
0.88658166,0.00093037135,0.6802478,0.0
0.8748935,0.00093526015,0.6485411,0.0
0.8707944,0.0010328962,0.6131682,0.0
0.88261247,0.0011611517,0.6031083,0.0
0.89148223,0.0011819099,0.5999485,0.0
0.8955842,0.0011748548,0.5966604,0.0
0.8950008,0.0011674379,0.58660734,0.0
0.8973309,0.0012156691,0.5822351,0.0
0.9050474,0.0012383022,0.5942841,0.0
0.9031126,0.0011741546,0.59590626,0.0
0.9079163,0.0011769098,0.6126751,0.0
0.8930024,0.0010888344,0.58813876,0.0
0.9013886,0.0012149967,0.59601784,0.0
0.9018726,0.0011693917,0.5957297,0.0
0.9024822,0.0011720398,0.59566694,0.0
0.91150457,0.0011896696,0.61776215,0.0
0.90917575,0.0010990934,0.6275182,0.0
0.9138843,0.0010796242,0.6560543,0.0
0.89233345,0.0009598402,0.62848276,0.0
0.90979105,0.0011091416,0.66498077,0.0
0.91207165,0.0009799222,0.69688815,0.0
0.7674135,0.0007714642,0.42897364,0.0
0.8255337,0.0022095921,0.36043596,0.0
0.88197786,0.0025633008,0.3348391,0.0
0.90327644,0.0025052584,0.2995227,0.0
0.9370342,0.0027910217,0.32618475,0.0
0.9261555,0.002369143,0.29019016,0.0
0.94509304,0.0027307388,0.3133757,0.0
0.94919276,0.0024925987,0.33128604,0.0
0.93658245,0.0022876689,0.30711478,0.0
0.9383578,0.0025005378,0.29666322,0.0
0.9150226,0.002475586,0.22849666,0.0
0.89689344,0.0029986273,0.1610789,0.0
0.97461396,0.004414544,0.29552704,0.0
0.93729544,0.0024559053,0.24477416,0.0
0.9537305,0.0030656664,0.27064875,0.0
