7.3750074e-05,0.00038380895,0.17152376,0.105392925
0.00016631413,0.0007397407,0.13754755,0.08220222
5.4897868e-05,0.00023920252,0.16791117,0.11761042
2.6696502e-05,0.0001544806,0.16775571,0.09417563
4.2024316e-05,0.00029660825,0.16294307,0.08871875
4.313972e-05,0.0003088599,0.17791693,0.100495785
7.289996e-05,0.00047917833,0.16684838,0.09057243
0.000106722975,0.0005792574,0.16076414,0.096205495
5.205313e-05,0.0002725728,0.17610836,0.10822944
9.788104e-05,0.0005061959,0.14615837,0.08238545
8.723263e-05,0.00041624907,0.15552846,0.10252711
1.7120228e-05,0.00010453887,0.19496246,0.116615064
0.00011692157,0.0007474309,0.13379782,0.06541178
0.000114804185,0.00056946994,0.15940134,0.11073543
9.882283e-05,0.00043160698,0.14884719,0.09352199
2.5600046e-05,0.0001382127,0.18337236,0.116034605
3.9911e-05,0.00027161452,0.15781298,0.08023721
3.4426837e-05,0.00025796407,0.18488061,0.105712146
8.260485e-05,0.00055247673,0.16079472,0.084276855
6.639037e-05,0.00039119428,0.17817448,0.10791068
7.738364e-05,0.00042539544,0.1616814,0.090795875
0.00013851376,0.00065512036,0.14593515,0.09049692
4.2340183e-05,0.00020391925,0.17539018,0.115939006
4.8434722e-05,0.00028091788,0.15480484,0.08414763
2.9435805e-05,0.000203722,0.18287554,0.10700946
4.3041528e-05,0.00032200365,0.17251188,0.088181004
7.484217e-05,0.00050225214,0.17055178,0.0950868
0.00018371695,0.00090270647,0.14551444,0.08738349
7.55208e-05,0.00032290813,0.16758592,0.1152713
4.157507e-05,0.00020766682,0.1621398,0.09505906
2.6613872e-05,0.0001766867,0.17501794,0.09907643
7.235559e-05,0.00048915733,0.15315585,0.081830665
4.8413396e-05,0.00030974357,0.1827713,0.11115854
9.039017e-05,0.00052872376,0.15600367,0.08422949
8.3868006e-05,0.0004378983,0.16483837,0.10348009
6.505462e-05,0.00033228035,0.16176641,0.09696745
8.895456e-05,0.00044983087,0.14999418,0.090493284
0.00020962262,0.0008553074,0.12953608,0.086067215
2.0140456e-05,9.4392926e-05,0.19312653,0.13744745
3.516739e-05,0.0002347616,0.14861286,0.071015626
3.5071676e-05,0.00026411575,0.1801542,0.1064316
6.398552e-05,0.0004497421,0.16614692,0.08721847
7.883997e-05,0.00048128102,0.17208722,0.10098669
5.963958e-05,0.000338598,0.17407268,0.10068865
7.9446494e-05,0.00043808384,0.15901369,0.09044976
2.5265384e-05,0.00015992665,0.19512317,0.11597709
3.9658633e-05,0.00029617254,0.17015326,0.082419045
8.364981e-05,0.00055748614,0.16633907,0.09361735
4.7730686e-05,0.0002944249,0.18638569,0.10925518
7.588691e-05,0.00045587422,0.16208652,0.086335436
5.3802116e-05,0.00031664196,0.1775328,0.10617116
8.4462816e-05,0.00047316414,0.15546484,0.08651943
4.5503588e-05,0.00026206934,0.17908502,0.10985314
6.940803e-05,0.000406965,0.15648012,0.0850289
5.8371406e-05,0.00033960395,0.17048444,0.10350249
0.00011952293,0.000615453,0.14542365,0.08442082
8.73099e-05,0.00040333671,0.15839799,0.10582568
2.0235022e-05,0.0001173591,0.1885974,0.112547845
0.00010472565,0.00065028557,0.13647026,0.06903267
6.532587e-05,0.00035722513,0.17245245,0.11588687
5.7390647e-05,0.00031888802,0.16162932,0.09098471
2.180299e-05,0.00015138477,0.19656485,0.11285437
0.00012552955,0.0008037961,0.14058973,0.06949105
0.00010327025,0.00051742385,0.16598219,0.11286226
3.9496463e-05,0.000206825,0.17640239,0.10469702
0.000102952494,0.00055576843,0.14243416,0.07913296
0.00010041023,0.00047441837,0.15273824,0.1024865
6.3521846e-05,0.00030123995,0.15680948,0.0995175
3.9021972e-05,0.00021989406,0.16606414,0.09952695
3.7558766e-05,0.00025097257,0.16820394,0.09358877
1.4744436e-05,0.00012834846,0.21137309,0.113018036
6.14181e-05,0.0005254827,0.16860779,0.0759128
0.00013618033,0.00081826496,0.16598701,0.09846306
0.000101636695,0.00047576524,0.16499433,0.103316866
1.7611228e-05,0.00010407325,0.20484091,0.12053573
3.6040503e-05,0.00027856897,0.16466124,0.07547937
0.00011101254,0.0007222739,0.1576245,0.090709135
7.760008e-05,0.00041310658,0.17203072,0.107707076
6.415459e-05,0.00034073545,0.16496694,0.09535435
3.7857546e-05,0.00022769782,0.17764743,0.103130445
5.6013254e-05,0.00036119606,0.16294661,0.087647
8.63687e-05,0.0005046647,0.16051999,0.0948194
4.688924e-05,0.0002697494,0.17857866,0.10731872
7.9233105e-05,0.00045439956,0.15513451,0.08510303
5.85936e-05,0.00032689152,0.17091596,0.10556567
9.27076e-05,0.00048741617,0.14985768,0.08632552
7.981857e-05,0.00039644347,0.15866773,0.10204748
3.684523e-05,0.00020479331,0.17339642,0.10411865
6.904449e-05,0.00041486768,0.15232268,0.08363236
7.126767e-05,0.00040119875,0.16286035,0.10109354
3.217335e-05,0.00020054252,0.1836258,0.10658006
0.00012348154,0.00072232797,0.1424337,0.07586936
2.2135844e-05,0.00013841245,0.20990613,0.13503383
8.364821e-05,0.00054943433,0.14517643,0.06655185
5.2078718e-05,0.00032106126,0.1854859,0.11819413
0.00013128255,0.00068968406,0.14297782,0.077365905
9.1702976e-05,0.0004253223,0.16209963,0.109984525
1.9761826e-05,0.000113434275,0.19034864,0.11227233
3.2138803e-05,0.00024812992,0.16757193,0.08140042
9.218303e-05,0.00062541006,0.15982233,0.0899037
0.00016655569,0.00081353035,0.14953977,0.09384618
0.0004326947,0.0013808993,0.12050228,0.0861111
8.951098e-05,0.00023833897,0.14923815,0.12722759
0.00017170218,0.00047780262,0.107347436,0.07527709
7.740925e-06,3.543723e-05,0.18499327,0.14441009
9.360575e-06,8.75618e-05,0.15459155,0.06994
0.00072106393,0.0040162853,0.10185356,0.06103011
2.4857723e-05,0.000105632746,0.21501337,0.18140116
0.00012741979,0.0005941681,0.11433354,0.051704966
1.0140653e-05,6.569922e-05,0.22112532,0.15674533
4.748803e-05,0.00038862936,0.14270537,0.057249416
5.9849914e-05,0.00043746518,0.18523782,0.11452509
0.00020067794,0.0010155902,0.13963026,0.077506855
3.1362906e-05,0.00016150004,0.2007563,0.13643591
5.72032e-05,0.0003466086,0.15026252,0.07275075
6.0934955e-05,0.0003747539,0.16913638,0.10394145
0.00017523918,0.0008690362,0.13593577,0.07962406
3.370067e-05,0.00017269269,0.1910205,0.1308601
2.544645e-05,0.00017411441,0.17232269,0.084892586
5.0108745e-05,0.00037723716,0.16994697,0.091202386
0.00010283924,0.0006278322,0.15978949,0.09143903
7.311181e-05,0.0003895173,0.1719456,0.10630394
0.0001027818,0.0005016336,0.15000568,0.08810462
6.329591e-05,0.0003068255,0.1633609,0.10564245
5.3102754e-05,0.00028360344,0.15795167,0.09286707
1.4210939e-05,0.0001052399,0.20228443,0.115336925
0.000103358434,0.00075115083,0.1424862,0.06664137
0.00016878544,0.0008454791,0.15525644,0.10479699
4.773591e-05,0.00022134637,0.17789488,0.11472129
6.4002474e-05,0.00034027433,0.15096492,0.08322445
3.476921e-05,0.00021173034,0.1763569,0.10778948
4.1068684e-05,0.0002844735,0.16835998,0.089101836
0.00076874654,0.0032310693,0.10707881,0.06573141
0.0011890986,0.002293797,0.10439113,0.10544112
3.8921753e-06,8.189136e-06,0.22620961,0.21950455
3.243166e-05,0.00015770047,0.0915725,0.03674233
6.470427e-05,0.000384475,0.12989552,0.10049662
0.00031117644,0.0013247998,0.107177205,0.07390292
0.00017590699,0.00055742986,0.13338464,0.113958016
5.4712877e-05,0.00017848118,0.1414424,0.10510478
1.8366325e-05,9.598784e-05,0.15689771,0.1004957
9.600017e-05,0.0005719388,0.12429717,0.07135308
4.887537e-05,0.00027760555,0.16688009,0.11528392
5.662266e-05,0.00033713132,0.15470661,0.086795114
3.6842e-05,0.00024060377,0.18033823,0.10757035
5.002767e-05,0.0003439596,0.16729203,0.08799351
0.000116730575,0.00070365757,0.15353478,0.08861207
0.0001660647,0.0007600811,0.147467,0.09627384
8.967901e-05,0.00036675896,0.15525824,0.10528232
4.7584872e-05,0.00022539245,0.15719105,0.098148435
0.00022854257,0.0009943215,0.117746584,0.073157445
9.7899116e-05,0.00037045914,0.14729932,0.1153653
8.9896545e-05,0.00035714006,0.13293236,0.0876106
2.2521968e-05,0.000120120625,0.17203163,0.11534128
5.5894638e-05,0.00036245227,0.14144,0.07486739
4.628347e-05,0.00030426958,0.1732835,0.108393446
0.00014330969,0.00077688514,0.14029518,0.0791488
2.8035069e-05,0.00015811526,0.19923101,0.13187137
7.970452e-05,0.00048110963,0.1438334,0.07001795
4.1165236e-05,0.00025591985,0.18534432,0.11752393
8.329335e-05,0.00049827655,0.15137312,0.0793702
6.1295446e-05,0.00035256002,0.1738968,0.10869986
6.0853145e-05,0.00034898845,0.1633699,0.09164824
4.47081e-05,0.00027780925,0.1759058,0.10221456
0.00012314366,0.0006846206,0.14496593,0.08103407
0.00016867633,0.00072294456,0.1442009,0.09851843
3.6793474e-05,0.00016529947,0.17576626,0.11860864
0.00011342372,0.00055608776,0.1291078,0.07177723
2.1498712e-05,0.00012567121,0.19213586,0.13017787
3.9445524e-05,0.00028843645,0.15731381,0.075075574
8.521617e-05,0.0005595465,0.16330276,0.096473664
7.170009e-05,0.00040117843,0.16965209,0.10176177
0.00010953345,0.00055061537,0.15148014,0.08943499
5.61163e-05,0.00027753148,0.16912709,0.10878101
3.9330265e-05,0.0002285789,0.16627549,0.093787745
7.017296e-05,0.00042833088,0.15515786,0.08812797
4.609488e-05,0.0002817146,0.17634155,0.10651046
5.8891826e-05,0.00036994644,0.1646472,0.089541115
6.066492e-05,0.0003712706,0.17100339,0.099869974
7.393065e-05,0.000425479,0.16293891,0.09332011
8.13912e-05,0.0004372719,0.16091873,0.09668406
3.8521917e-05,0.00022218743,0.17934215,0.10702805
4.955332e-05,0.0003194449,0.16490333,0.087776884
4.8872607e-05,0.0003223742,0.17565387,0.100515805
6.1361025e-05,0.00039118255,0.1691532,0.09311611
5.683361e-05,0.00035226776,0.17530257,0.10042368
7.622919e-05,0.00044364322,0.16301487,0.09169534
5.7998328e-05,0.0003298415,0.17236094,0.102808125
8.71678e-05,0.00047205592,0.15405378,0.08813886
4.4419754e-05,0.00024984378,0.17688777,0.10939179
2.5601308e-05,0.00017866833,0.18434787,0.09804035
3.0880117e-05,0.00025423287,0.18636174,0.09413354
2.8831584e-05,0.00025079862,0.20270339,0.10264571
3.3819688e-05,0.0002966918,0.20215257,0.09688576
7.233471e-05,0.00054041896,0.18144776,0.090581
0.00017428519,0.00091701106,0.15528479,0.08993462
6.246813e-05,0.00028737387,0.17840834,0.11724286
5.798139e-05,0.00029586072,0.15646224,0.087428205
5.5707053e-05,0.00031262703,0.1611424,0.09736614
3.6885172e-05,0.00023280652,0.17362538,0.100450486
0.0002634165,0.0013186659,0.1246937,0.071377724
3.9653907e-05,0.00018133264,0.18986547,0.14085026
5.371512e-05,0.0002938279,0.14682363,0.07474823
3.6597485e-05,0.00023426626,0.17732055,0.10898368
7.111694e-05,0.00044551992,0.15459792,0.083120085
4.041461e-05,0.00025889347,0.1861612,0.11234273
0.00012695047,0.0007114918,0.14431056,0.077093914
9.540046e-05,0.00045010023,0.16247144,0.109567925
2.3772043e-05,0.00013316893,0.18696699,0.11089834
0.00010608981,0.00063507917,0.13769832,0.070960425
8.9807494e-05,0.00045641974,0.161143,0.10910759
0.0034115894,0.008363537,0.07637189,0.054145698
1.0682096e-05,2.2761651e-05,0.22097452,0.24775004
2.2627273e-05,8.999771e-05,0.10200819,0.04254325
7.932385e-06,6.566691e-05,0.17480282,0.12170884
1.346288e-05,0.00015384272,0.17649072,0.08279464
0.00026573133,0.001882745,0.13645913,0.07318842
9.257143e-05,0.00041849268,0.18075812,0.13165255
3.6248774e-05,0.00018143044,0.17305496,0.09696223
7.731567e-05,0.0004332362,0.14838898,0.08350758
3.3101325e-05,0.00020081614,0.18080996,0.112017445
3.9720788e-05,0.00027964887,0.1691971,0.08753935
8.71892e-05,0.00055762316,0.16079192,0.09092221
7.642413e-05,0.00042156,0.16857013,0.102382414
5.8812173e-05,0.00032627548,0.168398,0.09818313
7.863197e-05,0.00043377833,0.15698195,0.09129533
4.3640306e-05,0.00025345274,0.17588416,0.10625623
5.9547867e-05,0.0003666718,0.16055064,0.08758253
7.177816e-05,0.00041938366,0.16437742,0.09791752
9.107326e-05,0.00047932385,0.15549394,0.09278369
0.0003879193,0.0014434528,0.118816696,0.0794296
2.6862537e-05,0.00010094677,0.1894684,0.15012279
2.6310316e-05,0.0001538418,0.14682801,0.072305225
2.9513285e-05,0.0002253205,0.17245893,0.101237185
0.0041821324,0.013474068,0.074252486,0.046589345
2.4072775e-05,5.59754e-05,0.20887263,0.23589678
0.0055571483,0.008308474,0.04792801,0.026631676
3.5021214e-06,6.2848985e-06,0.21714932,0.28528717
6.137544e-07,4.2630813e-06,0.1299079,0.04804022
2.3530604e-06,4.2428117e-05,0.18928187,0.103356704
2.2338183e-05,0.0003265537,0.18250804,0.07980671
0.00013440213,0.0011160942,0.1693898,0.088457964
0.00021287941,0.00097856,0.15798917,0.10206365
0.0004497024,0.0012884346,0.12016388,0.08650865
0.00011127437,0.00026785542,0.14088051,0.12315668
2.083925e-05,7.193012e-05,0.14967875,0.10583961
2.3151274e-06,2.0693753e-05,0.19613498,0.10912245
1.6855327e-05,0.00022517021,0.16571994,0.06994057
0.00016731549,0.0013318266,0.15663163,0.08649446
8.5796295e-05,0.00045125317,0.18426271,0.11956535
8.8823035e-05,0.00043604244,0.1581874,0.08983764
5.609328e-05,0.0002840663,0.16837645,0.10471576
5.043871e-05,0.0002832142,0.15957183,0.09085847
5.6578385e-05,0.0003364219,0.16208735,0.09546869
4.925775e-05,0.0003024816,0.16938266,0.09853373
2.690148e-05,0.00019370312,0.19034633,0.10447948
2.6038375e-05,0.00022279365,0.19461198,0.09576458
6.789588e-05,0.00052744814,0.17501518,0.087513186
6.3708525e-05,0.00041873302,0.18624428,0.105684824
0.0003487213,0.0015473496,0.12822515,0.07377891
0.00010900706,0.0003714216,0.1609869,0.12659569
0.0013432065,0.002993598,0.083347484,0.05927429
0.0016142728,0.0019207528,0.08940466,0.11699664
0.005933919,0.003347336,0.0648319,0.113144815
3.2855058e-07,1.246589e-07,0.22945383,0.43396583
1.5290192e-08,2.2087011e-08,0.1336946,0.080559745
1.03506196e-07,2.0929936e-06,0.15935321,0.08746888
4.2658107e-06,9.320787e-05,0.16492859,0.08061739
0.0013916985,0.008304584,0.09207312,0.05214588
0.00014379111,0.00038295132,0.16117333,0.16696016
9.5280164e-05,0.00021701478,0.11844795,0.08245078
1.5205559e-05,5.823585e-05,0.15571706,0.12123902
1.8158304e-05,0.00012262154,0.13656811,0.07618764
8.2424296e-05,0.0005486175,0.13540807,0.084143825
0.00012685033,0.00062886253,0.14251727,0.096551426
5.6192515e-05,0.0002658213,0.16387369,0.10965717
2.6808802e-05,0.00016229507,0.17762837,0.103011906
2.3729468e-05,0.00019268878,0.18332675,0.094442524
4.1442603e-05,0.000379097,0.18564455,0.09250304
6.160519e-05,0.0004646124,0.18562704,0.0979757
0.0005914979,0.002496678,0.12088254,0.071201205
4.824474e-05,0.00016825991,0.18995745,0.15474717
3.93316e-05,0.00018424621,0.14341606,0.07437852
1.6281385e-05,0.000117094074,0.18376923,0.11094539
5.9022244e-05,0.00045945507,0.15113643,0.074382536
7.5393415e-05,0.0004943927,0.17411849,0.10628243
0.00032698808,0.0014185761,0.12788905,0.07670549
0.00091866887,0.0021866085,0.107511394,0.09183956
0.0253723,0.022314103,0.05517594,0.07427852
6.619812e-08,4.5180986e-08,0.29847854,0.48606065
2.714507e-08,5.40398e-08,0.11816787,0.044412836
1.7839756e-08,5.0528456e-07,0.22871442,0.1257549
5.4790854e-07,2.2716371e-05,0.23132229,0.0797565
0.00012411927,0.001854856,0.16525207,0.064007014
0.00029231547,0.0014864929,0.163572,0.110628456
4.4019722e-05,0.0001793811,0.19193031,0.12767711
3.686296e-05,0.00019571642,0.1595748,0.08312941
2.7605394e-05,0.00018678165,0.17529176,0.10062667
3.9607567e-05,0.00029387872,0.17032772,0.08965058
0.00012721759,0.00076889363,0.15144683,0.08610735
4.8488935e-05,0.00026367622,0.18627961,0.11909926
4.355965e-05,0.0002647859,0.17006673,0.089451164
4.0657054e-05,0.00027777939,0.17905217,0.099667355
9.919218e-05,0.0006101637,0.15531087,0.08463772
3.273751e-05,0.00020407722,0.19751176,0.12063913
0.00013184722,0.0007443193,0.14039429,0.0710819
6.1602106e-05,0.0003158134,0.17718418,0.11961982
4.136834e-05,0.0002364948,0.16762806,0.09192426
3.5303176e-05,0.00024134845,0.1780003,0.09907665
2.5709604e-05,0.00020373802,0.19256641,0.10071364
3.878717e-05,0.00032445518,0.18756835,0.09240719
3.3783366e-05,0.0002786486,0.20476766,0.10563115
4.3615335e-05,0.00034775515,0.19287136,0.09331132
3.3220367e-05,0.00026595808,0.20714633,0.10602909
6.939358e-05,0.0005017796,0.17611629,0.085706726
9.749928e-05,0.00056987064,0.1710241,0.09875819
0.00012445581,0.00058851787,0.15454988,0.09363955
4.3312124e-05,0.00021344375,0.17773782,0.113208614
4.198436e-05,0.00025069033,0.16188674,0.08735873
4.352077e-05,0.00029071447,0.17148721,0.09809252
8.629649e-05,0.0005284381,0.15673974,0.08785455
6.0808998e-05,0.00034504264,0.17456307,0.10730846
0.00019173489,0.0008874995,0.13404863,0.07828262
4.2573072e-05,0.00019309307,0.18083008,0.12830111
1.4563555e-05,9.842399e-05,0.18479732,0.09534677
7.8391604e-05,0.00057769957,0.14881922,0.07494148
0.0001916322,0.00096345705,0.14601374,0.09517979
2.4681298e-05,0.0001273933,0.20222436,0.13340393
0.0001782616,0.0009152577,0.12184169,0.05998852
2.1949898e-05,0.0001225678,0.20559956,0.14645088
2.3608027e-05,0.00018371457,0.16981363,0.075639464
0.0026376501,0.009881754,0.08611046,0.05441078
0.00045397677,0.0007739779,0.12664953,0.15113278
7.80292e-06,1.390237e-05,0.17804871,0.16081583
4.4879107e-06,2.5310515e-05,0.13209938,0.069179475
7.885031e-06,8.7961074e-05,0.16024558,0.0926055
3.246495e-05,0.0003486109,0.16953799,0.08720616
0.00019322944,0.0012358262,0.1485885,0.08503948
0.0006348106,0.0020446267,0.120926335,0.08899022
6.58743e-05,0.00016819427,0.16423182,0.14315636
9.818625e-06,4.2780513e-05,0.16629004,0.09945168
8.509973e-06,7.7746074e-05,0.16910115,0.08683333
2.6970214e-05,0.0002842382,0.17554818,0.08809508
6.514289e-05,0.00053759717,0.18101959,0.09618887
0.00036317113,0.0017554484,0.13517228,0.07921306
3.404598e-05,0.0001480119,0.20392627,0.14921199
5.4142925e-05,0.0002999087,0.14517443,0.06985211
1.2347857e-05,9.7163604e-05,0.21364719,0.12788154
6.6719556e-05,0.00054889126,0.15196969,0.065822065
5.487406e-05,0.00038585067,0.19397013,0.1182319
0.00018523482,0.0009648928,0.14230236,0.07587603
7.386583e-05,0.00033314424,0.1743359,0.12114578
5.5723372e-05,0.00027298013,0.15579338,0.08917982
3.9096143e-05,0.000231874,0.16893765,0.10108309
2.6547092e-05,0.00019280914,0.18138261,0.098461375
0.00011442065,0.0007456347,0.14820288,0.078464314
0.00013933275,0.0006685007,0.15629631,0.1038279
2.246634e-05,0.00012075385,0.1980911,0.12296086
2.851224e-05,0.00021206914,0.17027958,0.08057886
8.02694e-05,0.00055776135,0.1615117,0.08925136
0.00019127906,0.00093622296,0.14477263,0.08992211
6.916292e-05,0.00029629844,0.16945915,0.11679751
6.254339e-05,0.00029618753,0.15008505,0.087796845
4.5175842e-05,0.0002498339,0.16202547,0.10042169
4.0093182e-05,0.00025605585,0.1658905,0.094444625
6.859028e-05,0.00043705583,0.15954451,0.09023459
3.5984336e-05,0.00023629812,0.18780006,0.11035238
0.00015828818,0.00088567904,0.13934723,0.07395868
6.3142936e-05,0.00030770936,0.17732964,0.12203543
3.995448e-05,0.00022273009,0.16628012,0.09132511
5.0915907e-05,0.0003236802,0.16475861,0.093158886
9.3213894e-05,0.0005341592,0.15351346,0.089620404
6.660679e-05,0.00035560396,0.16748968,0.10486319
4.8449747e-05,0.0002762555,0.16840903,0.09720481
4.6158628e-05,0.00029127527,0.1700487,0.09572316
0.000104069586,0.0005973108,0.15064177,0.08595872
3.886448e-05,0.0002240766,0.18638466,0.11704845
6.984387e-05,0.00042064273,0.15450141,0.08054816
3.924109e-05,0.0002486853,0.18498325,0.11182607
0.0001674651,0.00089495233,0.13567409,0.07313237
4.5978257e-05,0.00023146506,0.18527113,0.12804845
2.1828575e-05,0.00014489894,0.18081474,0.09252369
1.9184909e-05,0.0001733459,0.19768937,0.09937133
6.160696e-05,0.0005137254,0.17372738,0.08383164
0.00027001425,0.00141092,0.1444174,0.085970245
4.9482253e-05,0.00021895373,0.19068429,0.13312761
0.00010270004,0.00047872416,0.1361739,0.072268635
0.000372821,0.0013083549,0.117511086,0.0861821
2.2321423e-05,8.231306e-05,0.18456407,0.14666204
3.508543e-05,0.0002006463,0.13584296,0.06806247
5.0243885e-05,0.00032867878,0.15700772,0.09926175
0.0047764904,0.013247278,0.07169076,0.049565133
4.385409e-05,8.0304184e-05,0.18050198,0.22223023
8.6010605e-06,2.3979746e-05,0.13393083,0.07734958
2.4952667e-06,2.2658221e-05,0.17330988,0.104111195
4.925936e-06,7.707899e-05,0.19219604,0.08768921
7.841946e-05,0.0008538254,0.16864559,0.07862061
0.0005316457,0.0024980756,0.13389023,0.08492587
7.3342984e-05,0.00024945216,0.18046743,0.14177062
7.11835e-05,0.00027431434,0.13743208,0.079356864
1.210216e-05,7.343337e-05,0.18877004,0.121467516
4.5551646e-05,0.00035903568,0.14474405,0.068409756
3.5568773e-05,0.00027778823,0.19218571,0.11558686
5.5039272e-05,0.00040040197,0.17420161,0.08715966
0.00011457895,0.0006816196,0.16269557,0.093321785
6.706451e-05,0.00035083812,0.17499012,0.108006686
4.916695e-05,0.00027802557,0.17006314,0.09580862
4.1331226e-05,0.0002636524,0.1738471,0.09741361
0.00012484094,0.00070350664,0.14492495,0.08147515
6.579617e-05,0.0003327318,0.17138919,0.1132442
0.0001817432,0.00079258345,0.1297286,0.076736405
2.8270546e-05,0.00013576122,0.1875211,0.13300669
2.7499695e-05,0.0001847662,0.16096726,0.07961163
4.0424984e-05,0.0003094718,0.17491359,0.09768792
7.812695e-05,0.00051960704,0.1644035,0.089946255
0.00016749457,0.0008371907,0.14896482,0.09123558
0.00010743628,0.00043602308,0.15590884,0.10686075
5.5551984e-05,0.0002425356,0.15656447,0.099677816
0.00010615754,0.00048840017,0.13393143,0.082942925
3.9145132e-05,0.00019957172,0.16702017,0.113173194
8.25208e-05,0.00045351827,0.13918549,0.078365825
0.00028100517,0.001163412,0.12444995,0.08623585
8.0961276e-05,0.0002851937,0.15431453,0.11970296
1.5220745e-05,7.914095e-05,0.17583428,0.10702186
0.0010619321,0.004191445,0.083643,0.048445653
0.0001479073,0.0003806292,0.14554921,0.1490224
1.5925983e-05,5.4646454e-05,0.15767975,0.107332736
5.0734212e-05,0.0002799206,0.12298669,0.07130849
6.451853e-05,0.00037397142,0.1414333,0.09591456
2.110309e-05,0.00014919233,0.18415976,0.11210024
0.00012713207,0.000814118,0.137739,0.07127125
2.3320006e-05,0.00015255727,0.21025833,0.13676149
0.00015741913,0.0009489491,0.13149819,0.061293606
5.8044563e-05,0.00030489246,0.18584253,0.13035677
3.0074078e-05,0.00018639535,0.17395525,0.08991025
0.00017971716,0.0010162836,0.1346647,0.07556349
0.000108719985,0.00046964939,0.15898508,0.113892555
9.726113e-05,0.00040295543,0.14258264,0.08966778
0.000111484085,0.00046104967,0.13769515,0.093787454
3.46893e-05,0.00016834521,0.16433726,0.10999782
0.00017154573,0.0008260773,0.11908369,0.0693392
7.439116e-05,0.00032388794,0.15674014,0.11804508
7.862072e-05,0.00035586098,0.13909718,0.085424654
2.5664995e-05,0.00014759775,0.1769716,0.11417058
0.0001729523,0.0009205584,0.12205192,0.06623116
8.787966e-05,0.00039241844,0.15977864,0.118864425
0.000103118684,0.00043852013,0.13721624,0.08506647
1.7515908e-05,9.930674e-05,0.19111319,0.12543587
0.00012982139,0.0007753701,0.12365287,0.06105115
0.0003573233,0.0014016897,0.1263816,0.0957405
0.00018518908,0.0005246922,0.13305712,0.10751424
0.019897778,0.025462428,0.052945714,0.05153424
1.2899131e-05,1.1322469e-05,0.16343097,0.30782157
1.8841704e-06,1.7436666e-06,0.12233033,0.11071424
4.7287804e-07,3.913445e-06,0.13843505,0.09332996
1.7576065e-07,4.999227e-06,0.23449245,0.118188515
2.320743e-05,0.0004695782,0.16986321,0.058730643
0.0002506082,0.0018512772,0.1588226,0.09205325
0.00019220122,0.0007432767,0.15860653,0.11172677
0.00012912229,0.0004125177,0.14282043,0.098741844
5.4366083e-05,0.00019424604,0.14739117,0.10391469
1.4392155e-05,8.140069e-05,0.16855471,0.10386525
1.26051555e-05,0.000115728035,0.1782135,0.090941615
4.790241e-05,0.00044050536,0.17030379,0.08530168
0.00012352306,0.0008097854,0.16511655,0.09423165
6.15034e-05,0.00034610412,0.18751946,0.114941284
3.262164e-05,0.00020964413,0.18917677,0.1004837
7.2029114e-05,0.00047768612,0.16045791,0.08290687
7.6609365e-05,0.0004398274,0.16955477,0.10274148
2.6506697e-05,0.00017035201,0.19524492,0.1107012
7.1466515e-05,0.00048164057,0.15707953,0.077907324
3.5464738e-05,0.0002394048,0.19565646,0.11689106
9.541001e-05,0.0005953571,0.15350948,0.07759388
1.57186e-05,0.00011456002,0.2284501,0.1373622
0.00011168326,0.0007860524,0.14199746,0.06021106
0.0011544953,0.003943037,0.10983778,0.08202571
3.3244483e-05,8.903793e-05,0.1927338,0.17647398
2.099515e-05,9.413594e-05,0.13942616,0.07012388
1.805614e-05,0.0001345471,0.1654778,0.100250825
2.8998553e-05,0.00025476716,0.17134945,0.08942438
0.00012425246,0.00084984466,0.15477723,0.08542801
0.0005048502,0.0018982709,0.12495158,0.085719265
9.215603e-05,0.0002650745,0.15993953,0.13250057
3.0199879e-05,0.00011432679,0.15039769,0.09498543
2.5466938e-05,0.00015151019,0.15071937,0.09006383
2.1269321e-05,0.00017022557,0.17175269,0.09731806
0.0001673948,0.0010800207,0.13553563,0.07370232
0.0002891182,0.0011311496,0.1379139,0.1011189
3.2110514e-05,0.00012437315,0.18213014,0.13139471
5.504893e-05,0.00028715783,0.13786633,0.07341124
4.1364387e-05,0.0002509882,0.16481234,0.10540397
0.002540868,0.008004371,0.07851052,0.050455593
0.0048398017,0.0057333736,0.07991297,0.111493535
6.6476815e-07,5.6404406e-07,0.26331446,0.3548007
1.9740959e-07,9.1545724e-07,0.113979355,0.037823696
1.0434391e-07,2.8198606e-06,0.23525497,0.131461
8.06559e-06,0.00019819118,0.18371066,0.061523713
0.0006699087,0.004930627,0.12864102,0.06849445
0.00088277523,0.002220362,0.1238147,0.112554565
3.8377806e-05,7.540716e-05,0.17008005,0.15677458
2.7233296e-05,8.965161e-05,0.12315406,0.075532205
2.005657e-06,1.7466531e-05,0.20157118,0.12856604
1.0955984e-05,0.00015308458,0.1689362,0.06841069
0.00012127175,0.0010757205,0.16281942,0.08729634
0.00012383143,0.00066930486,0.17291795,0.10850694
9.267625e-05,0.00042108912,0.1634556,0.099600784
7.380904e-05,0.00034197784,0.15641192,0.09713242
3.7110793e-05,0.00020316457,0.16873276,0.10225404
6.979749e-05,0.000413206,0.14889073,0.083361894
9.660346e-05,0.0005083126,0.15276311,0.09704468
7.425881e-05,0.00036847175,0.15745716,0.09935379
5.4882774e-05,0.00029316114,0.1618642,0.09849676
6.581839e-05,0.0003694031,0.15588237,0.09177708
2.7271684e-05,0.0001792718,0.18698636,0.11043428
8.8363624e-05,0.0005750458,0.1498343,0.07684366
5.2198557e-05,0.00031199012,0.18293123,0.11500861
6.7096145e-05,0.00039335445,0.16088495,0.08657725
2.8181572e-05,0.00018843207,0.19554776,0.11433628
0.000115372815,0.0007129795,0.14457697,0.072612986
4.6094723e-05,0.0002671741,0.189343,0.12278462
0.00010558204,0.00057368755,0.1452651,0.076442435
8.496892e-05,0.0004198287,0.16262256,0.10765292
8.7058615e-05,0.00040857727,0.14894406,0.090777054
0.00014726998,0.0006270172,0.13618366,0.089870155
0.000106854095,0.00040989922,0.14208506,0.10176488
2.0170746e-05,0.00010232584,0.17669506,0.11507825
3.0674055e-05,0.00022011873,0.15658498,0.080379404
6.5961016e-05,0.00046140738,0.16169544,0.09335623
0.00015232262,0.0008018971,0.14703575,0.08902889
0.00049194304,0.0016150927,0.11880663,0.08550847
0.00034005675,0.0007299418,0.12031121,0.109268546
0.00018440117,0.00033497866,0.11312868,0.10440794
5.0748193e-05,0.00011756869,0.12155423,0.10903902
2.0138326e-05,8.655411e-05,0.12477714,0.09075896
7.18069e-05,0.00041608207,0.11344798,0.07523198
0.00020898436,0.00095242105,0.11678892,0.08679391
0.00014358335,0.00051607663,0.13192472,0.10380181
0.00010024822,0.00035092284,0.13170405,0.097314306
6.012879e-05,0.00024528298,0.13848843,0.09858251
4.4828594e-05,0.0002323527,0.14424463,0.093423456
6.878438e-05,0.00038889327,0.14210603,0.08849336
8.0019636e-05,0.0004327953,0.14854793,0.095148236
4.6126996e-05,0.00026937592,0.16588478,0.102304555
5.360653e-05,0.00034712348,0.16259627,0.091518655
4.2882453e-05,0.00030069228,0.17871797,0.10163177
0.00014271527,0.0008624991,0.1459136,0.07961169
0.00016249745,0.0007307336,0.1514636,0.10308203
0.000113209884,0.00044043994,0.14700536,0.09886968
1.153139e-05,6.534154e-05,0.20123921,0.12694877
1.4095611e-05,0.00013487454,0.17759772,0.078168884
8.7031425e-05,0.0007311125,0.1615197,0.083469816
4.5939396e-05,0.0003159374,0.20018922,0.11871995
7.725948e-05,0.000489476,0.16683033,0.08393113
3.2989297e-05,0.00021738195,0.20062143,0.11683043
4.6687554e-05,0.00033052126,0.1727476,0.08385565
5.443343e-05,0.00037529832,0.18151243,0.101221256
9.515261e-05,0.00055986515,0.16131167,0.08901499
4.9715243e-05,0.00028357905,0.1826692,0.11061305
2.9209285e-05,0.00019701883,0.18574078,0.09804237
5.4810902e-05,0.0003925248,0.16960247,0.087492205
0.00014893583,0.0008275759,0.15073165,0.08833897
4.464378e-05,0.00023182348,0.1872844,0.12139831
4.468989e-05,0.00026960915,0.164951,0.08573891
0.00010334185,0.0005864697,0.1507648,0.08829387
5.5129993e-05,0.00029411804,0.1728049,0.10976594
3.9390634e-05,0.00023997095,0.1720159,0.0953225
9.314734e-05,0.00054897636,0.15136343,0.084999956
2.9540564e-05,0.00018325957,0.1944787,0.120021224
0.00016838784,0.00093275,0.13222267,0.067447424
9.8224824e-05,0.00044021543,0.16392499,0.11790938
4.3045904e-05,0.00020868417,0.1645162,0.09860603
1.8311395e-05,0.00012764332,0.18732762,0.1043905
6.436005e-05,0.00047684283,0.15483978,0.077134974
3.8125778e-05,0.00027089368,0.19490872,0.11599428
6.8250505e-05,0.00045818632,0.16711372,0.08429234
6.0444698e-05,0.00037512367,0.18106358,0.10593325
8.421921e-05,0.0004735628,0.16066784,0.08903611
9.225303e-05,0.0004691088,0.15942769,0.09842099
6.293771e-05,0.00031474783,0.16288342,0.100528985
3.222846e-05,0.00019387748,0.17617522,0.10212269
9.3349845e-05,0.0005637262,0.14646406,0.07958774
6.9350914e-05,0.00037706897,0.16849688,0.108590126
7.818334e-05,0.0004094219,0.15500276,0.09019779
4.0367224e-05,0.00023181473,0.17689736,0.108020514
7.7786935e-05,0.000453635,0.15099615,0.08245321
4.241721e-05,0.0002546489,0.18003821,0.11137685
0.0001151871,0.0006355727,0.14344999,0.07829298
3.5176494e-05,0.00020014682,0.19001925,0.12334848
0.00013012913,0.0007012514,0.13509019,0.07017126
3.4224235e-05,0.00019120192,0.19136378,0.1289963
3.4629356e-05,0.00023503198,0.16752724,0.082737505
5.769335e-05,0.00040427284,0.17096184,0.09553935
0.00019619343,0.0010071275,0.14077663,0.08278054
3.714089e-05,0.00018356236,0.1927377,0.1314233
0.0001680887,0.0007979159,0.1244789,0.06500256
0.00010543739,0.0004340177,0.15276246,0.11446836
4.556039e-05,0.00020618534,0.15604988,0.09887701
3.6432444e-05,0.00021504554,0.16028145,0.094593875
4.751431e-05,0.00031229778,0.16080217,0.09175571
3.7610185e-05,0.00026510973,0.18072985,0.10290778
0.0001221572,0.00073219877,0.1491954,0.08112761
3.7531292e-05,0.00021651003,0.19445048,0.12413426
4.6942107e-05,0.00030463096,0.16563691,0.082614765
5.989476e-05,0.00038823948,0.17251301,0.09915528
7.425967e-05,0.00043510625,0.16432206,0.093569115
4.162467e-05,0.00025545224,0.1829635,0.10707453
0.00024026386,0.0011834246,0.12829946,0.07135219
4.401972e-05,0.00020072995,0.18620624,0.13590081
0.00012249895,0.00057357014,0.12814249,0.06835946
4.3848388e-05,0.00022103236,0.17249075,0.12119604
6.677265e-05,0.00036755434,0.14442025,0.0796131
2.8609456e-05,0.00018634672,0.18593645,0.11525256
7.50492e-05,0.00049063686,0.1519275,0.077697836
8.0941056e-05,0.0004625324,0.1674988,0.10473587
6.202882e-05,0.0003353464,0.166897,0.09823604
0.00011491805,0.0005750223,0.14653476,0.08702975
5.1004783e-05,0.00025426925,0.17032902,0.111227445
7.7498575e-05,0.00040787846,0.14638951,0.083224066
3.1448566e-05,0.00018945851,0.18171327,0.113590576
2.3410501e-05,0.00018124087,0.18290052,0.092640586
2.6803591e-05,0.00024169199,0.19643202,0.09884707
9.849087e-05,0.0007209455,0.16543655,0.08302612
0.0002109732,0.0010185861,0.15131626,0.09499332
0.00010905304,0.0004177542,0.15814695,0.10926325
9.115321e-05,0.00035130698,0.14244735,0.0921106
1.5734147e-05,8.600474e-05,0.18451738,0.11858484
0.009342466,0.024778208,0.056589004,0.034518104
6.8936906e-06,1.5487773e-05,0.23270525,0.29278067
3.1159194e-05,0.00010448689,0.087858245,0.034051273
4.551846e-06,3.6694964e-05,0.1840067,0.13723186
2.4234509e-05,0.00025834402,0.14607769,0.06499651
0.00016568007,0.0011686193,0.15050392,0.09116692
0.00015593466,0.000670591,0.15475558,0.10586303
0.00016980385,0.0005882839,0.1366092,0.093390346
1.9850626e-05,8.5009575e-05,0.1833414,0.1291505
1.8840874e-05,0.00013304428,0.15797181,0.077960394
2.5869147e-05,0.0002298672,0.17987877,0.09832397
7.0968024e-05,0.000546842,0.16700079,0.08671017
0.0003534557,0.001662393,0.13438873,0.083059475
6.850944e-05,0.00025759407,0.1759488,0.13246056
3.2625154e-05,0.00016090104,0.15997835,0.08983842
2.400922e-05,0.00016967821,0.17419218,0.09831232
6.4356806e-05,0.00046561655,0.15583472,0.08226028
8.290766e-05,0.00050313486,0.16785154,0.10198104
0.00014960613,0.0007172446,0.14639893,0.088394426
0.00019643294,0.000728039,0.13740899,0.09624713
3.068347e-05,0.00012579623,0.1750622,0.123685695
2.1203825e-05,0.00013522954,0.16128108,0.08500326
2.951074e-05,0.00023949548,0.17274003,0.09418627
5.4943666e-05,0.00041997834,0.17235146,0.09214798
0.0001388372,0.0008022775,0.1556245,0.08973625
4.5020177e-05,0.00023982784,0.18898217,0.1198957
4.176648e-05,0.0002590664,0.16881078,0.08718688
9.439735e-05,0.0005594072,0.15420803,0.088326074
6.23836e-05,0.00033845298,0.17056848,0.10655416
3.657786e-05,0.0002243805,0.17731526,0.09954594
4.2733987e-05,0.00029561034,0.17334819,0.09256723
0.00017994051,0.0009840924,0.14031175,0.080222495
8.44071e-05,0.00037886336,0.16752656,0.11671238
2.9325207e-05,0.00015789746,0.17650785,0.10244479
4.841955e-05,0.00031728094,0.15876403,0.0845407
4.877697e-05,0.000323333,0.17331624,0.10111989
6.086718e-05,0.00038915584,0.16861688,0.093380876
6.331446e-05,0.00038454865,0.17164429,0.09885455
5.4183238e-05,0.00032596797,0.17345351,0.0985678
4.0742078e-05,0.00026386377,0.18023397,0.100108564
5.8100573e-05,0.00038172022,0.16884063,0.09066727
6.0443916e-05,0.0003783744,0.17373721,0.09947753
8.818143e-05,0.00049829006,0.16013649,0.09130459
2.997041e-05,0.00018416859,0.1941726,0.115983896
5.5751803e-05,0.00037615513,0.16176824,0.08034172
1.4936586e-05,0.00012369032,0.22400995,0.1262574
3.4328008e-05,0.0003212478,0.18392955,0.07744258
3.5080007e-05,0.00031029503,0.21243641,0.1109896
0.00012581768,0.0008350208,0.16171046,0.07873074
0.00010697099,0.0005423489,0.17309065,0.11000077
7.028064e-05,0.00033209883,0.16416165,0.09773798
0.0002446987,0.0009806798,0.124780275,0.07820978
0.00040238255,0.001091033,0.1160119,0.09598294
1.0322411e-05,3.4945104e-05,0.1953078,0.1585142
5.4332162e-05,0.00030356512,0.11199364,0.052439183
0.00020994096,0.0009912367,0.12216503,0.09107593
0.0004457894,0.0013172976,0.109869726,0.088061705
1.9780668e-05,6.392422e-05,0.18201953,0.15374942
1.6026743e-05,9.3776696e-05,0.14238854,0.07183508
1.4169662e-05,0.0001288202,0.1806557,0.10396752
5.56173e-05,0.0004769294,0.16229597,0.080724284
0.00011013432,0.0006895294,0.1665442,0.09911675
0.00016495067,0.0007475659,0.14868082,0.092669696
3.0839168e-05,0.00015014737,0.1899657,0.12509136
7.344437e-05,0.00041589784,0.1413222,0.072295755
3.9543494e-05,0.00024508778,0.17723642,0.112693176
0.00019429972,0.001016236,0.12849951,0.07081262
5.5443234e-05,0.00026365783,0.17850582,0.1281898
6.66276e-05,0.00034177085,0.14707282,0.08059856
2.2326896e-05,0.00014693789,0.19082917,0.116878614
7.690651e-05,0.0005270141,0.14818203,0.07324905
3.3821027e-05,0.00023173317,0.19831401,0.12207873
0.00020786883,0.0011267166,0.1316797,0.06697647
0.00019146228,0.00072955096,0.14816968,0.11157908
4.0528404e-05,0.00015855482,0.1673909,0.11366048
9.09216e-06,6.31523e-05,0.19151361,0.10427293
6.132268e-05,0.0005035684,0.1458386,0.06898863
4.5368477e-05,0.0003283869,0.19097313,0.11703792
0.00017878712,0.0009830401,0.14139429,0.07489797
4.6155466e-05,0.00023314606,0.19136909,0.13046756
7.863687e-05,0.00041585712,0.14586276,0.07571322
2.2800677e-05,0.00014733923,0.19708918,0.12259545
0.00033300315,0.0017022174,0.11333281,0.057343245
0.014578475,0.023948481,0.06571053,0.067995444
2.4032583e-06,2.889711e-06,0.23961367,0.34672368
2.2090474e-06,5.5346413e-06,0.10211687,0.042992204
8.6600863e-07,1.0744288e-05,0.17171273,0.11449612
1.873568e-05,0.0002655607,0.14259861,0.065172255
0.00062037224,0.0035688705,0.1156926,0.07381189
0.00013587347,0.00042099113,0.1597217,0.13899408
0.00023828802,0.00060091936,0.11083529,0.07723288
2.4728579e-05,7.794869e-05,0.16104281,0.13650195
4.3885506e-05,0.00021113646,0.11814139,0.067903645
5.6839817e-05,0.00032213965,0.1401409,0.09782303
0.0006181108,0.0022797075,0.09739679,0.067084245
0.00012627701,0.00034833755,0.14354753,0.13420501
3.737395e-05,0.00012562054,0.13921718,0.0968609
8.846823e-06,6.3582294e-05,0.17173694,0.10517339
5.2494564e-05,0.00046968175,0.14324519,0.07071103
0.00014865215,0.0009224036,0.14970437,0.09397166
0.00012802701,0.0005672554,0.15410312,0.10284856
9.9186196e-05,0.00041303312,0.14825197,0.09739284
5.317713e-05,0.00024737554,0.15548167,0.10093369
5.4779288e-05,0.00030062246,0.14944172,0.08944807
5.4588545e-05,0.00032570417,0.15780291,0.09621084
4.9882008e-05,0.00031305305,0.16542912,0.096625894
5.9911963e-05,0.00038005444,0.16537979,0.09410246
6.597415e-05,0.0003998513,0.16735995,0.09714351
6.454126e-05,0.00037903097,0.16720432,0.09692081
0.00011744107,0.0006109201,0.14926739,0.08839511
5.3386077e-05,0.00027061414,0.17238683,0.11128664
8.605089e-05,0.0004449801,0.14572144,0.08266488
1.9957857e-05,0.00012706227,0.1972288,0.122766204
5.5754605e-05,0.00040500265,0.15421346,0.07318399
0.00011592495,0.0006862835,0.15880919,0.097615086
2.5516036e-05,0.00015609495,0.20299451,0.122557156
0.00014313498,0.00083764264,0.13600683,0.066424154
0.00012483353,0.0005654038,0.1579799,0.11164068
4.889437e-05,0.00022440421,0.16510619,0.10350869
5.331003e-05,0.00029237272,0.15452284,0.08935371
3.8964034e-05,0.00024216353,0.16974245,0.10104787
9.112296e-05,0.00054532185,0.1488303,0.08322351
6.439893e-05,0.00035515137,0.17042588,0.10840304
5.9274236e-05,0.00033098191,0.16278303,0.09290664
6.1914994e-05,0.00035591162,0.16371754,0.096417844
9.3338436e-05,0.000495489,0.15218402,0.09054386
6.183433e-05,0.0003192308,0.16521439,0.10432652
3.8808364e-05,0.00022848665,0.17070544,0.09830296
0.00018691042,0.0009580464,0.13082202,0.07524008
3.479978e-05,0.00017445782,0.18910185,0.13302109
0.00070886366,0.002648011,0.09430208,0.051808033
2.2156455e-05,8.027555e-05,0.20250915,0.1800975
0.0008418717,0.002664308,0.07536434,0.0377352
0.0026882489,0.004338049,0.084683955,0.10225366
1.4007669e-05,1.6905995e-05,0.17124544,0.21590714
5.21327e-07,2.188726e-06,0.15918721,0.09085719
5.1197384e-07,9.63258e-06,0.18752086,0.09048405
7.283886e-06,0.00015048408,0.20024388,0.08447562
0.00021402408,0.0019609977,0.151545,0.07165435
0.00034704572,0.0014002223,0.150276,0.10855052
3.3984583e-05,0.00012385083,0.18970358,0.13462852
3.778224e-05,0.0001978359,0.14645797,0.075531326
4.1752268e-05,0.00026578477,0.16049172,0.09777722
0.00013279103,0.00073129334,0.13647777,0.080238864
5.7110075e-05,0.0002922134,0.171427,0.116169915
4.9548686e-05,0.00027851362,0.16060154,0.09019981
5.17463e-05,0.00031573063,0.16626596,0.097472124
0.00011640893,0.00064347486,0.14608455,0.08493889
4.8855793e-05,0.0002634136,0.17829143,0.115490444
7.362622e-05,0.00040720782,0.15128566,0.08276345
0.00011856256,0.0005794568,0.14767744,0.0944432
3.6180892e-05,0.00018581131,0.17714825,0.11433311
6.1682345e-05,0.00036417178,0.1498447,0.08070997
4.296897e-05,0.00027029734,0.17558442,0.10740506
0.00024460172,0.0012081102,0.1262688,0.071494505
2.7831013e-05,0.00013679825,0.20091946,0.14559437
6.98777e-05,0.00040129566,0.13831376,0.066111356
3.596911e-05,0.0002303054,0.18388093,0.11775172
0.00013384272,0.00075616164,0.13763845,0.07286629
3.2909098e-05,0.00018935502,0.1965088,0.13069633
0.000111402915,0.0006249885,0.13769817,0.06878908
6.816593e-05,0.0003553702,0.17070858,0.1151922
5.2504853e-05,0.00028551053,0.16171394,0.092094585
0.0017954863,0.0056248005,0.08721923,0.0584772
1.35845585e-05,3.7683374e-05,0.21830398,0.21672876
1.861262e-05,9.7564465e-05,0.123559974,0.05088229
9.926504e-06,9.1451875e-05,0.18916619,0.11753247
1.8959556e-05,0.00021162021,0.18532449,0.083818264
0.00010927029,0.0008981221,0.16916895,0.087174945
7.96177e-05,0.000463312,0.18693922,0.1133535
0.00012567158,0.0006109624,0.1521452,0.08535317
4.65348e-05,0.00022985175,0.17870377,0.11575991
6.19866e-05,0.00033881853,0.15129274,0.08260937
6.9204936e-05,0.00038527316,0.15822327,0.09808132
8.9343965e-05,0.0004647037,0.15089285,0.09166185
0.0006356252,0.0021713744,0.10738856,0.07389127
2.5701505e-05,8.3732375e-05,0.19036433,0.16440494
4.959378e-05,0.00023736602,0.12315462,0.061612893
1.4310471e-05,0.00010302662,0.18776412,0.12312788
7.561971e-05,0.0005618693,0.14031778,0.06750053
7.599404e-05,0.00046453378,0.17417201,0.11285967
7.0094415e-05,0.00038187244,0.16427407,0.09381377
0.00012043142,0.00059022737,0.14834021,0.09016013
3.6868205e-05,0.0001894728,0.17971437,0.11608703
0.00010396031,0.00055521773,0.13692385,0.07407561
3.264904e-05,0.00018881136,0.18510908,0.122154735
0.00028630774,0.0013696842,0.115299396,0.061879378
3.591774e-05,0.00016466907,0.19151434,0.14685746
4.7603124e-05,0.0002704369,0.1455094,0.072283134
3.5970905e-05,0.0002440861,0.17752273,0.1082492
0.00016351586,0.0009131465,0.13482007,0.0739029
6.587525e-05,0.00032194608,0.17496476,0.12184402
0.0031963056,0.008086581,0.07511089,0.049025346
0.00010150042,0.00016300731,0.15276846,0.19045508
4.5286888e-05,8.205525e-05,0.11015371,0.08301219
4.7347135e-06,2.3010594e-05,0.15354651,0.118165456
2.6776213e-06,3.339521e-05,0.1698964,0.08600981
0.00015095813,0.0013972243,0.12703726,0.06384324
0.00014239928,0.00071812357,0.16228464,0.11760878
8.676137e-05,0.0003652782,0.1551395,0.09840066
3.0683896e-05,0.00015731496,0.17555065,0.11030276
7.647409e-05,0.0004376073,0.13977943,0.07560292
5.940343e-05,0.0003354621,0.16464758,0.10709165
4.3079766e-05,0.00025937232,0.16865806,0.096978776
0.00013204294,0.0007237191,0.14133519,0.08099266
0.00011302892,0.0005152384,0.1533008,0.10446678
4.9008395e-05,0.00023819262,0.16546947,0.10480067
2.5447453e-05,0.00016575048,0.17661689,0.0993022
4.109579e-05,0.00031472597,0.16819574,0.087399125
8.7982495e-05,0.00057829637,0.16344768,0.092598855
9.3148854e-05,0.0005025192,0.16493072,0.10015974
4.2272568e-05,0.0002357455,0.18048403,0.107379794
7.671315e-05,0.0004436857,0.15342122,0.08327456
6.317761e-05,0.00035238318,0.16764082,0.10418371
5.3414533e-05,0.00030832173,0.16594285,0.09537015
0.0033131663,0.0094473,0.07876806,0.05319898
0.00083099277,0.0010791998,0.108622245,0.14612788
2.4076642e-06,2.9731982e-06,0.20442918,0.22368214
1.7625248e-06,9.751888e-06,0.11346354,0.051138364
6.7205895e-07,1.21770445e-05,0.21132,0.12489876
5.7961533e-05,0.0007868617,0.14110035,0.055165257
0.00058664667,0.0029552022,0.13168584,0.09081999
0.00016835904,0.00047815384,0.15317991,0.12708984
0.00014519328,0.00037172367,0.124075435,0.09016029
2.5057921e-05,8.6780565e-05,0.15370952,0.11894899
1.2548054e-05,8.0832775e-05,0.15158664,0.08682504
1.0992996e-05,0.000112175345,0.18556443,0.10058211
9.30314e-05,0.00078586437,0.15183158,0.07441294
0.00010728539,0.00063236995,0.17358203,0.11002539
0.00011263368,0.00053466356,0.15745696,0.09471362
0.00013340033,0.0005675107,0.14613868,0.09503988
5.48499e-05,0.00024244735,0.16094469,0.10729857
4.7924776e-05,0.00025453293,0.15239626,0.08965588
0.00011373625,0.0005872304,0.13740836,0.08478997
3.090618e-05,0.00017421058,0.1811633,0.11892832
5.6033055e-05,0.00036218236,0.15330374,0.079480916
6.618042e-05,0.00040952655,0.1674909,0.10168628
0.00021318656,0.0010031668,0.13341098,0.07997334
5.8018402e-05,0.00025001183,0.17335309,0.12488789
4.745329e-05,0.00024131511,0.15251693,0.085647024
2.3932862e-05,0.00016103938,0.18051675,0.10657101
5.287111e-05,0.00038567738,0.15985613,0.08205601
8.5334505e-05,0.0005361031,0.16601759,0.09834696
0.00019572148,0.0009032314,0.1406738,0.08653659
9.58053e-05,0.00037862503,0.15772943,0.11219358
5.708903e-05,0.00024828588,0.15150702,0.09515231
1.7626975e-05,0.00011104976,0.18123609,0.10823192
5.646977e-05,0.00041324453,0.1498022,0.075620234
6.504636e-05,0.00042495018,0.17282136,0.10555918
7.7554505e-05,0.00044857562,0.16390014,0.0930457
9.2572634e-05,0.00048308336,0.15935312,0.09634616
3.4317593e-05,0.0001936663,0.18311585,0.11084063
6.509106e-05,0.00040248,0.1543547,0.08113217
3.1690182e-05,0.00021273035,0.19063394,0.11400026
6.866076e-05,0.00046031034,0.15954272,0.08061308
5.1137245e-05,0.00032777287,0.18417366,0.109770484
7.120601e-05,0.00043090514,0.1641372,0.088158794
5.8245703e-05,0.00034435248,0.17505533,0.103648685
9.936453e-05,0.0005355472,0.15256609,0.08678117
5.8386013e-05,0.00030689294,0.17117555,0.1082861
4.744509e-05,0.0002737851,0.16571578,0.09347017
5.9450293e-05,0.00036207653,0.16311848,0.09347228
6.4486e-05,0.00038030953,0.16496946,0.096778154
0.00039905697,0.0016470547,0.11880512,0.07417823
4.6830188e-05,0.00017144895,0.17953062,0.14351916
4.411868e-05,0.00021108513,0.14143257,0.07639148
7.311639e-05,0.00039660765,0.14438045,0.09254524
6.140433e-05,0.0003303705,0.1548674,0.09850559
6.216563e-05,0.00034726763,0.15720196,0.09497127
5.6206492e-05,0.00032137803,0.16349664,0.09834113
0.00010068143,0.0005349735,0.14790559,0.087575436
2.806581e-05,0.00016500687,0.19043076,0.11993365
5.2884687e-05,0.00035403096,0.1576618,0.07876851
7.99293e-05,0.00049014203,0.16444837,0.09847034
2.7341153e-05,0.00017953428,0.1967274,0.11367517
9.565198e-05,0.00061652105,0.15067619,0.07498999
4.2875112e-05,0.00026330946,0.19110253,0.119665585
9.05516e-05,0.0005317321,0.15181454,0.07851317
7.332492e-05,0.00039704647,0.16996665,0.10793461
4.9871822e-05,0.0002782865,0.16861032,0.096921176
5.9468537e-05,0.0003554963,0.1630093,0.09270808
0.00010040968,0.00054220564,0.15207267,0.0908812
5.08405e-05,0.00027200422,0.17324017,0.10913165
0.00012566197,0.00063134363,0.13889478,0.0794091
6.598685e-05,0.00031393566,0.16477236,0.112646826
9.894287e-05,0.00046421745,0.14023146,0.08361943
3.1534983e-05,0.00017186029,0.17849743,0.116818555
2.7060116e-05,0.00019248582,0.1715193,0.08852907
2.5220228e-05,0.00021512619,0.19314913,0.102129124
0.00012547479,0.00085937924,0.15297809,0.077686965
8.020201e-05,0.0004323011,0.17964485,0.1157496
4.525679e-05,0.00025186353,0.17564906,0.09791815
5.5162996e-05,0.00033743354,0.16600722,0.091669925
7.073492e-05,0.00041602802,0.1623516,0.094267845
0.00023344351,0.0010487171,0.13185552,0.08206597
5.7090525e-05,0.00023493227,0.17133825,0.12535898
3.154145e-05,0.00016974224,0.16095993,0.08998019
4.3079915e-05,0.0002863001,0.16109037,0.0914109
0.00012977308,0.0007331932,0.14266688,0.08428585
4.8602717e-05,0.00025845956,0.17974281,0.1185653
0.00020622913,0.0009430746,0.12586613,0.070854925
2.3538638e-05,0.00011683255,0.19911474,0.14323266
8.750677e-05,0.00049627316,0.13051939,0.06256716
3.7731737e-05,0.00022878587,0.18324572,0.12252056
0.0001438071,0.0007708493,0.13281207,0.07075289
1.6727601e-05,0.00010483015,0.21774954,0.14508586
7.4484095e-05,0.00051590725,0.1426185,0.061948825
3.2275257e-05,0.00022913859,0.2030002,0.12687038
5.832276e-05,0.00040995702,0.16615798,0.07943974
3.6376845e-05,0.0002628849,0.19994396,0.114253946
0.00014590351,0.0008583122,0.14591645,0.07399396
5.5866498e-05,0.00029362747,0.18592799,0.12330657
3.9850685e-05,0.00023689939,0.17087436,0.09019372
1.7865572e-05,0.00014211723,0.20347437,0.10969706
5.72263e-05,0.00046564479,0.16748433,0.078199744
5.158758e-05,0.0003703372,0.19389515,0.11110406
0.00011720786,0.00068175106,0.15736279,0.08310923
4.9490995e-05,0.00027219945,0.18751477,0.1175191
4.170943e-05,0.00025743915,0.17186582,0.08994986
2.0119227e-05,0.00015769119,0.2028007,0.1095147
0.00017822383,0.0011406556,0.13728638,0.06707189
7.201547e-05,0.00036415012,0.18343265,0.12767762
0.000564481,0.0019559653,0.10623352,0.06262304
5.3225795e-05,0.00016309935,0.17332347,0.15263675
4.5353e-05,0.00018397719,0.13064633,0.074077904
7.4051104e-06,5.501397e-05,0.19633916,0.12395778
1.6067677e-05,0.00017477307,0.1758607,0.076911576
3.0220872e-05,0.000317826,0.2066877,0.1053281
0.00014382634,0.0010038355,0.16229625,0.08056106
0.00012218134,0.00060086057,0.17261824,0.111016646
7.458718e-05,0.0003338559,0.16323647,0.09879789
9.198339e-05,0.00041877496,0.1466549,0.089988485
2.917583e-05,0.00015734669,0.17646573,0.11236568
7.827087e-05,0.00046881777,0.1415641,0.07550699
2.8510703e-05,0.00018754022,0.19171193,0.120719336
0.0005448223,0.0024968348,0.10607442,0.056454968
1.817648e-05,8.123145e-05,0.22383238,0.18154769
4.6895122e-05,0.00028658294,0.13461693,0.055639826
3.6192698e-05,0.00025475072,0.18320002,0.11631408
5.285603e-05,0.0003655779,0.16650674,0.08584466
0.00019460193,0.0010292244,0.14348724,0.08568657
9.9045756e-05,0.0004096019,0.1618651,0.1134688
5.1700645e-05,0.0002340229,0.15819637,0.09700016
0.0002309959,0.000957612,0.11857131,0.07469263
0.0003706866,0.0010668962,0.11604922,0.09623605
1.625277e-05,5.506565e-05,0.18095964,0.14612655
1.6194626e-05,0.00010466046,0.14303014,0.07108127
1.0933293e-05,0.000108987275,0.1934186,0.109680735
4.995678e-05,0.00047881703,0.16786134,0.07770375
5.6928682e-05,0.00043368773,0.19585088,0.11146538
0.000112230955,0.0006579356,0.16261835,0.08611039
0.00020583285,0.0008823672,0.1451123,0.09373419
7.362348e-05,0.00028058956,0.16142076,0.11357193
2.9675086e-05,0.00014803464,0.16373457,0.09798041
4.011657e-05,0.0002609688,0.15525688,0.08671086
8.254624e-05,0.0005133155,0.15217605,0.08992574
0.00011757228,0.00060309196,0.15167363,0.09582903
3.3785276e-05,0.00018402784,0.1851971,0.116615616
9.342433e-05,0.0005328212,0.14264008,0.07508768
2.7005084e-05,0.00016903125,0.1959953,0.12489184
8.1130216e-05,0.0005177377,0.14752339,0.072340995
0.00010266055,0.00055012153,0.1613565,0.10429552
0.00019783384,0.0008092745,0.13452804,0.08547259
3.7723523e-05,0.0001616962,0.17736903,0.126501
3.4699264e-05,0.00020017223,0.15333077,0.08192639
2.3773093e-05,0.00018060612,0.1824028,0.10487577
0.000114891256,0.00077272404,0.14555965,0.075545214
4.5272518e-05,0.0002733705,0.19361156,0.12434529
4.0560113e-05,0.000266991,0.17499405,0.08819909
4.723889e-05,0.000329942,0.17982474,0.09840102
0.00012533783,0.0007204861,0.15176484,0.08416562
0.00022116637,0.000909116,0.1404092,0.09471654
4.150966e-05,0.00016901732,0.17570378,0.12372191
3.607136e-05,0.00019907873,0.15341741,0.08323072
0.0010848296,0.0039540958,0.09196046,0.06092663
3.4961948e-05,0.00010371244,0.1850407,0.17635408
4.9398524e-05,0.00020481864,0.120443985,0.06278192
1.677768e-05,0.00010847049,0.17396474,0.11799475
0.00018728587,0.0010916959,0.11512706,0.060906783
5.2730302e-05,0.0002681632,0.17930935,0.13382284
3.491936e-05,0.00020452411,0.16448638,0.08772558
6.8982874e-05,0.0004330558,0.15724096,0.08997638
7.365762e-05,0.0004157173,0.16248178,0.09877623
9.8549186e-05,0.00050214696,0.15226582,0.09195409
8.692634e-05,0.0004125886,0.15415046,0.09901057
3.657646e-05,0.0001981962,0.17158717,0.10531579
7.18729e-05,0.00042537766,0.14887086,0.08229375
5.484847e-05,0.00032271058,0.16883962,0.105202764
8.085621e-05,0.00046217014,0.1537129,0.08741986
3.126941e-05,0.00019771223,0.1903337,0.115366496
0.00020404287,0.0010896433,0.12836905,0.06722205
0.00010868027,0.00045539485,0.160372,0.11900273
0.00012893806,0.00049030385,0.13358599,0.08496355
5.1478146e-05,0.00021774278,0.15686439,0.110945165
2.6007106e-05,0.0001495457,0.16105671,0.09444411
5.300197e-05,0.00035949494,0.15262198,0.08538045
5.233933e-05,0.0003429889,0.17124514,0.10241413
0.00015915478,0.0008416493,0.14115824,0.081307806
0.00014367184,0.0005881017,0.14977399,0.1055297
3.7358503e-05,0.00016525738,0.1703467,0.11174097
2.905216e-05,0.00017912993,0.16231857,0.08896632
4.546798e-05,0.0003212651,0.16313033,0.0910601
7.201062e-05,0.0004653023,0.16339527,0.09381104
8.528036e-05,0.0004812884,0.1634115,0.09734034
7.9387944e-05,0.00041172386,0.16184486,0.09792215
2.7076065e-05,0.0001646232,0.18843196,0.11083767
6.718375e-05,0.00044478764,0.15410702,0.078311145
4.1988777e-05,0.00027667673,0.18643948,0.11239453
4.8346483e-05,0.00032910562,0.1733521,0.08963486
5.1070845e-05,0.00034733093,0.18088232,0.100417756
0.00014565415,0.00079645956,0.14788875,0.08261259
0.000113808965,0.00050350896,0.15822569,0.10689892
7.055835e-05,0.00030792778,0.15513162,0.09830964
2.2641421e-05,0.00013113336,0.1798163,0.108178884
2.9596265e-05,0.00022593528,0.16843764,0.08547389
8.914579e-05,0.0006132474,0.15841573,0.08797126
0.00011700638,0.0006147186,0.1595396,0.099378765
4.0181574e-05,0.00021391449,0.18373504,0.11308576
9.1185786e-05,0.0005000905,0.14585507,0.0783909
2.1118665e-05,0.00013519273,0.20162822,0.12612426
7.315577e-05,0.0005013973,0.14872605,0.070165515
2.510338e-05,0.00018358523,0.21022463,0.12777482
5.838979e-05,0.00043150972,0.16550769,0.07598647
0.00011006693,0.0006607741,0.16638833,0.09883684
4.3611493e-05,0.00024516627,0.18741742,0.11213294
6.7839974e-05,0.0004035965,0.15937419,0.083885424
3.0854204e-05,0.00020268226,0.1921709,0.11342915
7.9603415e-05,0.00051586505,0.154622,0.07814574
4.9416103e-05,0.0003063586,0.18511468,0.11333234
4.8452224e-05,0.0003102888,0.17291051,0.091206335
0.00045917655,0.0020202158,0.1188372,0.071374066
0.0007587621,0.0017532175,0.11238782,0.10149362
3.4335702e-05,7.044786e-05,0.16388705,0.15458664
4.1978128e-05,0.00013998315,0.11250086,0.06932525
0.0008659964,0.0025971096,0.07984078,0.06596975
4.8832044e-06,1.9005642e-05,0.2109855,0.19632608
4.127538e-05,0.00027489554,0.10496655,0.042650014
3.8581442e-05,0.00027215318,0.1677548,0.11970339
6.5981476e-05,0.00043007787,0.15210742,0.08266143
5.437292e-05,0.0003386246,0.17808595,0.10958254
5.6090295e-05,0.00033545657,0.16715959,0.09245628
5.8556445e-05,0.0003583777,0.16836558,0.09657774
3.8552676e-05,0.0002514091,0.18278098,0.103814855
4.381575e-05,0.00030689844,0.17591944,0.09222961
0.0002747385,0.0014327131,0.13056491,0.07449711
0.00028031692,0.0009416699,0.13671723,0.10642449
4.242041e-05,0.00014379964,0.16606906,0.123195894
0.00011092866,0.00045436138,0.11821244,0.07069642
1.9408571e-05,0.0001078776,0.17747921,0.12605369
5.9931135e-05,0.00040310694,0.13856335,0.07030684
4.6682075e-05,0.00030788404,0.17650041,0.112108074
0.0003300149,0.0015152644,0.12029942,0.06904352
5.995368e-05,0.00023452783,0.17673315,0.13869314
4.942173e-05,0.00022934384,0.14511462,0.08100926
9.9523495e-05,0.0004961078,0.13804328,0.088689126
2.9658348e-05,0.00016581161,0.17595331,0.114922374
0.00022454793,0.001125513,0.11872336,0.06549506
4.820574e-05,0.00022152506,0.17786458,0.13403068
0.00012143351,0.000568753,0.12707956,0.06986852
9.7389e-05,0.00043405598,0.14994518,0.1081776
0.0004167735,0.0013777958,0.106789924,0.07269959
9.515852e-06,3.9996004e-05,0.21238443,0.17111549
0.000106412874,0.0006011199,0.10541517,0.045431197
5.251752e-05,0.0002949828,0.16716453,0.12465221
0.0001335236,0.0006664276,0.12953794,0.073850095
5.3521457e-05,0.00026794383,0.17099668,0.119888626
9.816406e-05,0.0004843611,0.13750829,0.07851658
5.195755e-05,0.000273284,0.1660822,0.110505335
4.431839e-05,0.0002627191,0.1613644,0.091590405
0.00013755015,0.0007407284,0.13899654,0.08247404
3.3602464e-05,0.00018477939,0.18668805,0.12372397
3.391293e-05,0.0002335976,0.168742,0.08500618
4.1267278e-05,0.00030880328,0.180041,0.09900289
0.00013435609,0.0008131998,0.14939392,0.08142501
0.00013890219,0.0006378579,0.15635465,0.10457724
2.5295616e-05,0.00012996569,0.19141293,0.119805515
2.7354903e-05,0.00019752202,0.16916429,0.0826789
0.00067938375,0.0031452926,0.107405216,0.06417943
7.95507e-05,0.00026091893,0.1728226,0.15084898
0.0002074841,0.00064252777,0.109233856,0.066202015
0.000743133,0.0016934497,0.09696839,0.088983856
8.9453446e-05,0.00016977097,0.12970066,0.13353078
8.6775835e-05,0.00021334417,0.10316069,0.081550024
3.584916e-05,0.00013816007,0.12306916,0.10135068
2.780488e-05,0.00016409338,0.13134351,0.08762705
6.140835e-05,0.00039571014,0.13767081,0.08767577
3.601553e-05,0.00023237948,0.17105138,0.10822881
0.00014324623,0.00080608553,0.13417733,0.07506057
5.7601424e-05,0.00029400518,0.17549777,0.121661946
0.0003351075,0.001326525,0.11312836,0.06653623
0.00011099686,0.00037230685,0.14880595,0.12342232
4.6589634e-05,0.00018503368,0.1435494,0.09404118
3.7288522e-05,0.00020785311,0.14918512,0.09324375
6.45826e-05,0.0004038724,0.14384596,0.08538093
6.609816e-05,0.00041098744,0.16046087,0.09930867
5.5956705e-05,0.00034641754,0.16934566,0.09924174
6.005686e-05,0.00037310162,0.16762157,0.09519254
0.00014547555,0.00075217057,0.14469837,0.08583273
7.3596144e-05,0.00034043172,0.16521029,0.111351624
2.1917362e-05,0.0001292821,0.18374804,0.10582984
3.8333306e-05,0.000285371,0.16464446,0.08316768
2.6826572e-05,0.0002197143,0.19798876,0.10919095
0.00012398559,0.0008392529,0.15213904,0.07565078
5.2768275e-05,0.00030898268,0.19349624,0.12326087
0.00011018482,0.0005879879,0.1480534,0.07769145
5.964209e-05,0.0003098749,0.17445847,0.11333162
3.9138366e-05,0.00022920381,0.16963172,0.09405784
0.00017295823,0.0009046908,0.13390683,0.0773465
7.029599e-05,0.00031859515,0.16740689,0.118676454
7.075203e-05,0.00033918573,0.14769298,0.08643746
2.3450342e-05,0.00014342068,0.1845429,0.11394315
0.00015799781,0.0009008893,0.127311,0.066524565
2.8963463e-05,0.0001660829,0.20015302,0.13901062
0.0001138871,0.00064479286,0.13446364,0.065403685
4.773944e-05,0.00026516404,0.18304184,0.12375052
2.457918e-05,0.00016631452,0.18222985,0.09444121
0.00010563198,0.0006925437,0.14969523,0.079108015
5.9969894e-05,0.00033860139,0.17978463,0.11480745
7.231245e-05,0.0004020656,0.15879619,0.08731883
0.00014591495,0.00069652783,0.14422747,0.0904004
0.00024973002,0.0008820611,0.12833959,0.09098694
6.076031e-05,0.00020953773,0.15584603,0.11897372
1.8337058e-05,9.6014264e-05,0.16377908,0.09823481
2.1757334e-05,0.00017231751,0.16517821,0.08817667
4.649225e-05,0.00037741257,0.16937184,0.09152929
4.055155e-05,0.00030792202,0.19227596,0.10653364
6.133385e-05,0.00042838557,0.17708279,0.09109459
8.1538936e-05,0.00049245433,0.17190638,0.097456254
3.7538866e-05,0.00022998758,0.19049935,0.109278835
4.111205e-05,0.00028404532,0.17645146,0.0898468
0.00016819371,0.00094121817,0.14365275,0.08117
4.9587234e-05,0.00024892777,0.1846659,0.12411802
7.2240866e-05,0.00038807932,0.15020174,0.08024401
2.950537e-05,0.00018550156,0.18741909,0.114934534
0.00016165568,0.000907556,0.13161044,0.06876691
7.451505e-05,0.00035912808,0.17167272,0.12164354
4.777175e-05,0.00024825335,0.1617779,0.09223833
3.4176377e-05,0.00021840174,0.17471357,0.10047487
0.00043522,0.0019850181,0.11231572,0.06506464
4.5524703e-05,0.00017671303,0.18559538,0.150799
4.282999e-05,0.00021290082,0.14367385,0.07478791
5.599931e-05,0.00032794607,0.15474029,0.09697164
0.0002257919,0.0010360336,0.124097265,0.07762942
2.3755887e-05,0.00011685049,0.19627666,0.14206229
0.00017133793,0.00085698836,0.115760475,0.057457298
6.290405e-05,0.00029384738,0.16761701,0.12639958
3.7816462e-05,0.00020692691,0.15947105,0.09018332
2.7059265e-05,0.00019249128,0.17945872,0.10181523
8.361564e-05,0.0005638454,0.15194581,0.080090255
4.572525e-05,0.0002916462,0.18779907,0.11536777
0.00017542255,0.0009107455,0.13751306,0.074369535
9.578201e-05,0.00041530776,0.1625774,0.115194075
3.1145915e-05,0.0001592852,0.17222103,0.10287415
0.00010422564,0.0005772021,0.13673669,0.0762252
6.0333216e-05,0.00031582944,0.16571198,0.11133633
5.005786e-05,0.00028686348,0.16082162,0.09195229
3.0308554e-05,0.00020685057,0.18350458,0.10529011
0.00029095588,0.001509807,0.12270545,0.066809915
0.00059536734,0.0017164137,0.11882941,0.09932544
2.2347565e-05,6.336495e-05,0.18460117,0.15627302
2.9549277e-05,0.00014393505,0.12834865,0.06615582
9.600165e-06,7.963849e-05,0.18747406,0.11690004
5.507442e-05,0.00048699533,0.15059526,0.07068194
0.001473723,0.0057312353,0.102254555,0.070015356
1.9408964e-05,5.993699e-05,0.2212493,0.20270038
0.00012862105,0.0005022418,0.100399695,0.044341803
2.6719334e-05,0.00013434613,0.17141141,0.13428396
3.9114107e-05,0.0002534902,0.14182714,0.07386152
6.2682026e-05,0.00041926475,0.16156626,0.09990102
2.801861e-05,0.00019527868,0.19186023,0.10983157
5.4650347e-05,0.00040100233,0.16905147,0.08421539
8.187679e-05,0.00051420997,0.1704833,0.09878883
7.195284e-05,0.0004032002,0.16986084,0.09906175
7.1907445e-05,0.00039190004,0.16377477,0.095623665
6.810674e-05,0.00036571312,0.16213441,0.09679959
9.225743e-05,0.0004704603,0.15091375,0.090787314
4.521729e-05,0.00024448527,0.1713118,0.10746939
3.2226264e-05,0.00021245643,0.17384368,0.09504003
8.4793246e-05,0.000547589,0.1542791,0.08428078
0.00011907727,0.0006147241,0.15530953,0.09816621
7.2369854e-05,0.00034227033,0.1631637,0.10411625
8.199971e-05,0.00039391848,0.14927779,0.0902551
0.00010813588,0.00049053,0.14286183,0.09274244
6.925815e-05,0.0003127198,0.15262605,0.10191326
0.00019024323,0.00077249703,0.12272566,0.07919023
3.1373344e-05,0.00013966308,0.17477982,0.12884384
0.000119176555,0.00058481813,0.12119915,0.06625518
2.6677695e-05,0.00015014804,0.18420523,0.12979971
0.00010848598,0.0006218701,0.1302109,0.06685048
5.67285e-05,0.00031101334,0.17355007,0.11910778
6.505074e-05,0.00035897805,0.1543621,0.08604038
7.907497e-05,0.00042915062,0.15744705,0.09719307
9.117805e-05,0.00045375337,0.15107277,0.09338787
2.3003024e-05,0.00013814645,0.1907847,0.11726821
5.3169828e-05,0.0003727344,0.15576603,0.07690279
5.1092687e-05,0.00034835693,0.17973454,0.10649268
0.00010486629,0.0006135671,0.1547288,0.08495799
0.00012733159,0.0006071895,0.15484825,0.09988087
8.972764e-05,0.00038632957,0.15368874,0.09985784
1.4538642e-05,8.685834e-05,0.19725436,0.11953716
3.2535994e-05,0.00026445647,0.16219342,0.075247094
7.7851626e-05,0.0005577472,0.16758749,0.09554854
9.6316886e-05,0.0005460744,0.16535784,0.097695015
5.8238882e-05,0.00031514262,0.1757408,0.105520986
5.6646517e-05,0.000321463,0.1648817,0.09245998
0.0001358186,0.0006865541,0.14244795,0.08517562
3.164768e-05,0.0001681703,0.18782496,0.12385837
6.960302e-05,0.00041448156,0.14632514,0.07475194
4.8439022e-05,0.00029495684,0.1758798,0.11022899
0.00011870189,0.0006417771,0.14364469,0.08015662
3.4967128e-05,0.0001966795,0.18967037,0.123295486
8.652812e-05,0.0005000316,0.14463158,0.074314386
7.190927e-05,0.00038965986,0.16673015,0.10810634
4.610432e-05,0.00026005463,0.16921374,0.09805895
5.566102e-05,0.00034056132,0.1638617,0.09230224
4.051138e-05,0.00026304397,0.17858087,0.10271016
5.530839e-05,0.00036851584,0.16904248,0.09067396
0.00011506012,0.0006485159,0.15502389,0.09040213
3.779647e-05,0.00021231016,0.1886813,0.11744862
7.0011876e-05,0.0004193336,0.15396747,0.07975771
4.760537e-05,0.0002902215,0.17861304,0.10911682
0.00011035993,0.00060909725,0.14669906,0.08088041
5.560988e-05,0.00029511307,0.17538135,0.11384608
6.272213e-05,0.00034706987,0.15698627,0.087431185
5.901522e-05,0.00033918952,0.1654851,0.09987159
6.484735e-05,0.00037074173,0.1608529,0.093363516
0.002534459,0.0073081506,0.083345376,0.057555985
5.7461137e-05,0.0001130756,0.1723082,0.19388624
3.332202e-05,8.864583e-05,0.117249474,0.07181336
4.3758696e-06,2.9106199e-05,0.17474122,0.11989498
1.7187867e-05,0.00018204717,0.14767314,0.06914616
7.7325196e-05,0.0006468017,0.16291873,0.094210885
0.00014824836,0.0008004716,0.15492769,0.09448222
7.0444716e-05,0.00032798998,0.17163096,0.111999184
5.3616208e-05,0.0002705253,0.16010734,0.09309947
3.214993e-05,0.00019804273,0.1738386,0.1014494
2.9438408e-05,0.0002207098,0.17833905,0.09445997
3.0138413e-05,0.00025130907,0.19169837,0.09944573
6.407561e-05,0.00048568388,0.17594637,0.088859566
0.00023900214,0.0012298186,0.14440784,0.08495305
7.874134e-05,0.0003298899,0.17300628,0.12160104
4.4585104e-05,0.00021770624,0.16097781,0.09269551
1.7308515e-05,0.00012185094,0.18872069,0.10678105
3.755964e-05,0.00031276737,0.16913924,0.08196323
2.708402e-05,0.00023396469,0.20748241,0.11271023
5.410372e-05,0.00043458302,0.18202323,0.0859483
3.6787682e-05,0.00028161742,0.20784494,0.112281956
3.2929787e-05,0.00026265945,0.19902885,0.09487347
7.040864e-05,0.0005117529,0.17737256,0.08921779
9.276398e-05,0.0005415217,0.17131507,0.09846251
0.00011274517,0.0005501412,0.15735486,0.094396606
2.5992467e-05,0.00014437723,0.19432648,0.11966175
0.00010012548,0.0005901998,0.13873044,0.06945185
6.608681e-05,0.00035766084,0.17064214,0.1138847
0.00010112251,0.00050594896,0.14600874,0.084501214
4.755559e-05,0.00024951427,0.173263,0.11205455
7.430039e-05,0.0004047185,0.14882983,0.08320919
6.069582e-05,0.0003331488,0.16471131,0.10373374
0.0005089522,0.0019329854,0.10879514,0.06821537
6.0028757e-05,0.00019148433,0.16878071,0.1454895
6.9622045e-05,0.0002668113,0.12577584,0.07412545
4.731926e-05,0.00022964555,0.14767022,0.10357605
0.0001990248,0.00087405625,0.11419709,0.07287915
6.20983e-05,0.00026257476,0.15738966,0.121375814
2.9502728e-05,0.00015910313,0.15917353,0.094165415
6.582975e-05,0.0004074127,0.1466196,0.08440956
8.054842e-05,0.00045171593,0.15550591,0.098023854
5.0746123e-05,0.0002863614,0.16924304,0.10304262
6.0189846e-05,0.0003555762,0.16073222,0.091194235
8.3038816e-05,0.000464293,0.15639906,0.09334161
0.00019491877,0.0008633821,0.13500921,0.08605549
6.745552e-05,0.00027688575,0.16184261,0.116005644
7.643181e-05,0.00034840172,0.13914835,0.08372038
2.8098102e-05,0.00016267005,0.17308319,0.111244194
8.079448e-05,0.00050022383,0.14108443,0.07579127
0.00041283757,0.0017003537,0.120088056,0.08302515
2.9850655e-05,0.00011632514,0.18961158,0.14801818
4.4933357e-05,0.0002416521,0.13878115,0.0697523
7.766046e-05,0.00044073918,0.14816238,0.09550876
0.00010682699,0.0005282616,0.14316267,0.091050975
3.512704e-05,0.00019086793,0.17793186,0.11504685
9.261499e-05,0.0005185924,0.14040652,0.07600867
5.6902805e-05,0.00031131308,0.16884893,0.11079586
0.00012970614,0.0006438875,0.13778156,0.080136165
6.591275e-05,0.0003131403,0.16438897,0.11250739
3.4155277e-05,0.00019396956,0.16720039,0.09630457
3.6652633e-05,0.00025553527,0.17003511,0.093542896
5.5027293e-05,0.00038267812,0.16910408,0.09303152
9.001762e-05,0.00054420216,0.1616079,0.09261942
4.5562083e-05,0.00026988392,0.18400224,0.110306166
0.00012761015,0.0006845131,0.14362028,0.07817477
4.7142283e-05,0.00024658963,0.1804163,0.11923736
5.371291e-05,0.00031225735,0.15762044,0.084500045
9.5776195e-05,0.0005315523,0.15248957,0.09226773
3.219695e-05,0.0001894465,0.18601917,0.1146055
7.730803e-05,0.0004785638,0.15059756,0.07800232
5.4465832e-05,0.00032391775,0.17674938,0.11019759
8.949286e-05,0.0004963764,0.15268144,0.08490144
4.9153696e-05,0.0002761294,0.17714009,0.11051992
7.064424e-05,0.00040101868,0.15523034,0.085602164
3.7026934e-05,0.00022935496,0.18253551,0.110019736
7.193667e-05,0.0004497502,0.15629616,0.0826148
7.861524e-05,0.00044478817,0.16583616,0.10181539
6.0083534e-05,0.0003294897,0.16723883,0.098596536
5.0736555e-05,0.00029809168,0.16907017,0.09736995
7.774211e-05,0.00044669354,0.15671359,0.08969345
0.00016258351,0.000759863,0.14078745,0.08898108
3.7753227e-05,0.00018044413,0.18042773,0.122251935
6.221375e-05,0.00034747095,0.14618309,0.07784568
2.9984194e-05,0.00019499207,0.18346305,0.11297993
7.908571e-05,0.0005110274,0.15076873,0.07816509
3.061217e-05,0.00020629913,0.19904326,0.12158223
0.000144811,0.0008481286,0.13935737,0.069594406
5.0830506e-05,0.0002717181,0.18753602,0.12665322
0.00011284691,0.00056735467,0.14012393,0.075008936
3.8658753e-05,0.00020875107,0.18234941,0.120746925
5.3715718e-05,0.00032550129,0.15487555,0.08121039
3.5066023e-05,0.00023909356,0.18432717,0.108796045
9.470055e-05,0.0005912655,0.15200743,0.080073036
4.1670533e-05,0.00025451725,0.19027717,0.11808539
0.00010277617,0.00058532966,0.14809498,0.077440895
3.7626203e-05,0.00022021841,0.19027898,0.12085395
0.00018140051,0.00092406006,0.129522,0.06827939
9.014263e-05,0.00038960227,0.16285722,0.11913113
4.5699453e-05,0.00021787155,0.15888026,0.09547564
3.4135744e-05,0.00020999875,0.16700052,0.09713612
5.728271e-05,0.00037593677,0.1584139,0.08798224
5.3493743e-05,0.00034279854,0.17351227,0.10226214
0.0001116646,0.00062011153,0.15135252,0.08603902
6.7025e-05,0.00034042055,0.17007862,0.10940166
3.4575354e-05,0.000201653,0.17555112,0.09961289
0.0073977285,0.019073332,0.06576369,0.043819252
1.6414566e-05,3.057331e-05,0.20706321,0.26440367
7.147364e-05,0.00016523336,0.084130526,0.042008568
5.289476e-06,2.9754945e-05,0.17016391,0.14205015
1.0717218e-05,0.00011254843,0.14500237,0.067842655
2.8894938e-05,0.00030762778,0.18472162,0.10313914
0.00011014074,0.00078679726,0.16059093,0.08435251
7.302155e-05,0.00041120517,0.18315883,0.11434252
0.00011488906,0.00055501756,0.15056661,0.085621335
2.6101841e-05,0.00014318907,0.19343095,0.12273588
9.8968514e-05,0.00057644176,0.136611,0.06850662
4.535407e-05,0.00026120193,0.18100631,0.12007987
7.965678e-05,0.0004535046,0.14957781,0.08001284
5.4505326e-05,0.00031621943,0.17328052,0.108446024
4.3694847e-05,0.000276042,0.1716699,0.09469761
4.8607184e-05,0.00033034818,0.17487365,0.09653298
0.000112344314,0.00065400265,0.15335113,0.08639468
6.883979e-05,0.00035538193,0.17184919,0.10962887
9.424548e-05,0.0004644134,0.1491041,0.0867228
2.2136424e-05,0.00013177241,0.19450963,0.12119153
0.00013244318,0.0007796803,0.13100593,0.06510092
6.3498264e-05,0.00033180264,0.17502122,0.12176011
5.9268197e-05,0.00031974958,0.15725382,0.08755267
2.9879675e-05,0.00019384686,0.18491761,0.108955264
6.938605e-05,0.00045819714,0.15586905,0.08057344
3.7825463e-05,0.00025275577,0.1911629,0.11433674
8.650975e-05,0.000539269,0.15619327,0.08045856
4.7377984e-05,0.00028588081,0.18631023,0.11409769
0.00010564553,0.00058261,0.1485778,0.079721026
5.0111154e-05,0.00027245606,0.17921524,0.115059376
9.612222e-05,0.0005077248,0.14533201,0.080090396
5.260326e-05,0.0002827402,0.17201778,0.111148074
3.2275155e-05,0.00020428536,0.17495665,0.09630575
1.9749554e-05,0.00016307099,0.19773838,0.10349614
0.00010219337,0.0007460416,0.15460113,0.07569246
4.0500618e-05,0.00026310314,0.2032785,0.12555896
0.00038597322,0.0017805055,0.118895486,0.061642695
0.00013319304,0.00044884242,0.15863492,0.13024546
0.0005729696,0.0013986328,0.09730014,0.06811181
2.832869e-05,7.411441e-05,0.16775775,0.1587862
0.0006004079,0.0016108888,0.07360615,0.045564085
1.5946556e-05,5.5368564e-05,0.17227392,0.1683012
5.1877378e-06,4.026633e-05,0.15546769,0.07590817
1.5780908e-05,0.00018118837,0.17813718,0.09323068
5.5250242e-05,0.00050492195,0.17551595,0.08900266
0.0001861426,0.001081813,0.15498202,0.0898064
0.00014766603,0.00059636397,0.15728465,0.10751792
5.2551823e-05,0.00021532505,0.16354352,0.10628975
3.2085103e-05,0.00017615865,0.1616037,0.09403372
4.628792e-05,0.0003026799,0.15709646,0.08899319
2.959352e-05,0.00021870736,0.18443586,0.10540845
0.000102940314,0.00069226936,0.15203632,0.07881704
4.4880242e-05,0.00027838207,0.1942173,0.12111373
0.00010449031,0.0005930584,0.14985324,0.07750558
5.314308e-05,0.0002940725,0.18009631,0.115172885
5.278395e-05,0.00030921618,0.16385981,0.088802174
7.05778e-05,0.00041519347,0.16190045,0.094571345
5.4979977e-05,0.0003163425,0.16993752,0.101016335
7.9458005e-05,0.00044645363,0.15634403,0.08944833
5.6819565e-05,0.00031635244,0.1696974,0.10404814
3.397571e-05,0.00021633998,0.1788592,0.10015258
7.378557e-05,0.0004758968,0.15805992,0.08479816
9.37646e-05,0.0005151704,0.1613785,0.099237844
6.756185e-05,0.00034856587,0.16554384,0.10099484
6.408548e-05,0.0003418378,0.16031633,0.094530836
8.159253e-05,0.0004267463,0.15309319,0.09243027
4.8332233e-05,0.00026450114,0.1687003,0.10441219
6.99751e-05,0.00039836616,0.15369956,0.087358795
1.7804536e-05,0.00012532924,0.20478815,0.12119085
0.00022548437,0.0013440527,0.12433087,0.05963229
2.5141177e-05,0.00014254347,0.21710831,0.15482013
0.00010290855,0.0006025463,0.13454373,0.060012616
4.8518345e-05,0.00028134967,0.18511702,0.12404933
0.00013276009,0.0006774668,0.13711518,0.07381026
4.26808e-05,0.00022377909,0.18286969,0.12360309
9.3005896e-05,0.000493427,0.14055593,0.07523419
7.439756e-05,0.0003807486,0.16109163,0.10683447
4.2466814e-05,0.00023529405,0.16744305,0.099183455
3.3277312e-05,0.0002241175,0.17541277,0.09739118
4.833633e-05,0.00034397646,0.17083009,0.09142676
5.169236e-05,0.00035492188,0.17944568,0.10010054
5.4493074e-05,0.00035858495,0.17803541,0.09698729
0.00027514278,0.0013129247,0.13212651,0.0767949
4.5997276e-05,0.00019622204,0.18563938,0.1360642
3.9562958e-05,0.00021475507,0.15457165,0.08080534
4.410186e-05,0.00028481634,0.16566084,0.09776238
8.4169755e-05,0.00050796964,0.15274589,0.08704217
8.6627464e-05,0.00046352614,0.16144381,0.10130481
3.626896e-05,0.00020750739,0.18094584,0.10788969
8.187252e-05,0.00048550774,0.1501362,0.080424495
3.563171e-05,0.0002205799,0.18759444,0.11612834
6.325131e-05,0.00040520614,0.15898952,0.08174512
4.2778902e-05,0.0002793365,0.18514378,0.10961585
6.648043e-05,0.00042187504,0.1641187,0.08651757
8.316493e-05,0.00047494576,0.16561207,0.09864069
4.8096594e-05,0.0002733747,0.17651686,0.10417325
0.00012282819,0.00064934633,0.14351936,0.08066273
5.152152e-05,0.0002638122,0.1753315,0.11606444
6.47932e-05,0.00035533757,0.15266971,0.084445015
3.45001e-05,0.00021580809,0.18053195,0.109222874
5.1836287e-05,0.00034854276,0.16376099,0.0859128
9.083048e-05,0.00054511795,0.16102701,0.094457276
6.286232e-05,0.00034408853,0.17185837,0.10447125
8.383422e-05,0.00044396718,0.1551107,0.08925654
4.5041514e-05,0.00025000915,0.1746136,0.10769425
5.069321e-05,0.00031000332,0.16280772,0.08916839
8.6155145e-05,0.00049935427,0.15627283,0.091887206
4.8925216e-05,0.00027866918,0.17556477,0.10742014
3.9587165e-05,0.0002549454,0.17445362,0.094973564
0.00011244358,0.00065972965,0.14954135,0.08360648
3.5294473e-05,0.00020605947,0.19203654,0.121380396
9.993183e-05,0.0005771511,0.14465177,0.07407679
3.7122027e-05,0.00022009054,0.19003718,0.121900655
5.252898e-05,0.00033789303,0.16166899,0.0818303
7.812656e-05,0.000474029,0.1649058,0.097473666
8.1319085e-05,0.0004365271,0.16187146,0.096699566
0.00010798607,0.00052292796,0.15051523,0.09240324
3.100041e-05,0.00016749489,0.18378006,0.11619988
9.414937e-05,0.0005384953,0.13981251,0.07344261
3.1750173e-05,0.00019445656,0.18996103,0.122591645
5.789032e-05,0.0003808552,0.1574607,0.07905876
0.00011191566,0.00063238246,0.15657152,0.09557181
6.1904946e-05,0.000316583,0.17052318,0.10695748
7.86361e-05,0.00040853245,0.15308978,0.08839449
3.150704e-05,0.00018648291,0.18268433,0.11182345
0.000119711716,0.0006837155,0.13774943,0.07306118
2.5599935e-05,0.00015637213,0.20168918,0.13219413
0.000105363826,0.0006407472,0.13897306,0.06666731
7.1621886e-05,0.0003871127,0.172854,0.115813784
9.961953e-05,0.0004901926,0.14727683,0.0850341
3.6302503e-05,0.00019938068,0.18119462,0.11558774
3.6441008e-05,0.00024178352,0.16709335,0.08695536
0.00010053435,0.00061978167,0.15214473,0.08664725
6.4537104e-05,0.00035170795,0.17261818,0.10906573
7.6505676e-05,0.00040871373,0.1565433,0.08933126
4.4059463e-05,0.00025178233,0.17497881,0.10647524
0.00027553263,0.0012630629,0.12101734,0.06980059
4.595157e-05,0.00019376892,0.17984684,0.13762172
0.00010194333,0.00046579575,0.1278819,0.07001813
7.242706e-05,0.000341313,0.15354346,0.10871241
3.8456637e-05,0.00020787733,0.16112071,0.09785854
0.00019501372,0.0009587626,0.124775924,0.074595384
4.2381318e-05,0.00019847426,0.17757143,0.12955174
3.2302225e-05,0.00019557143,0.1610669,0.08532273
4.750184e-05,0.0003267393,0.16661018,0.09485355
0.00012690292,0.0007196948,0.14683759,0.085046664
6.496764e-05,0.00033087164,0.17221102,0.1127875
8.6299406e-05,0.00043167718,0.14920203,0.08609207
3.6651923e-05,0.00020556168,0.17724775,0.111222856
2.9605553e-05,0.00020815861,0.17409843,0.09132651
5.9742353e-05,0.0004300801,0.16718055,0.08995476
0.00014554105,0.0008032236,0.15090826,0.0890504
1.664037e-05,0.00010343898,0.22080624,0.13801302
2.8971554e-05,0.00024115987,0.17328711,0.07348933
2.7738157e-05,0.00024928895,0.206849,0.11001997
6.4564025e-05,0.00050850055,0.1778444,0.084561005
3.4619927e-05,0.00025971202,0.2120211,0.11719268
7.306525e-05,0.00050320756,0.1698844,0.08096957
6.490754e-05,0.00040003724,0.18289615,0.10682407
4.6699988e-05,0.00028752844,0.18035354,0.09836665
8.666395e-05,0.0005115913,0.15904118,0.087394126
7.4889e-05,0.00040049947,0.16675541,0.1027631
5.4541677e-05,0.00029895979,0.16770707,0.098312885
4.6882364e-05,0.00028238597,0.16959149,0.09686492
9.204621e-05,0.00052601186,0.15212259,0.0868562
0.00011755039,0.00056406326,0.15130265,0.09756089
3.3687982e-05,0.00017490906,0.18131194,0.114987
5.4922963e-05,0.0003338562,0.15365882,0.080921404
6.1753664e-05,0.0003727745,0.16565546,0.100495785
0.000112457536,0.00058897526,0.14826992,0.0876703
2.4997356e-05,0.00014635535,0.19722033,0.12449611
0.00014659444,0.00082664913,0.13034597,0.06481475
3.823323e-05,0.00021003913,0.19130826,0.13231996
6.02609e-05,0.00035992588,0.15239924,0.07686873
8.749103e-05,0.0004946827,0.15943372,0.0987797
4.821356e-05,0.0002682564,0.17285381,0.10436541
7.471333e-05,0.00042824008,0.15531018,0.08701175
6.18177e-05,0.0003445546,0.1670467,0.10277813
7.160966e-05,0.0003944286,0.15726057,0.09113596
7.955322e-05,0.0004214246,0.15756911,0.09663878
0.00039812294,0.0015029374,0.116068006,0.07588784
2.5655629e-05,9.815352e-05,0.1910644,0.15223484
3.6635978e-05,0.0002056256,0.13848257,0.06801407
3.4986737e-05,0.00024241272,0.1693768,0.1050377
5.9807753e-05,0.00040764624,0.15963621,0.08683091
8.8357294e-05,0.00052591146,0.16335474,0.09768647
0.00027359245,0.0011422414,0.13076699,0.08281531
7.287336e-05,0.00026574248,0.1631577,0.12328893
0.00010027438,0.0003919516,0.12936197,0.0797038
4.3761258e-05,0.0002027905,0.1556062,0.1091186
2.1278302e-05,0.00013802544,0.166629,0.095653035
9.485773e-05,0.00062938203,0.14130192,0.077540085
4.235763e-05,0.00026078973,0.18554892,0.11919937
7.060779e-05,0.00043391687,0.1568746,0.08191534
4.6194367e-05,0.0002873576,0.18237758,0.11032714
0.00013699867,0.00073462754,0.1419855,0.07770055
0.000142055,0.0006082967,0.14963432,0.1036763
0.003234558,0.0068829623,0.07752945,0.060114026
4.323324e-06,8.93685e-06,0.24176998,0.2672736
2.3711871e-05,0.00010783587,0.08969792,0.032118145
2.2220047e-06,2.4565794e-05,0.21506563,0.14835343
5.20179e-05,0.00059709855,0.13707232,0.052405547
0.0001966998,0.0012592238,0.15977637,0.104631506
0.00010808972,0.00046345792,0.16507153,0.10873974
4.3265096e-05,0.00020334104,0.17151847,0.105288304
2.3217151e-05,0.0001479395,0.17624626,0.09708137
0.00012644015,0.0007718126,0.136424,0.073560655
8.747752e-05,0.00043624575,0.1642699,0.112755395
3.02258e-05,0.00017044116,0.18007657,0.10515485
0.00022547516,0.0011396097,0.1234294,0.067998655
5.8394467e-05,0.00026000658,0.17349185,0.12931907
3.5117835e-05,0.00019638102,0.16136633,0.08889556
8.0693244e-05,0.00048449502,0.14933173,0.08652924
0.00015525491,0.00073865254,0.14046147,0.09064296
5.7911897e-05,0.00026096104,0.16662413,0.11395376
0.00020508611,0.0008377237,0.1204012,0.07283083
0.0011352433,0.0027504633,0.09532541,0.08198557
5.949828e-05,0.00011476118,0.15099446,0.15775445
1.2292129e-05,4.1561794e-05,0.13689123,0.09037283
4.1432064e-05,0.0002461748,0.11694139,0.073686935
9.972443e-05,0.00057183043,0.12675476,0.08775833
6.391959e-05,0.00033699258,0.15371546,0.10554827
0.00020372143,0.00087290443,0.122868784,0.078079514
0.00030032345,0.00093369046,0.12059034,0.096609555
0.00020225566,0.0005104052,0.12029581,0.10168007
1.8342065e-05,6.250219e-05,0.16053277,0.12618037
5.129697e-06,4.067062e-05,0.16679434,0.08889101
5.579694e-05,0.0005228072,0.1402168,0.07099424
0.00027630085,0.0015078436,0.13507433,0.087951764
0.00032497064,0.0010777691,0.13046867,0.09851563
4.317346e-05,0.00014634711,0.16700163,0.12896995
0.00015078542,0.000594219,0.11117608,0.06627084
2.6073145e-05,0.00012969652,0.16891783,0.12674919
6.028534e-05,0.00036782862,0.13312872,0.07125474
0.0007559533,0.0029331432,0.10296121,0.07352235
0.00052664866,0.0011317576,0.11405626,0.110978305
1.332202e-05,3.2396365e-05,0.17725475,0.15768634
4.0909068e-05,0.00018743024,0.10556984,0.056740288
2.7970946e-06,2.7970305e-05,0.2118197,0.14087334
3.4211265e-05,0.00040870995,0.15057844,0.058971107
0.00013533312,0.0009806074,0.16779551,0.10183192
0.00036525054,0.0014615185,0.13209006,0.08440433
3.378815e-05,0.00013214395,0.19377962,0.14613149
3.5177403e-05,0.00019265125,0.1478263,0.073865145
2.3682758e-05,0.00017735362,0.17909887,0.10527267
7.631184e-05,0.00055149884,0.15322791,0.07919474
8.47243e-05,0.00050352357,0.17082182,0.10583089
6.957326e-05,0.00037859599,0.16684392,0.09696878
1.5665635e-05,0.00011212482,0.21134661,0.11909334
3.6393474e-05,0.0003159778,0.17457539,0.07758336
7.0434115e-05,0.0005240541,0.1798111,0.09870956
0.00021634312,0.0010887437,0.14499542,0.08406468
5.0744842e-05,0.00023016498,0.18598405,0.12777308
3.4712648e-05,0.00019680681,0.16510658,0.08671622
2.7962922e-05,0.00020380631,0.18070191,0.10006673
9.481675e-05,0.0006320102,0.15198722,0.08030539
5.7168818e-05,0.00033949708,0.18274602,0.11423915
5.331635e-05,0.00032116417,0.17021903,0.09170629
6.369463e-05,0.00038469475,0.16830915,0.09609812
0.00013263365,0.00067276147,0.14666067,0.087083764
4.3714044e-05,0.00022129563,0.179527,0.11770498
6.280526e-05,0.00035278665,0.15175158,0.08201423
3.980565e-05,0.00024660505,0.17719823,0.1077466
9.981674e-05,0.00057868916,0.14695345,0.0803332
6.776526e-05,0.0003609411,0.16974467,0.109731644
5.1868905e-05,0.0002884285,0.1652491,0.09465469
4.3821077e-05,0.00027299594,0.1719976,0.098534554
0.0001531907,0.00081427925,0.13892682,0.07953212
4.64235e-05,0.0002336769,0.18107271,0.12301422
7.714549e-05,0.0004118318,0.14586473,0.07877978
3.3479293e-05,0.0002020898,0.18278027,0.114931576
7.248135e-05,0.00045113475,0.15111518,0.07904058
7.928145e-05,0.00044986446,0.16500285,0.10319863
3.1288346e-05,0.00019168439,0.18665853,0.10841893
5.568419e-05,0.00037633206,0.16367304,0.08415679
2.340485e-05,0.00017733878,0.20626794,0.11700416
3.5734516e-05,0.00029981812,0.18437581,0.08511113
8.732751e-05,0.0006164227,0.17302668,0.09264745
7.00445e-05,0.00041049684,0.18031351,0.10517805
0.000104904444,0.0005445101,0.1562046,0.08852918
9.544692e-05,0.00044405053,0.15705407,0.1006269
5.887379e-05,0.0002824896,0.15988468,0.099701226
4.8468508e-05,0.00026765777,0.1598597,0.09485253
5.4750446e-05,0.0003278294,0.1600159,0.09355117
7.890993e-05,0.00045269678,0.15612303,0.092420325
7.7398974e-05,0.00040913446,0.16006026,0.09912829
5.363317e-05,0.00029085047,0.16699263,0.10076999
6.075519e-05,0.00034674525,0.16000654,0.09218093
4.43262e-05,0.00026996667,0.17352393,0.102290645
0.00010852424,0.0006067398,0.14693873,0.082626015
5.6210065e-05,0.00029712793,0.17387524,0.11269997
6.709281e-05,0.00036687293,0.15526333,0.0870692
5.6287772e-05,0.0003197739,0.16663441,0.101703204
3.965659e-05,0.00024811242,0.17354983,0.098611355
5.012009e-05,0.00033730693,0.16985664,0.09266884
3.6928694e-05,0.00026135385,0.18762092,0.104329996
0.000119357144,0.0007283353,0.15136863,0.079982586
2.9265773e-05,0.00017981166,0.20558141,0.1289526
3.1062445e-05,0.00023281395,0.17862093,0.083137505
0.0047310195,0.0148396585,0.077249646,0.049966283
0.00017856002,0.00029371656,0.14793244,0.18865481
3.8318874e-05,5.693737e-05,0.12351823,0.10238557
1.2957617e-05,4.4944856e-05,0.12731591,0.10025083
6.5529835e-06,5.231854e-05,0.14299375,0.089723736
0.00012973981,0.00095691264,0.11593745,0.067949414
0.00023547906,0.0010179603,0.13349144,0.10246842
0.00016297669,0.0005166065,0.13386643,0.102009006
0.00017712812,0.00049549836,0.121231034,0.0944522
8.618591e-05,0.00024974413,0.12789679,0.104019076
0.00033103538,0.0009295377,0.09449603,0.073529616
0.00077566225,0.0015669895,0.09023223,0.09119416
3.361702e-06,9.747077e-06,0.20496139,0.1948887
0.00011473052,0.0006024159,0.07816578,0.03464299
4.1956413e-05,0.0002608978,0.15164581,0.12375529
