18-5-8-8-8-1-3-2-16-1-0.95,0.28666267,0.47262758
21-4-9-8-4-1-3-2-16-1-0.95,0.28685084,0.47735095
24-3-9-8-4-1-3-2-16-1-0.95,0.28688636,0.47256178
24-2-9-8-8-1-2-2-16-1-0.95,0.28732985,0.47345424
18-2-8-8-4-1-2-2-16-1-0.95,0.28779513,0.4727625
30-4-10-8-4-1-3-2-16-1-0.9,0.2879029,0.47989076
18-5-9-8-4-1-3-2-16-1-0.95,0.28804618,0.48944718
18-2-8-8-4-1-2-2-16-1-0.9,0.28840098,0.46799335
18-4-8-8-8-1-3-2-16-1-0.9,0.28896552,0.48373097
30-3-9-8-4-1-3-2-16-1-0.9,0.28909823,0.4796289
21-5-9-8-8-1-2-2-16-1-0.95,0.28915977,0.48264104
21-3-9-8-4-1-3-2-16-1-0.9,0.28927845,0.49336544
24-2-8-8-4-1-3-2-16-1-0.95,0.289316,0.48194712
21-5-8-8-8-1-3-2-16-1-0.9,0.2897465,0.47040802
27-3-9-8-8-1-2-2-16-2-0.9,0.28988603,0.46790034
27-2-9-8-4-1-2-2-16-1-0.95,0.2899094,0.47317633
18-4-8-8-4-1-3-2-16-1-0.5,0.2903323,0.47460237
30-2-8-8-4-1-2-2-16-1-0.95,0.2904645,0.4740314
27-2-9-8-4-1-2-2-16-1-0.9,0.29063013,0.4793796
18-5-8-8-4-1-3-2-16-1-0.95,0.29085952,0.49460977
30-4-8-8-4-1-3-2-16-1-0.9,0.29091078,0.48648447
30-4-9-8-4-1-3-2-16-2-0.9,0.2911628,0.4718225
27-5-10-8-8-1-3-2-16-1-0.9,0.29155186,0.47131643
18-4-8-8-4-1-2-2-16-1-0.9,0.2916028,0.4754725
18-5-9-8-8-1-3-2-16-1-0.9,0.29166666,0.47574824
21-2-8-8-4-1-2-2-16-1-0.9,0.29174492,0.47954243
18-4-8-8-4-1-3-2-16-1-0.9,0.29180747,0.48656303
18-2-9-8-8-1-3-2-16-1-0.9,0.29184967,0.48843688
18-4-9-8-4-1-3-2-16-1-0.5,0.29198164,0.4726011
27-4-10-8-8-1-2-2-16-1-0.9,0.29199073,0.4766985
21-4-9-8-8-1-2-2-16-1-0.95,0.29204324,0.4743616
27-4-10-8-4-1-2-2-16-1-0.9,0.2921022,0.48132735
18-5-9-8-4-1-3-2-16-1-0.5,0.29214513,0.4696831
21-2-9-8-4-1-2-2-16-1-0.9,0.29229876,0.47425476
18-4-9-8-8-1-3-2-16-1-0.9,0.29245403,0.48705918
18-5-10-8-4-1-3-2-16-1-0.9,0.29248765,0.4739936
30-2-8-8-8-1-3-2-16-2-0.9,0.29250273,0.4898242
18-4-9-8-8-1-2-2-16-1-0.9,0.29254004,0.4724032
24-3-9-8-4-1-2-2-16-1-0.95,0.2926044,0.48918614
18-4-10-8-8-1-3-2-16-1-0.95,0.2926897,0.49109784
24-5-8-8-8-1-3-2-16-1-0.9,0.29278487,0.55916756
24-5-9-8-4-1-2-2-16-1-0.9,0.292952,0.4832159
21-5-8-8-4-1-2-2-16-1-0.95,0.29301813,0.486816
18-2-9-8-8-1-2-2-16-1-0.95,0.2930366,0.47421122
18-4-8-8-8-1-2-2-16-1-0.95,0.2931064,0.50733006
24-3-8-8-8-1-2-2-16-1-0.9,0.2931297,0.47391286
21-2-8-8-8-1-3-2-16-1-0.9,0.29318157,0.47999397
18-3-10-8-4-1-3-2-16-1-0.5,0.29322645,0.47015715
24-3-8-8-4-1-2-2-16-2-0.9,0.29323414,0.48051682
24-2-9-8-8-1-2-2-16-1-0.9,0.29325688,0.46782136
27-4-10-8-4-1-3-2-16-2-0.9,0.2932691,0.4725933
21-5-8-8-8-1-2-2-16-1-0.9,0.29328114,0.48664632
18-5-10-8-8-1-3-2-16-1-0.95,0.29328173,0.49205574
21-4-8-8-4-1-2-2-16-1-0.95,0.29348025,0.48450652
24-2-8-8-8-1-2-2-16-1-0.95,0.29348096,0.46208248
24-2-9-8-4-1-2-2-16-1-0.95,0.29350662,0.4823738
18-4-10-8-4-1-3-2-16-1-0.5,0.29353884,0.47271752
24-2-8-8-4-1-2-2-16-2-0.95,0.29354182,0.49181765
21-3-8-8-4-1-3-2-16-1-0.9,0.29356745,0.48149103
18-3-10-8-4-1-2-2-16-1-0.9,0.29360634,0.47423512
24-4-9-8-4-1-3-2-16-1-0.9,0.29363516,0.48167387
30-3-9-8-8-1-3-2-16-1-0.9,0.29370585,0.47780213
27-2-9-8-4-1-2-2-16-2-0.9,0.2937687,0.46867746
18-3-8-8-4-1-3-2-16-1-0.5,0.2937835,0.47323555
30-2-9-8-4-1-2-2-16-1-0.9,0.29378578,0.47910643
18-2-10-8-4-1-3-2-16-1-0.9,0.29387653,0.4829928
27-3-8-8-8-1-3-2-16-1-0.9,0.2938806,0.4845902
27-5-10-8-4-1-2-2-16-1-0.9,0.29394436,0.4832585
24-3-9-8-4-1-2-2-16-2-0.9,0.29400834,0.4787058
24-2-9-8-8-1-2-2-16-2-0.9,0.29401532,0.4805091
21-3-9-8-4-1-3-2-16-1-0.95,0.29410213,0.47859144
21-3-9-8-4-1-2-2-16-1-0.9,0.29412973,0.47616354
24-5-9-8-4-1-2-2-16-2-0.9,0.29415697,0.4830287
18-2-10-8-8-1-2-2-16-1-0.9,0.29416424,0.4835128
21-3-9-8-4-1-2-2-16-1-0.95,0.2942201,0.4769268
30-5-9-8-4-1-3-2-16-1-0.9,0.29422066,0.46949744
30-5-8-8-8-1-3-2-16-2-0.9,0.29427475,0.4706602
18-2-10-8-4-1-2-2-16-1-0.9,0.29437166,0.49225885
30-5-8-8-4-1-2-2-16-1-0.9,0.2943874,0.47683772
18-5-8-8-8-1-3-2-16-1-0.9,0.29439303,0.4848473
18-5-10-8-8-1-3-2-16-1-0.9,0.29444563,0.4827494
18-3-10-8-4-1-2-2-16-1-0.95,0.29445353,0.47459158
24-5-8-8-4-1-3-2-16-1-0.9,0.29446423,0.47826535
30-4-10-8-8-1-2-2-16-1-0.9,0.29450956,0.4879397
18-3-9-8-8-1-2-2-16-1-0.9,0.29457515,0.4804781
18-2-8-8-8-1-2-2-16-1-0.5,0.2946174,0.4862364
30-5-8-8-4-1-2-2-16-2-0.9,0.29461956,0.48232836
21-5-9-8-4-1-2-2-16-1-0.9,0.29462922,0.47361875
27-2-10-8-8-1-2-2-16-2-0.9,0.29464,0.47978646
21-2-8-8-4-1-3-2-16-1-0.95,0.29464707,0.49011698
18-2-9-8-8-1-2-2-16-1-0.9,0.2946949,0.4692784
21-5-8-8-4-1-3-2-16-1-0.9,0.29469532,0.47864652
24-4-8-8-4-1-2-2-16-1-0.95,0.29473242,0.47528163
18-2-10-8-8-1-2-2-16-1-0.95,0.29475468,0.46511713
18-5-8-8-4-1-3-2-16-1-0.9,0.29478985,0.47462434
24-3-9-8-4-1-2-2-16-1-0.9,0.29482278,0.4827765
18-5-9-8-8-1-3-2-16-1-0.95,0.29484242,1.1968644
21-4-9-8-8-1-2-2-16-1-0.9,0.29484728,0.4798511
18-2-9-8-4-1-2-2-16-1-0.9,0.2949242,0.4747015
30-5-10-8-8-1-3-2-16-1-0.9,0.29494724,0.4717788
30-2-10-8-4-1-2-2-16-2-0.9,0.29500338,0.4830903
30-3-9-8-4-1-3-2-16-2-0.9,0.2950261,0.50543845
18-3-8-8-8-1-2-2-16-1-0.9,0.29507324,0.4751206
24-4-9-8-4-1-2-2-16-2-0.95,0.29515967,0.47126094
24-2-8-8-4-1-2-2-16-1-0.9,0.29517144,0.47449493
27-5-8-8-8-1-3-2-16-2-0.9,0.2951956,0.47886664
27-2-8-8-4-1-2-2-16-2-0.9,0.29534286,0.4767112
30-2-8-8-4-1-2-2-16-2-0.9,0.29543674,0.46916118
30-5-8-8-8-1-3-2-16-1-0.9,0.29549694,0.46908027
18-2-8-8-4-1-2-2-16-1-0.5,0.29554707,0.5026275
30-5-9-8-8-1-2-2-16-1-0.9,0.29562008,0.4713758
24-3-8-8-8-1-2-2-16-2-0.9,0.29566368,0.48452482
30-4-10-8-8-1-2-2-16-2-0.9,0.2956793,0.4742089
18-3-10-8-8-1-2-2-16-1-0.95,0.29569024,0.49438667
27-2-10-8-4-1-2-2-16-1-0.9,0.2957647,0.47970313
21-4-9-8-4-1-2-2-16-1-0.9,0.29599616,0.4860043
21-4-8-8-4-1-3-2-16-1-0.95,0.29602167,0.47786808
21-4-8-8-8-1-2-2-16-1-0.95,0.29602307,0.47885686
18-2-8-8-8-1-2-2-16-1-0.9,0.29608455,0.4735458
27-4-10-8-8-1-2-2-16-2-0.9,0.29608634,0.4796347
21-5-9-8-8-1-2-2-16-1-0.9,0.29616883,0.4935793
30-4-10-8-4-1-2-2-16-2-0.9,0.29618233,0.48691243
21-3-8-8-4-1-3-2-16-1-0.95,0.29622984,0.4844409
18-3-8-8-8-1-3-2-16-1-0.95,0.29623896,0.49471202
18-4-9-8-4-1-3-2-16-1-0.9,0.29624066,0.5663794
27-5-10-8-4-1-2-2-16-2-0.9,0.29630408,0.47192973
27-4-8-8-8-1-3-2-16-2-0.9,0.29635134,0.4800082
24-5-8-8-8-1-2-2-16-2-0.9,0.29635203,0.4748376
18-3-9-8-4-1-3-2-16-1-0.5,0.29651624,0.47426838
24-4-8-8-4-1-2-2-16-2-0.9,0.29653183,0.48795447
30-2-10-8-4-1-2-2-16-1-0.9,0.29653814,0.47980085
24-5-8-8-4-1-2-2-16-1-0.9,0.29653978,0.4686746
24-4-8-8-8-1-2-2-16-2-0.9,0.29664528,0.47357664
18-2-8-8-8-1-2-2-16-1-0.95,0.29664752,0.46977386
30-3-8-8-8-1-2-2-16-1-0.9,0.29666078,0.48721513
24-4-8-8-4-1-2-2-16-2-0.95,0.29666132,0.47260863
27-5-9-8-4-1-2-2-16-1-0.9,0.29670906,0.4770128
30-2-9-8-4-1-2-2-16-2-0.9,0.29681426,0.4705491
18-4-10-8-4-1-3-2-16-1-0.95,0.29681718,0.4947299
21-5-8-8-4-1-3-2-16-1-0.95,0.2968178,0.4804495
30-2-8-8-8-1-2-2-16-1-0.9,0.2968662,0.48167452
24-4-9-8-4-1-3-2-16-2-0.9,0.29688212,0.4840334
24-5-8-8-4-1-2-2-16-2-0.9,0.29693457,0.48839027
27-2-9-8-8-1-2-2-16-1-0.9,0.2969476,0.48080358
18-5-8-8-4-1-3-2-16-1-0.5,0.29703894,0.4738427
24-5-8-8-8-1-2-2-16-1-0.9,0.2970433,0.48881826
24-2-8-8-4-1-2-2-16-2-0.9,0.29709223,0.49401015
27-5-10-8-4-1-3-2-16-2-0.9,0.29713255,0.49247855
24-3-9-8-8-1-2-2-16-2-0.9,0.29714698,0.48304692
24-2-9-8-4-1-3-2-16-2-0.9,0.29718423,0.48258203
27-4-8-8-4-1-3-2-16-1-0.9,0.29730007,0.4734582
27-3-9-8-8-1-2-2-16-1-0.9,0.29743725,0.47294888
24-2-8-8-8-1-2-2-16-2-0.9,0.29745597,0.48438367
30-2-9-8-8-1-2-2-16-1-0.9,0.2974582,0.46864384
24-4-9-8-8-1-2-2-16-2-0.9,0.297512,0.48313624
18-5-9-8-8-1-3-2-16-1-0.5,0.29753643,0.48715672
27-2-8-8-8-1-2-2-16-1-0.9,0.2975575,0.46959323
30-2-8-8-8-1-2-2-16-2-0.9,0.29755783,0.48377162
27-5-8-8-4-1-2-2-16-2-0.9,0.29757774,0.48658365
27-2-10-8-8-1-3-2-16-1-0.9,0.29767925,0.4981497
24-4-8-8-8-1-3-2-16-1-0.9,0.29770693,0.48599935
27-5-9-8-4-1-2-2-16-2-0.9,0.29772264,0.47237116
18-4-9-8-8-1-2-2-16-1-0.95,0.29778293,0.46875215
21-4-9-8-4-1-2-2-16-1-0.95,0.29781288,0.47697368
27-2-10-8-8-1-2-2-16-1-0.9,0.297997,0.49581757
21-3-8-8-8-1-3-2-16-1-0.9,0.297999,0.48123536
18-3-9-8-8-1-2-2-16-1-0.95,0.29801416,0.47813758
30-5-9-8-8-1-2-2-16-2-0.9,0.29805037,0.4801968
24-4-9-8-4-1-2-2-16-1-0.95,0.29821602,0.48878574
27-2-8-8-4-1-2-2-16-2-0.95,0.29822612,0.4820289
21-5-9-8-4-1-3-2-16-1-0.9,0.29827085,0.47328645
21-2-8-8-4-1-3-2-16-1-0.9,0.29838648,0.48298374
30-5-9-8-4-1-2-2-16-1-0.9,0.29840052,0.5011369
18-3-9-8-4-1-2-2-16-1-0.5,0.29843813,0.4891366
18-4-10-8-4-1-3-2-16-1-0.9,0.2985064,0.47711653
27-2-10-8-4-1-2-2-16-2-0.9,0.29856753,0.47752112
27-2-9-8-8-1-3-2-16-2-0.9,0.29862085,0.48836964
21-5-8-8-8-1-2-2-16-1-0.95,0.29864067,0.5047992
18-3-8-8-4-1-2-2-16-1-0.9,0.29867452,0.48241538
30-4-8-8-4-1-3-2-16-2-0.9,0.2986891,0.49910292
18-4-8-8-8-1-2-2-16-1-0.5,0.29892203,0.5171994
18-4-9-8-8-1-3-2-16-1-0.95,0.29901895,0.5083226
18-3-8-8-4-1-2-2-16-1-0.5,0.29935777,0.49701118
30-3-10-8-4-1-3-2-16-1-0.9,0.29938367,0.48275453
24-2-9-8-4-1-2-2-16-1-0.9,0.2994151,0.47362176
18-3-10-8-8-1-3-2-16-1-0.95,0.29946846,0.48059335
24-4-9-8-4-1-2-2-16-2-0.9,0.29958928,0.47571692
27-3-9-8-8-1-3-2-16-2-0.9,0.29959086,0.47887
18-3-8-8-8-1-2-2-16-1-0.95,0.29960865,0.4833571
30-4-8-8-8-1-3-2-16-1-0.9,0.29966182,0.48128486
24-5-9-8-8-1-2-2-16-1-0.9,0.29966885,0.4718586
18-5-9-8-4-1-3-2-16-1-0.9,0.29975036,0.47727084
24-2-8-8-8-1-2-2-16-1-0.9,0.29977334,0.480903
18-3-9-8-4-1-2-2-16-1-0.95,0.29980582,0.47720432
30-5-10-8-8-1-2-2-16-2-0.9,0.29987696,0.47262388
27-5-8-8-8-1-2-2-16-2-0.9,0.30003273,0.47637787
24-3-8-8-8-1-3-2-16-2-0.9,0.3000449,0.49759382
30-5-10-8-8-1-2-2-16-1-0.9,0.3000459,0.48644406
18-3-10-8-8-1-2-2-16-1-0.5,0.30012143,0.5043031
24-3-8-8-4-1-2-2-16-1-0.95,0.30012804,0.47800127
27-3-8-8-4-1-2-2-16-2-0.9,0.30025384,0.49156123
18-3-9-8-4-1-2-2-16-1-0.9,0.30027923,0.49113283
24-4-8-8-4-1-2-2-16-1-0.9,0.30050585,0.48594704
24-4-8-8-8-1-2-2-16-1-0.9,0.3005192,0.4836204
30-5-8-8-8-1-2-2-16-2-0.9,0.30065897,0.48784623
21-3-8-8-4-1-2-2-16-1-0.95,0.30068535,0.4754189
30-4-8-8-8-1-3-2-16-2-0.9,0.30068785,0.48242235
30-2-10-8-8-1-2-2-16-2-0.9,0.30071443,0.47656822
30-4-10-8-4-1-2-2-16-1-0.9,0.300716,0.48960596
27-2-9-8-8-1-2-2-16-2-0.9,0.30099398,0.47586375
24-4-9-8-8-1-3-2-16-2-0.9,0.3010389,0.477284
24-4-8-8-8-1-3-2-16-1-0.95,0.30109125,0.49325332
27-5-9-8-8-1-3-2-16-1-0.9,0.30118126,0.49218816
24-5-9-8-8-1-2-2-16-2-0.9,0.30123848,0.4749562
18-3-9-8-8-1-3-2-16-1-0.95,0.3012438,0.48069566
24-5-9-8-8-1-2-2-16-1-0.95,0.3012445,0.48778313
27-3-10-8-8-1-3-2-16-2-0.9,0.3013296,0.48349983
24-5-8-8-8-1-2-2-16-1-0.95,0.30136484,0.4972298
18-4-8-8-8-1-2-2-16-1-0.9,0.30140504,0.49264464
21-2-9-8-8-1-2-2-16-1-0.95,0.30144668,0.49963236
27-2-8-8-4-1-2-2-16-1-0.9,0.30148327,0.48772225
24-2-8-8-4-1-2-2-16-1-0.95,0.30158764,0.48897505
27-3-8-8-8-1-2-2-16-2-0.9,0.30175382,0.46489677
21-2-9-8-4-3-2-2-16-1-0.95,0.30177575,0.48872867
27-2-8-8-8-1-2-2-16-2-0.9,0.3020033,0.4789613
30-4-10-8-8-1-3-2-16-2-0.9,0.30204967,0.49059525
24-3-8-8-8-1-2-2-16-2-0.95,0.30218798,0.4741428
30-5-9-8-4-1-2-2-16-2-0.9,0.30227366,0.49055943
18-2-9-8-8-1-3-2-16-1-0.95,0.30233005,0.480905
27-5-8-8-8-1-2-2-16-1-0.9,0.30241084,0.46911415
21-3-8-8-4-1-2-2-16-1-0.9,0.3024381,0.46910492
24-2-9-8-4-1-2-2-16-2-0.9,0.302445,0.48605555
21-2-9-8-8-1-3-2-16-1-0.9,0.30245706,0.48080572
18-3-9-8-8-1-2-2-16-1-0.5,0.3025189,0.4872942
18-2-10-8-4-1-2-2-16-1-0.95,0.30277017,0.47934097
27-4-10-8-4-1-2-2-16-2-0.9,0.3028333,0.47436792
30-2-10-8-8-1-2-2-16-1-0.9,0.30284524,0.47385222
21-3-9-8-4-3-2-2-16-1-0.95,0.30289915,0.47642383
24-4-8-8-4-1-3-2-16-1-0.95,0.3029499,0.47776207
18-2-8-8-4-3-2-2-16-1-0.5,0.30315802,0.4741242
18-3-10-8-8-1-2-2-16-1-0.9,0.30337527,0.50999725
18-4-8-8-4-1-2-2-16-1-0.95,0.30343157,0.48148027
21-5-8-8-4-3-2-2-16-1-0.9,0.30368108,0.4859228
18-2-10-8-8-1-2-2-16-1-0.5,0.3036909,0.48823804
24-4-8-8-4-1-3-2-16-1-0.9,0.3037873,0.50291514
21-4-9-8-4-3-2-2-16-1-0.9,0.30379266,0.4926216
21-4-8-8-4-1-2-2-16-1-0.9,0.30402938,0.47743073
27-5-10-8-8-1-2-2-16-1-0.9,0.30407268,0.4730774
24-2-9-8-8-1-3-2-16-2-0.9,0.30410436,0.4886486
21-4-8-8-8-3-2-2-16-1-0.95,0.3043397,0.49232778
27-5-9-8-4-1-3-2-16-2-0.9,0.30445188,0.47400522
18-2-10-8-4-1-2-2-16-1-0.5,0.30458236,0.51253474
21-5-9-8-4-3-2-2-16-1-0.9,0.30469617,0.49264842
21-5-8-8-4-1-2-2-16-1-0.9,0.30476767,0.4794736
27-4-10-8-4-1-3-2-16-1-0.9,0.3048934,0.48044324
27-3-10-8-4-1-3-2-16-2-0.9,0.30496323,0.4820271
24-4-9-8-8-1-2-2-16-1-0.9,0.30502227,0.48079318
21-3-9-8-8-1-3-2-16-1-0.9,0.30505252,0.48591608
21-3-9-8-8-1-2-2-16-1-0.95,0.30506557,0.4772779
27-3-8-8-8-1-3-2-16-2-0.9,0.30515748,0.48292342
30-3-8-8-8-1-2-2-16-2-0.9,0.3053046,0.48737139
30-3-9-8-8-1-3-2-16-2-0.9,0.30550712,0.4920528
21-2-8-8-8-1-2-2-16-1-0.95,0.30551273,0.49708825
27-5-8-8-4-1-2-2-16-1-0.9,0.30551648,0.49679908
18-3-8-8-8-1-2-2-16-1-0.5,0.3056398,0.48625803
30-5-8-8-4-1-3-2-16-1-0.9,0.30568165,0.49229938
27-3-10-8-8-1-3-2-16-1-0.9,0.3056846,0.4936641
27-4-10-8-8-1-3-2-16-2-0.9,0.30568966,0.48638588
21-4-8-8-8-1-3-2-16-1-0.95,0.3057939,0.47559458
24-5-8-8-4-1-3-2-16-2-0.95,0.30611905,0.5130426
24-2-9-8-4-1-3-2-16-1-0.95,0.30630237,0.48170322
27-4-10-8-8-1-3-2-16-1-0.9,0.30662534,0.47534767
30-5-8-8-8-1-2-2-16-1-0.9,0.30672607,0.48308563
24-3-9-8-4-1-3-2-16-2-0.9,0.3067906,0.49972963
24-3-9-8-4-1-3-2-16-2-0.95,0.3068044,0.4939061
18-2-10-8-4-1-3-2-16-1-0.95,0.30705371,0.48295254
21-2-8-8-4-3-2-2-16-1-0.95,0.30706853,0.47448245
27-5-10-8-4-1-3-2-16-1-0.9,0.3071097,0.47499305
18-2-10-8-8-1-3-2-16-1-0.95,0.3072152,0.5042808
27-3-8-8-8-1-2-2-16-1-0.9,0.30741757,0.48052806
24-2-8-8-8-1-3-2-16-2-0.9,0.30746537,0.4879457
18-2-9-8-4-1-2-2-16-1-0.95,0.30758438,0.52247715
24-3-8-8-4-1-3-2-16-2-0.95,0.30759448,0.47936955
18-2-9-8-4-1-3-2-16-1-0.5,0.3078,0.49925438
18-2-9-8-4-3-2-2-16-1-0.5,0.30781204,0.48980537
18-2-9-8-4-1-2-2-16-1-0.5,0.30783886,0.5052663
18-3-8-8-8-1-3-2-16-1-0.5,0.3078936,0.5435797
30-5-8-8-4-1-3-2-16-2-0.9,0.30793744,0.5039431
21-4-8-8-8-1-2-2-16-1-0.9,0.30794677,0.47211426
18-3-9-8-4-3-2-2-16-1-0.9,0.3079627,0.47256643
24-4-8-8-4-1-3-2-16-2-0.95,0.30797517,0.49283308
24-3-9-8-4-1-3-2-16-1-0.9,0.30798304,0.55234486
24-4-9-8-8-1-3-2-16-1-0.95,0.30801934,0.4765853
27-4-10-8-4-1-2-2-16-1-0.95,0.30831447,0.48028523
27-2-8-8-8-1-3-2-16-1-0.9,0.30852878,0.5077357
18-3-10-8-8-1-3-2-16-1-0.9,0.3088212,0.51931846
24-3-8-8-4-1-3-2-16-2-0.9,0.3090431,0.48394012
30-4-10-8-8-1-3-2-16-1-0.9,0.30941996,0.49998012
24-2-8-8-8-1-3-2-16-1-0.95,0.30957144,0.48557487
27-5-8-8-8-1-3-2-16-1-0.9,0.3096286,0.48744756
24-5-8-8-8-1-3-2-16-1-0.95,0.3096648,0.48161238
27-3-9-8-4-1-3-2-16-2-0.9,0.30971023,0.48072052
30-2-9-8-8-1-2-2-16-2-0.9,0.30982012,0.5070496
27-2-10-8-4-1-3-2-16-2-0.9,0.3098476,0.49640793
18-2-8-8-4-1-3-2-16-1-0.5,0.3099176,0.49169797
18-4-8-8-8-1-3-2-16-1-0.5,0.3102745,0.52324516
21-4-8-8-4-3-2-2-16-1-0.9,0.31028765,0.47571445
30-4-9-8-4-1-3-2-16-1-0.9,0.31055343,0.472977
21-3-8-8-4-3-2-2-16-1-0.95,0.3106048,0.47413793
18-3-8-8-4-1-3-2-16-1-0.9,0.31067923,0.5396504
24-2-8-8-4-1-3-2-16-1-0.9,0.3107314,0.48778313
21-3-9-8-8-1-3-2-16-1-0.95,0.3110228,0.47388488
30-3-10-8-8-1-3-2-16-1-0.9,0.31148553,0.5067296
30-5-9-8-8-1-3-2-16-2-0.9,0.31158096,0.47848496
21-2-9-8-4-1-3-2-16-1-0.9,0.31236777,0.47932544
27-3-9-8-4-1-3-2-16-2-0.95,0.31247094,0.49001804
18-4-10-8-8-3-2-2-16-1-0.5,0.31255913,0.47976422
30-4-9-8-8-1-3-2-16-2-0.9,0.31261846,0.4891158
30-5-10-8-4-1-3-2-16-2-0.9,0.31276888,0.4764785
24-5-8-8-8-1-3-2-16-2-0.9,0.3130782,0.47774872
21-2-9-8-8-1-3-2-16-1-0.95,0.31314772,0.49196348
18-2-10-8-8-1-3-2-16-1-0.9,0.31319886,0.4994715
27-2-8-8-4-1-2-2-16-1-0.95,0.3134115,0.49640173
21-5-9-8-4-1-3-2-16-1-0.95,0.31353334,0.47105113
24-2-8-8-8-1-3-2-16-2-0.95,0.313635,0.48849344
21-4-8-8-8-1-3-2-16-1-0.9,0.31369776,0.49881634
18-2-9-8-4-1-3-2-16-1-0.95,0.3137229,0.4843053
24-3-9-8-8-1-2-2-16-1-0.9,0.3138381,0.49046078
21-2-9-8-4-1-3-2-16-1-0.95,0.31403854,0.49117795
18-2-10-8-4-1-3-2-16-1-0.5,0.31418052,0.48710433
24-2-8-8-4-1-3-2-16-2-0.9,0.31425416,0.496301
21-5-8-8-8-3-2-2-16-1-0.95,0.31443,0.48815647
30-4-9-8-8-1-3-2-16-1-0.9,0.3144449,0.4783469
24-2-9-8-8-1-3-2-16-1-0.9,0.3147483,0.5049503
24-5-8-8-4-1-3-2-16-1-0.95,0.3149212,0.4829654
30-5-9-8-8-1-3-2-16-1-0.9,0.3149282,0.4736599
30-5-10-8-4-1-3-2-16-1-0.9,0.3152708,0.4782576
18-2-10-8-8-3-2-2-16-1-0.5,0.31566137,0.4848188
27-4-9-8-8-1-3-2-16-1-0.9,0.31579986,0.48216859
24-3-9-8-8-1-3-2-16-2-0.9,0.31634918,0.48625803
18-3-10-8-4-1-3-2-16-1-0.95,0.31637603,0.4869837
21-4-8-8-4-1-3-2-16-1-0.9,0.31663802,0.47097808
21-4-9-8-8-1-3-2-16-1-0.95,0.3167188,0.48228663
18-2-10-8-8-1-3-2-16-1-0.5,0.31682792,0.4982644
18-3-10-8-4-1-3-2-16-1-0.9,0.31713647,0.48593584
18-2-10-8-4-3-2-2-16-1-0.9,0.3171523,0.48653236
18-2-8-8-8-1-3-2-16-1-0.5,0.3171739,0.5202862
24-3-8-8-4-1-2-2-16-1-0.9,0.31761363,0.47782096
27-3-9-8-4-1-3-2-16-1-0.95,0.31773347,0.5266961
24-3-9-8-8-1-3-2-16-1-0.9,0.31780034,0.4775834
18-4-10-8-8-1-3-2-16-1-0.9,0.31785768,0.4845497
18-3-10-8-8-3-2-2-16-1-0.5,0.31832662,0.4915647
21-5-9-8-8-3-2-2-16-1-0.9,0.3183468,0.5040559
18-3-9-8-8-1-3-2-16-1-0.9,0.31838715,0.49835333
18-3-8-8-4-1-2-2-16-1-0.95,0.3184126,0.48677793
18-2-8-8-8-3-2-2-16-1-0.5,0.31850544,0.49021068
27-2-10-8-8-1-3-2-16-2-0.9,0.31860465,0.50072026
18-4-8-8-8-3-2-2-16-1-0.5,0.3187817,0.48841542
21-3-8-8-8-3-2-2-16-1-0.9,0.31900224,0.50606453
27-5-10-8-8-1-3-2-16-2-0.9,0.31904867,0.55182225
24-4-9-8-8-1-3-2-16-1-0.9,0.3194046,0.51870644
18-3-8-8-8-3-2-2-16-1-0.5,0.31945327,0.49583334
24-3-8-8-8-1-3-2-16-1-0.9,0.319511,0.48733625
21-5-9-8-8-1-3-2-16-1-0.9,0.31975824,0.482073
18-4-10-8-4-3-2-2-16-1-0.5,0.3199433,0.48851672
18-2-9-8-4-1-3-2-16-1-0.9,0.3200632,0.4850506
18-2-8-8-4-1-3-2-16-1-0.9,0.32007602,0.49278456
18-2-8-8-8-3-2-2-16-1-0.9,0.3201107,0.49056453
27-5-9-8-8-1-3-2-16-2-0.9,0.3202645,0.48490763
27-5-9-8-4-1-3-2-16-1-0.9,0.32040212,0.48294157
18-4-8-8-4-3-2-2-16-1-0.5,0.320805,0.4892219
30-4-10-8-4-1-3-2-16-2-0.9,0.3211581,0.48694563
27-4-9-8-4-1-3-2-16-2-0.9,0.32119787,0.4967904
24-5-9-8-4-1-3-2-16-1-0.95,0.3213142,0.48584375
18-3-9-8-4-1-3-2-16-1-0.95,0.3214165,0.4955845
18-3-9-8-4-3-2-2-16-1-0.5,0.32175973,0.5049722
18-4-8-8-4-1-3-2-16-1-0.95,0.32191733,0.49485192
18-5-10-8-8-1-3-2-16-1-0.5,0.32240227,0.48188418
21-3-8-8-8-1-2-2-16-1-0.95,0.32240814,0.48685536
27-2-8-8-8-1-3-2-16-2-0.9,0.3225602,0.48971042
27-3-9-8-4-1-3-2-16-1-0.9,0.32267466,0.48913726
21-5-9-8-4-1-2-2-16-1-0.95,0.32292923,0.50857115
30-2-8-8-4-1-2-2-16-1-0.9,0.3229866,0.48343915
27-5-8-8-4-1-3-2-16-1-0.9,0.32327586,0.4946888
21-4-9-8-4-3-2-2-16-1-0.95,0.32343906,0.48105985
18-2-8-8-8-1-3-2-16-1-0.95,0.32345828,0.588839
24-2-9-8-4-1-3-2-16-1-0.9,0.323485,0.49112862
18-2-9-8-8-3-2-2-16-1-0.9,0.32348806,0.48721895
18-2-8-8-8-1-3-2-16-1-0.9,0.32370216,0.49705276
27-3-9-8-8-1-3-2-16-1-0.9,0.3239121,0.4881402
18-3-8-8-8-1-3-2-16-1-0.9,0.32397032,0.49941272
18-3-10-8-4-3-2-2-16-1-0.9,0.32479957,0.4959952
18-5-10-8-4-3-2-2-16-1-0.5,0.32503754,0.48388997
21-4-8-8-8-3-2-2-16-1-0.9,0.3256942,0.48460764
24-2-8-8-8-1-3-2-16-1-0.9,0.32608026,0.49744788
24-5-9-8-4-1-3-2-16-2-0.9,0.3263003,0.51810485
27-2-8-8-4-1-3-2-16-2-0.9,0.32637125,0.4873169
27-4-8-8-4-1-3-2-16-2-0.9,0.3265697,0.4932258
21-5-8-8-8-3-2-2-16-1-0.9,0.32666597,0.50638616
24-4-9-8-4-1-3-2-16-2-0.95,0.32692322,0.48832163
18-4-8-8-8-1-3-2-16-1-0.95,0.32694584,0.55274856
18-4-9-8-8-3-2-2-16-1-0.5,0.32702786,0.4969254
27-5-9-8-8-1-2-2-16-2-0.9,0.32761428,0.47606045
24-5-9-8-8-1-3-2-16-2-0.9,0.32799485,0.4936193
24-4-8-8-8-1-3-2-16-2-0.9,0.32837623,0.500048
18-4-8-8-4-3-2-2-16-1-0.9,0.3285372,0.5064827
27-5-10-8-8-1-2-2-16-2-0.9,0.3286694,0.4772184
21-5-8-8-4-3-2-2-16-1-0.95,0.32882088,0.486772
30-5-9-8-4-1-3-2-16-2-0.9,0.328967,0.48828182
21-5-9-8-8-3-2-2-16-1-0.95,0.32914287,0.48061618
18-3-9-8-8-1-3-2-16-1-0.5,0.3293206,0.4795088
18-5-8-8-4-3-2-2-16-1-0.5,0.3293264,0.49330932
18-3-9-8-8-3-2-2-16-1-0.5,0.32948387,0.49609318
18-2-10-8-4-3-2-2-16-1-0.5,0.32954028,0.4923944
21-4-9-8-4-1-3-2-16-1-0.9,0.33013016,0.48003674
18-5-10-8-4-1-3-2-16-1-0.5,0.33078426,0.4769125
18-5-8-8-8-1-3-2-16-1-0.5,0.33157575,0.5095076
21-5-9-8-8-1-3-2-16-1-0.95,0.33190614,0.49251613
18-3-8-8-4-1-3-2-16-1-0.95,0.3320709,0.59542114
27-5-8-8-4-1-3-2-16-2-0.9,0.3331617,0.5035424
18-5-9-8-8-3-2-2-16-1-0.5,0.33328682,0.47993127
18-5-10-8-8-3-2-2-16-1-0.5,0.3334876,0.4988951
21-3-9-8-4-3-3-2-16-1-0.95,0.3335265,0.48337325
27-5-9-8-8-1-2-2-16-1-0.9,0.3337234,0.48999533
21-3-8-8-8-1-3-2-16-1-0.95,0.333829,0.50085115
21-3-9-8-8-3-3-2-16-1-0.95,0.33397505,0.50743335
18-3-10-8-4-3-2-2-16-1-0.5,0.33423018,0.50004065
24-4-8-8-4-1-3-2-16-2-0.9,0.3350745,0.48706466
18-3-9-8-4-1-3-2-16-1-0.9,0.33515996,0.5249709
24-3-8-8-4-1-3-2-16-1-0.95,0.3357623,0.5174991
18-4-10-8-4-3-2-2-16-1-0.9,0.33594638,0.49165338
21-5-9-8-4-3-2-2-16-1-0.95,0.33628583,0.48725072
18-2-9-8-8-3-2-2-16-1-0.5,0.33663157,0.49413356
18-4-9-8-4-3-2-2-16-1-0.5,0.33736446,0.4985605
24-2-9-8-8-1-3-2-16-2-0.95,0.33829695,0.51016456
18-2-9-8-8-1-2-2-16-1-0.5,0.33881634,0.55197006
27-4-9-8-4-1-3-2-16-1-0.9,0.33985716,0.48688322
21-4-8-8-4-3-2-2-16-1-0.95,0.3405377,0.52716595
27-2-9-8-4-1-3-2-16-2-0.9,0.34148994,0.49471384
24-5-9-8-8-1-3-2-16-1-0.9,0.34254742,0.4952562
18-2-9-8-8-1-3-2-16-1-0.5,0.34322685,0.5156685
24-5-9-8-4-1-3-2-16-1-0.9,0.34345478,0.4859076
24-3-8-8-4-1-3-2-16-1-0.9,0.34460422,0.49591964
18-4-9-8-8-1-3-2-16-1-0.5,0.3456072,0.4878301
18-5-8-8-8-3-2-2-16-1-0.5,0.34566104,0.51771027
27-4-8-8-8-1-3-2-16-1-0.9,0.3456699,0.49514598
21-3-8-8-4-3-3-2-16-1-0.9,0.34784353,0.5260741
21-5-8-8-8-1-3-2-16-1-0.95,0.34815043,0.49503222
27-3-10-8-4-1-3-2-16-1-0.95,0.34903544,0.49297166
18-2-9-8-4-3-2-2-16-1-0.9,0.34967873,0.4917365
21-3-9-8-8-3-3-2-16-1-0.9,0.34982517,0.5749641
18-3-10-8-8-1-3-2-16-1-0.5,0.3521668,0.5264276
21-2-9-8-4-3-3-2-16-1-0.9,0.35227624,0.50827205
30-3-10-8-4-1-3-2-16-2-0.9,0.3529826,0.4877941
21-2-8-8-8-1-3-2-16-1-0.95,0.35311815,0.5326618
18-5-8-8-4-3-2-2-16-1-0.9,0.35376346,0.51799953
30-3-10-8-8-1-3-2-16-2-0.9,0.35389122,0.4937934
18-4-10-8-8-1-3-2-16-1-0.5,0.35450992,0.54414546
24-5-8-8-4-1-3-2-16-2-0.9,0.35511953,0.5872796
21-3-9-8-8-3-2-2-16-1-0.9,0.3574596,0.53555024
24-4-9-8-4-1-3-2-16-1-0.95,0.3595151,0.48769397
24-5-8-8-8-1-3-2-16-2-0.95,0.36047828,0.50055575
18-3-8-8-4-3-2-2-16-1-0.5,0.3606432,0.4996449
27-4-9-8-8-1-3-2-16-2-0.9,0.36110118,0.5199567
18-4-9-8-4-3-2-2-16-1-0.9,0.366118,0.53371143
21-3-9-8-4-3-3-2-16-1-0.9,0.3694952,0.5166181
21-4-9-8-8-1-3-2-16-1-0.9,0.37125355,0.5229345
27-2-9-8-8-1-3-2-16-1-0.9,0.37285948,0.48449373
21-4-9-8-8-3-2-2-16-1-0.9,0.3735294,0.5071854
21-4-9-8-8-3-2-2-16-1-0.95,0.37691838,0.5269471
18-3-8-8-4-3-2-2-16-1-0.9,0.37723452,0.4999648
18-3-9-8-8-3-3-2-16-1-0.5,0.37852025,0.5169479
18-2-8-8-4-3-2-2-16-1-0.9,0.39537495,0.52647793
18-4-8-8-4-3-3-2-16-1-0.5,0.40407625,0.53045195
18-4-9-8-4-1-3-2-16-1-0.95,0.4053575,0.4947649
24-4-8-8-4-3-2-2-16-1-0.9,0.4065813,0.555858
18-5-8-8-8-3-3-2-16-1-0.5,0.40680033,0.53564966
18-3-8-8-4-3-3-2-16-1-0.5,0.41043964,0.5338358
18-2-10-8-4-3-3-2-16-1-0.5,0.41321117,0.53953755
21-3-8-8-8-3-3-2-16-1-0.95,0.41589564,0.55183744
21-4-8-8-4-3-3-2-16-1-0.95,0.41651326,0.57066953
21-4-9-8-4-3-3-2-16-1-0.95,0.41768175,0.57634443
18-4-8-8-8-3-3-2-16-1-0.5,0.42260647,0.54395264
18-4-9-8-4-3-3-2-16-1-0.5,0.42299986,0.5476932
18-2-9-8-4-3-3-2-16-1-0.5,0.42378467,0.54402196
18-5-8-8-4-3-3-2-16-1-0.5,0.42586532,0.54648125
18-5-9-8-4-3-2-2-16-1-0.5,0.4263297,0.5613279
21-2-8-8-8-3-3-2-16-1-0.9,0.42898336,0.5993557
18-5-9-8-4-3-3-2-16-1-0.5,0.42963448,0.5539754
18-2-8-8-8-3-3-2-16-1-0.5,0.43535477,0.55524087
18-3-8-8-8-3-3-2-16-1-0.5,0.44083777,0.5608595
18-4-10-8-4-3-3-2-16-1-0.5,0.44592842,0.5623218
21-5-9-8-4-3-3-2-16-1-0.9,0.45039266,0.57213676
18-2-8-8-4-1-3-2-16-1-0.95,0.4508323,0.49832043
18-2-10-8-8-3-3-2-16-1-0.5,0.45512143,0.5713035
18-3-10-8-4-3-3-2-16-1-0.5,0.45630646,0.5700382
18-2-9-8-8-3-3-2-16-1-0.5,0.45889264,0.5571855
18-4-9-8-8-3-3-2-16-1-0.5,0.4603266,0.5731764
18-2-8-8-4-3-3-2-16-1-0.5,0.46103555,0.5715441
18-3-9-8-4-3-3-2-16-1-0.5,0.47651133,0.5831891
27-3-10-8-4-1-3-2-16-1-0.9,0.47825575,0.49442893
21-5-9-8-8-3-3-2-16-1-0.9,0.50475913,0.6286425
18-3-10-8-8-3-3-2-16-1-0.5,0.50963855,0.60430014
18-4-10-8-8-3-3-2-16-1-0.5,0.5118959,0.611312
21-5-8-8-4-3-3-2-16-1-0.9,0.51893705,0.62804824
18-5-10-8-4-1-3-2-16-1-0.95,0.52690244,0.5835477
18-3-8-8-4-3-3-2-16-1-0.9,0.533727,0.6375149
21-3-8-8-8-3-3-2-16-1-0.9,0.537768,0.6758598
21-2-8-8-4-3-3-2-16-1-0.9,0.55186117,0.64650756
21-4-9-8-4-3-3-2-16-1-0.9,0.5850333,0.6679045
21-4-9-8-8-3-3-2-16-1-0.95,0.60408276,0.6918696
21-2-8-8-4-3-3-2-16-1-0.95,0.6085409,0.69195825
21-5-9-8-4-3-3-2-16-1-0.95,0.6267642,0.7335638
21-2-9-8-4-3-3-2-16-1-0.95,0.62732357,0.73834074
21-4-9-8-8-3-3-2-16-1-0.9,0.67143667,0.77480865
21-5-8-8-8-3-3-2-16-1-0.95,0.67965907,0.7610277
21-4-8-8-8-3-3-2-16-1-0.9,0.6943388,0.7953704
21-5-8-8-4-3-3-2-16-1-0.95,0.7078687,0.8013449
21-2-9-8-8-3-3-2-16-1-0.95,0.7224164,0.84192336
18-2-10-8-4-3-3-2-16-1-0.9,0.72355574,0.8310167
18-3-9-8-4-3-3-2-16-1-0.9,0.73421276,0.7551729
21-3-8-8-4-3-3-2-16-1-0.95,0.750075,0.86001235
21-2-9-8-8-3-3-2-16-1-0.9,0.7571047,0.8250996
18-2-9-8-4-3-3-2-16-1-0.9,0.7950936,0.8677138
21-5-9-8-8-3-3-2-16-1-0.95,0.80385983,0.8970744
21-5-8-8-8-3-3-2-16-1-0.9,0.8044527,0.91769904
21-4-8-8-8-3-3-2-16-1-0.95,0.8585367,0.94174945
21-2-8-8-8-3-3-2-16-1-0.95,0.9120935,0.96229565
18-2-9-8-8-3-3-2-16-1-0.9,0.9466468,1.0432633
18-2-8-8-8-3-3-2-16-1-0.9,1.0075947,1.0794383
18-2-8-8-4-3-3-2-16-1-0.9,1.0780466,1.1506746
21-4-8-8-4-3-3-2-16-1-0.9,1.2997818,1.305645
model,MAE,RMSE
model,MAE,RMSE
model,MAE,RMSE
model,MAE,RMSE
model,MAE,RMSE
model,MAE,RMSE
model,MAE,RMSE
