3.0280172e-22,1.5273066e-14,6.5083423e-22,7.294493e-13
3.0272172e-22,1.5274027e-14,6.5073744e-22,7.295189e-13
3.0263923e-22,1.5275047e-14,6.506406e-22,7.2958843e-13
3.025569e-22,1.5276038e-14,6.5054877e-22,7.296567e-13
3.0244354e-22,1.5277e-14,6.504495e-22,7.297262e-13
3.0232692e-22,1.527796e-14,6.5035526e-22,7.297944e-13
3.0228852e-22,1.5278252e-14,6.502039e-22,7.2983335e-13
3.022356e-22,1.5279971e-14,6.501642e-22,7.2993223e-13
3.0214968e-22,1.5280993e-14,6.5007006e-22,7.300005e-13
3.0207423e-22,1.5281953e-14,6.499708e-22,7.300673e-13
3.0197434e-22,1.5282187e-14,6.4982706e-22,7.3010765e-13
3.0192605e-22,1.5283878e-14,6.497874e-22,7.302038e-13
3.0184668e-22,1.5284898e-14,6.4968817e-22,7.302734e-13
3.0176618e-22,1.5285858e-14,6.4959406e-22,7.303417e-13
3.0168795e-22,1.5286849e-14,6.4949985e-22,7.3041134e-13
3.0160859e-22,1.5287754e-14,6.4940575e-22,7.3047964e-13
3.0153048e-22,1.5288745e-14,6.493091e-22,7.305451e-13
3.0145117e-22,1.528968e-14,6.4921743e-22,7.306134e-13
3.0137195e-22,1.52907e-14,6.491209e-22,7.306831e-13
3.0129382e-22,1.5291635e-14,6.490293e-22,7.307485e-13
3.012158e-22,1.5292626e-14,6.489352e-22,7.308155e-13
3.011077e-22,1.5292917e-14,6.487867e-22,7.3085586e-13
3.010585e-22,1.5294491e-14,6.487471e-22,7.309507e-13
3.0097828e-22,1.5295513e-14,6.4865556e-22,7.3102044e-13
3.0090156e-22,1.5296448e-14,6.4856155e-22,7.3108457e-13
3.0082576e-22,1.5297439e-14,6.4846507e-22,7.3115147e-13
3.0074574e-22,1.5298372e-14,6.483736e-22,7.312198e-13
3.0063797e-22,1.5298664e-14,6.4822516e-22,7.312575e-13
3.0050728e-22,1.5298169e-14,6.4802487e-22,7.3126303e-13
3.004315e-22,1.5299131e-14,6.4793344e-22,7.313272e-13
3.0038341e-22,1.5300766e-14,6.4789886e-22,7.3142485e-13
3.0036065e-22,1.530307e-14,6.4791123e-22,7.315518e-13
3.00253e-22,1.5303392e-14,6.4776537e-22,7.315923e-13
3.0014772e-22,1.5303625e-14,6.476196e-22,7.316244e-13
3.0007325e-22,1.530453e-14,6.4752576e-22,7.316914e-13
2.998246e-22,1.5301377e-14,6.4711086e-22,7.3157973e-13
2.9989536e-22,1.530564e-14,6.4729357e-22,7.317876e-13
2.9990144e-22,1.5308764e-14,6.473627e-22,7.319496e-13
2.9979062e-22,1.5309085e-14,6.4721456e-22,7.319887e-13
2.997451e-22,1.5310661e-14,6.471751e-22,7.320822e-13
2.9963886e-22,1.5310895e-14,6.470319e-22,7.321213e-13
2.9733682e-22,1.5257779e-14,6.4268273e-22,7.298361e-13
2.9793004e-22,1.5271958e-14,6.438164e-22,7.3044896e-13
2.9935944e-22,1.5310281e-14,6.4662477e-22,7.321451e-13
2.9905767e-22,1.5308064e-14,6.4615625e-22,7.320948e-13
2.9908062e-22,1.5311362e-14,6.4626227e-22,7.322596e-13
2.9581534e-22,1.523472e-14,6.4007467e-22,7.289555e-13
2.991095e-22,1.531323e-14,6.463313e-22,7.3234897e-13
2.9899303e-22,1.5317496e-14,6.4625737e-22,7.326047e-13
2.9888122e-22,1.5317964e-14,6.4611187e-22,7.3265217e-13
2.9882942e-22,1.5319455e-14,6.460725e-22,7.3274443e-13
2.9863409e-22,1.5317701e-14,6.4576447e-22,7.3269266e-13
2.9864065e-22,1.5320624e-14,6.458384e-22,7.3284087e-13
2.9863495e-22,1.532296e-14,6.4585564e-22,7.3296946e-13
2.9859e-22,1.532457e-14,6.4581864e-22,7.3306454e-13
2.984264e-22,1.5323487e-14,6.4556494e-22,7.330422e-13
2.9837403e-22,1.5325008e-14,6.4553046e-22,7.3313024e-13
2.9823953e-22,1.5326644e-14,6.454961e-22,7.332281e-13
2.980227e-22,1.532758e-14,6.4540737e-22,7.3329244e-13
2.9794696e-22,1.5325826e-14,6.451022e-22,7.332407e-13
2.9804765e-22,1.532799e-14,6.4512676e-22,7.333596e-13
2.9795021e-22,1.5328925e-14,6.4503816e-22,7.3342536e-13
2.976607e-22,1.5327171e-14,6.447356e-22,7.3337506e-13
2.9758827e-22,1.533065e-14,6.448586e-22,7.335499e-13
2.9780393e-22,1.5332374e-14,6.4482657e-22,7.3364914e-13
2.9778517e-22,1.5334627e-14,6.448389e-22,7.3377236e-13
2.9771149e-22,1.5335562e-14,6.447528e-22,7.338382e-13
2.9763523e-22,1.5336382e-14,6.4466425e-22,7.339011e-13
2.9755684e-22,1.5337288e-14,6.4457327e-22,7.339655e-13
2.974938e-22,1.5338196e-14,6.444847e-22,7.340299e-13
2.9742454e-22,1.5339103e-14,6.4439874e-22,7.340915e-13
2.9735134e-22,1.5340009e-14,6.4430776e-22,7.3415595e-13
2.9718968e-22,1.53389e-14,6.440645e-22,7.341335e-13
2.970957e-22,1.5339045e-14,6.439244e-22,7.3416436e-13
2.9699778e-22,1.533922e-14,6.4378694e-22,7.341965e-13
2.952928e-22,1.5300475e-14,6.4057535e-22,7.325264e-13
2.9697104e-22,1.5342059e-14,6.4381884e-22,7.343422e-13
2.9689294e-22,1.5344983e-14,6.437648e-22,7.345159e-13
2.9652787e-22,1.53389e-14,6.431217e-22,7.342791e-13
2.967599e-22,1.5346975e-14,6.4362e-22,7.3464905e-13
2.9666436e-22,1.5347414e-14,6.434776e-22,7.3469806e-13
2.947561e-22,1.5303363e-14,6.398622e-22,7.327975e-13
2.963319e-22,1.5341969e-14,6.4287893e-22,7.3448506e-13
2.9644638e-22,1.5349492e-14,6.4319785e-22,7.3485646e-13
2.9632673e-22,1.534961e-14,6.430261e-22,7.3488866e-13
2.9627942e-22,1.5351073e-14,6.4299176e-22,7.349798e-13
2.9618e-22,1.5351278e-14,6.4285444e-22,7.3501345e-13
2.9619104e-22,1.535409e-14,6.4292553e-22,7.35162e-13
2.9608575e-22,1.535447e-14,6.4278573e-22,7.3519847e-13
2.960335e-22,1.5355906e-14,6.4275145e-22,7.3528824e-13
2.959518e-22,1.5356812e-14,6.426631e-22,7.3535134e-13
2.9579525e-22,1.5357048e-14,6.4252587e-22,7.35385e-13
2.9564093e-22,1.5357224e-14,6.4239107e-22,7.3541585e-13
2.9573593e-22,1.5358745e-14,6.4235674e-22,7.3550703e-13
2.9565628e-22,1.5359655e-14,6.4227586e-22,7.355702e-13
2.9557528e-22,1.5360533e-14,6.4218766e-22,7.356319e-13
2.9554685e-22,1.5361998e-14,6.421534e-22,7.357217e-13
2.9538032e-22,1.5362232e-14,6.420187e-22,7.3575683e-13
2.9429374e-22,1.5340097e-14,6.4012834e-22,7.348088e-13
2.9510822e-22,1.5358074e-14,6.414605e-22,7.3560944e-13
2.951768e-22,1.5362877e-14,6.4162937e-22,7.358495e-13
2.9498786e-22,1.5361032e-14,6.41326e-22,7.357975e-13
2.945996e-22,1.5353943e-14,6.4062417e-22,7.3550844e-13
2.9507596e-22,1.5367802e-14,6.4158287e-22,7.361344e-13
2.9499982e-22,1.5369032e-14,6.414875e-22,7.3621865e-13
2.9492392e-22,1.5369796e-14,6.4139693e-22,7.362762e-13
2.948556e-22,1.5370675e-14,6.4131125e-22,7.3633525e-13
2.9478624e-22,1.5371466e-14,6.4122573e-22,7.3639705e-13
2.9468693e-22,1.537173e-14,6.4109113e-22,7.364293e-13
2.9464381e-22,1.5373165e-14,6.4105937e-22,7.3651783e-13
2.945757e-22,1.5374046e-14,6.409787e-22,7.365811e-13
2.9445343e-22,1.5373606e-14,6.4079285e-22,7.3658245e-13
2.9438565e-22,1.5374397e-14,6.4070975e-22,7.3664e-13
2.9436629e-22,1.537651e-14,6.4072934e-22,7.3675945e-13
2.942612e-22,1.5377477e-14,6.4064623e-22,7.368227e-13
2.9414982e-22,1.5378298e-14,6.4056066e-22,7.3688175e-13
2.9414346e-22,1.537912e-14,6.404776e-22,7.3694225e-13
2.9408002e-22,1.5379941e-14,6.40397e-22,7.370026e-13
2.939941e-22,1.538082e-14,6.4031393e-22,7.3706167e-13
2.9386972e-22,1.5380323e-14,6.4012834e-22,7.370659e-13
2.938713e-22,1.5381818e-14,6.40099e-22,7.3715166e-13
2.9383042e-22,1.5383316e-14,6.4006725e-22,7.3724306e-13
2.9375928e-22,1.5384107e-14,6.3998425e-22,7.373021e-13
2.9363862e-22,1.5383636e-14,6.397987e-22,7.373064e-13
2.9357096e-22,1.5384488e-14,6.3971823e-22,7.3736395e-13
2.9352906e-22,1.5385927e-14,6.396865e-22,7.3745117e-13
2.934362e-22,1.538619e-14,6.395572e-22,7.3748353e-13
2.9336631e-22,1.5386953e-14,6.3947423e-22,7.375412e-13
2.9329475e-22,1.5387775e-14,6.3939133e-22,7.376017e-13
2.9323035e-22,1.5388625e-14,6.393108e-22,7.376608e-13
2.9316798e-22,1.5389449e-14,6.392328e-22,7.377199e-13
2.9312605e-22,1.5390887e-14,6.391962e-22,7.378086e-13
2.9305728e-22,1.5391768e-14,6.3911814e-22,7.378662e-13
2.929896e-22,1.539259e-14,6.390353e-22,7.3792676e-13
2.929487e-22,1.5394058e-14,6.39006e-22,7.380126e-13
2.925915e-22,1.5387804e-14,6.383702e-22,7.377607e-13
2.9271182e-22,1.5392972e-14,6.3865265e-22,7.38007e-13
2.9269766e-22,1.5395202e-14,6.386673e-22,7.3813086e-13
2.926823e-22,1.5397346e-14,6.3868436e-22,7.382492e-13
2.9261163e-22,1.5398139e-14,6.38604e-22,7.3830975e-13
2.9254138e-22,1.539896e-14,6.385211e-22,7.3836743e-13
2.9244934e-22,1.5399139e-14,6.3839446e-22,7.38397e-13
2.9170958e-22,1.5383257e-14,6.370103e-22,7.377213e-13
2.919678e-22,1.5391356e-14,6.375451e-22,7.3809e-13
2.916922e-22,1.5387365e-14,6.3706867e-22,7.3793803e-13
2.9144647e-22,1.5383521e-14,6.366435e-22,7.3779166e-13
2.9120726e-22,1.5379796e-14,6.362259e-22,7.3765093e-13
2.9109558e-22,1.5379355e-14,6.3605115e-22,7.376467e-13
2.9103262e-22,1.5380116e-14,6.359784e-22,7.3770444e-13
2.910154e-22,1.5382201e-14,6.3600026e-22,7.378198e-13
2.9097257e-22,1.5383756e-14,6.3596866e-22,7.3790567e-13
2.9089714e-22,1.5384517e-14,6.358935e-22,7.3796617e-13
2.9174265e-22,1.5408217e-14,6.376035e-22,7.3903383e-13
2.9164127e-22,1.540895e-14,6.374503e-22,7.391001e-13
2.9155022e-22,1.5408922e-14,6.3731166e-22,7.391227e-13
2.9151462e-22,1.5410333e-14,6.372825e-22,7.392073e-13
2.914745e-22,1.5411775e-14,6.372534e-22,7.3929464e-13
2.9132598e-22,1.5410714e-14,6.370224e-22,7.392679e-13
2.912878e-22,1.5412713e-14,6.3704676e-22,7.3937785e-13
2.9118058e-22,1.5413538e-14,6.369666e-22,7.3943575e-13
2.9113264e-22,1.5414331e-14,6.3688883e-22,7.3949495e-13
2.9104497e-22,1.5415124e-14,6.368135e-22,7.3955273e-13
2.9098623e-22,1.5416537e-14,6.367843e-22,7.39636e-13
2.9090802e-22,1.5417358e-14,6.367042e-22,7.3969384e-13
2.9084355e-22,1.5418153e-14,6.366265e-22,7.397531e-13
2.9078413e-22,1.5418946e-14,6.365512e-22,7.398095e-13
2.9067793e-22,1.5418448e-14,6.3637397e-22,7.398095e-13
2.9067586e-22,1.5420506e-14,6.3639825e-22,7.3991963e-13
2.9064801e-22,1.5421272e-14,6.363181e-22,7.399788e-13
2.9060384e-22,1.542077e-14,6.3613854e-22,7.399788e-13
2.9053848e-22,1.5421536e-14,6.360657e-22,7.4003255e-13
2.9044962e-22,1.5421653e-14,6.3593963e-22,7.400622e-13
2.9038876e-22,1.5422476e-14,6.35862e-22,7.4011863e-13
2.902478e-22,1.54213e-14,6.3563887e-22,7.4009044e-13
2.887489e-22,1.5386514e-14,6.3278403e-22,7.3856746e-13
2.8990512e-22,1.5415773e-14,6.3503293e-22,7.3986883e-13
2.898188e-22,1.5417389e-14,6.349457e-22,7.3997606e-13
2.8987442e-22,1.5421153e-14,6.351008e-22,7.4016666e-13
2.8975618e-22,1.5420741e-14,6.3492393e-22,7.4017095e-13
2.893929e-22,1.5413979e-14,6.342582e-22,7.3989144e-13
2.8943877e-22,1.5417065e-14,6.3438644e-22,7.4004805e-13
2.8952457e-22,1.542174e-14,6.3460677e-22,7.402754e-13
2.893281e-22,1.5419447e-14,6.3428e-22,7.4019767e-13
2.8891353e-22,1.541139e-14,6.3352553e-22,7.398604e-13
2.8959192e-22,1.5430096e-14,6.3487556e-22,7.407061e-13
2.895097e-22,1.5431304e-14,6.347835e-22,7.407923e-13
2.893114e-22,1.5428861e-14,6.344518e-22,7.407047e-13
2.8902503e-22,1.5423948e-14,6.339437e-22,7.4050553e-13
2.8909008e-22,1.5427684e-14,6.3412037e-22,7.40692e-13
2.8901571e-22,1.5428507e-14,6.3404535e-22,7.4075273e-13
2.879512e-22,1.5405778e-14,6.32135e-22,7.397645e-13
2.8892176e-22,1.5432629e-14,6.3415905e-22,7.409661e-13
2.8898206e-22,1.5435336e-14,6.3416874e-22,7.411216e-13
2.8891527e-22,1.5435985e-14,6.340768e-22,7.4117394e-13
2.8858395e-22,1.5429891e-14,6.334675e-22,7.409237e-13
2.887902e-22,1.5437338e-14,6.3393403e-22,7.4127293e-13
2.8888081e-22,1.5442668e-14,6.341977e-22,7.415345e-13
2.8882674e-22,1.5443464e-14,6.3411553e-22,7.4159244e-13
2.8837084e-22,1.5434248e-14,6.3326457e-22,7.41205e-13
2.8869997e-22,1.54447e-14,6.3397275e-22,7.416872e-13
2.8858332e-22,1.5444465e-14,6.337938e-22,7.417014e-13
2.8862696e-22,1.5446381e-14,6.338132e-22,7.4180755e-13
2.8855926e-22,1.5447176e-14,6.3374066e-22,7.4186414e-13
2.8847977e-22,1.5447853e-14,6.3366574e-22,7.419193e-13
2.8840616e-22,1.5448561e-14,6.335884e-22,7.419717e-13
2.8835327e-22,1.5449386e-14,6.3352074e-22,7.4202683e-13
2.882353e-22,1.5449474e-14,6.333951e-22,7.4205236e-13
2.881742e-22,1.5450858e-14,6.333709e-22,7.4213297e-13
2.8814807e-22,1.545033e-14,6.332018e-22,7.421344e-13
2.8814128e-22,1.5452275e-14,6.3322594e-22,7.42242e-13
2.8589882e-22,1.5398698e-14,6.289312e-22,7.398787e-13
2.8490495e-22,1.5373782e-14,6.270148e-22,7.387619e-13
2.8746225e-22,1.543837e-14,6.3195665e-22,7.416434e-13
2.8735088e-22,1.544061e-14,6.318313e-22,7.4179616e-13
2.8686802e-22,1.5431245e-14,6.30969e-22,7.414001e-13
2.8537867e-22,1.5396113e-14,6.2814477e-22,7.3985333e-13
2.873423e-22,1.5445202e-14,6.3192045e-22,7.4204385e-13
2.8731213e-22,1.5449032e-14,6.31959e-22,7.422605e-13
2.8624041e-22,1.5424624e-14,6.299204e-22,7.411923e-13
2.868594e-22,1.5441197e-14,6.311447e-22,7.419405e-13
2.8708148e-22,1.544971e-14,6.316409e-22,7.4234824e-13
2.8695844e-22,1.5449298e-14,6.314578e-22,7.4235523e-13
2.8689566e-22,1.5449945e-14,6.313831e-22,7.424035e-13
2.8671247e-22,1.5447677e-14,6.3107736e-22,7.423227e-13
2.86022e-22,1.5432539e-14,6.2978106e-22,7.41666e-13
2.8593969e-22,1.5432334e-14,6.296802e-22,7.416717e-13
2.860878e-22,1.5440374e-14,6.3018243e-22,7.4205095e-13
2.8581158e-22,1.5440696e-14,6.30055e-22,7.420891e-13
2.8629115e-22,1.5454103e-14,6.309714e-22,7.42708e-13
2.8595084e-22,1.544358e-14,6.299949e-22,7.4226465e-13
2.855663e-22,1.5436134e-14,6.2932e-22,7.419476e-13
2.8611887e-22,1.545369e-14,6.305792e-22,7.4274755e-13
2.8604248e-22,1.545537e-14,6.3054074e-22,7.4285386e-13
2.866379e-22,1.5468758e-14,6.3145546e-22,7.434733e-13
2.8653538e-22,1.5469791e-14,6.313711e-22,7.4354417e-13
2.8645198e-22,1.5471031e-14,6.3134217e-22,7.4362077e-13
2.864559e-22,1.5471738e-14,6.312675e-22,7.436733e-13
2.8634682e-22,1.5470616e-14,6.3105323e-22,7.4364343e-13
2.8630996e-22,1.5471856e-14,6.310364e-22,7.437215e-13
2.8629426e-22,1.5473864e-14,6.3106045e-22,7.438307e-13
2.8620172e-22,1.5474602e-14,6.3098825e-22,7.438818e-13
2.8607477e-22,1.5474631e-14,6.3087027e-22,7.4390873e-13
2.8605288e-22,1.547599e-14,6.3084623e-22,7.439854e-13
2.859727e-22,1.5475487e-14,6.306826e-22,7.439854e-13
2.8595811e-22,1.5476786e-14,6.3065857e-22,7.4406345e-13
2.8594423e-22,1.5478026e-14,6.306369e-22,7.441415e-13
2.8584555e-22,1.5478794e-14,6.305648e-22,7.4419263e-13
2.8577058e-22,1.5478851e-14,6.304469e-22,7.4421675e-13
2.857694e-22,1.5479473e-14,6.303772e-22,7.442678e-13
2.8573499e-22,1.548021e-14,6.30305e-22,7.443189e-13
2.857416e-22,1.548148e-14,6.302882e-22,7.4439847e-13
2.8565974e-22,1.548157e-14,6.3016804e-22,7.4442395e-13
2.8562972e-22,1.5482898e-14,6.301416e-22,7.4450206e-13
2.8552125e-22,1.5482366e-14,6.299805e-22,7.444978e-13
2.8546044e-22,1.5483044e-14,6.2991086e-22,7.44549e-13
2.853825e-22,1.5483191e-14,6.2979555e-22,7.445717e-13
2.8540147e-22,1.5485616e-14,6.2986997e-22,7.4470524e-13
2.85319e-22,1.5485763e-14,6.297523e-22,7.447293e-13
2.852832e-22,1.5486974e-14,6.297259e-22,7.448075e-13
2.852268e-22,1.5487623e-14,6.2966095e-22,7.448586e-13
2.851438e-22,1.5487772e-14,6.2954084e-22,7.448799e-13
2.8511523e-22,1.5488982e-14,6.2951923e-22,7.44958e-13
2.8503435e-22,1.54891e-14,6.29404e-22,7.449837e-13
2.8485813e-22,1.5486768e-14,6.29104e-22,7.448984e-13
2.8492164e-22,1.549034e-14,6.2926957e-22,7.450788e-13
2.848392e-22,1.5490549e-14,6.2915194e-22,7.4510726e-13
2.8480756e-22,1.549182e-14,6.291304e-22,7.451826e-13
2.8472815e-22,1.5491879e-14,6.2901517e-22,7.452082e-13
2.8469563e-22,1.5493178e-14,6.289935e-22,7.452835e-13
2.8463916e-22,1.5493827e-14,6.2892636e-22,7.453347e-13
2.845792e-22,1.5494508e-14,6.288568e-22,7.4538444e-13
2.845213e-22,1.5495246e-14,6.287897e-22,7.454328e-13
2.8446716e-22,1.5495868e-14,6.287225e-22,7.454839e-13
2.8443833e-22,1.5497139e-14,6.286985e-22,7.455608e-13
2.843823e-22,1.549773e-14,6.2863137e-22,7.4561196e-13
2.8432667e-22,1.5498497e-14,6.285642e-22,7.456603e-13
2.8427066e-22,1.549909e-14,6.284947e-22,7.4571154e-13
2.8421444e-22,1.54998e-14,6.2842755e-22,7.457599e-13
2.841586e-22,1.5500449e-14,6.2835803e-22,7.4581113e-13
2.8407492e-22,1.550048e-14,6.2824544e-22,7.4583243e-13
2.840146e-22,1.55011e-14,6.281759e-22,7.458808e-13
2.8394603e-22,1.5501189e-14,6.280633e-22,7.4590643e-13
2.839356e-22,1.5503051e-14,6.2808964e-22,7.46006e-13
2.8104814e-22,1.543207e-14,6.224795e-22,7.42834e-13
2.837241e-22,1.5498884e-14,6.276992e-22,7.4582387e-13
2.837163e-22,1.5503552e-14,6.2778545e-22,7.460857e-13
2.8366454e-22,1.550453e-14,6.2773037e-22,7.461497e-13
2.8363233e-22,1.5505743e-14,6.277136e-22,7.462252e-13
2.8360027e-22,1.5507015e-14,6.2768726e-22,7.4630205e-13
2.835463e-22,1.5507606e-14,6.2761784e-22,7.4635193e-13
2.834921e-22,1.5508257e-14,6.275532e-22,7.4640023e-13
2.8341543e-22,1.5508314e-14,6.2743825e-22,7.4642305e-13
2.8336045e-22,1.5508967e-14,6.2737363e-22,7.464714e-13
2.8330648e-22,1.5509588e-14,6.27309e-22,7.465198e-13
2.830174e-22,1.5504352e-14,6.2678763e-22,7.4630205e-13
2.8322368e-22,1.5511392e-14,6.2722525e-22,7.4663523e-13
2.8316287e-22,1.551222e-14,6.271607e-22,7.466936e-13
2.8310426e-22,1.5512814e-14,6.2709136e-22,7.4674056e-13
2.8303675e-22,1.5513463e-14,6.2702194e-22,7.46789e-13
2.8286447e-22,1.5513493e-14,6.269143e-22,7.4681033e-13
2.827396e-22,1.5514735e-14,6.268904e-22,7.4688443e-13
2.8288774e-22,1.5515357e-14,6.2682585e-22,7.4693577e-13
2.8284243e-22,1.5515978e-14,6.2676127e-22,7.4698277e-13
2.8279167e-22,1.5516658e-14,6.2669675e-22,7.4702977e-13
2.8274072e-22,1.551725e-14,6.2662975e-22,7.4707964e-13
2.8264235e-22,1.5516747e-14,6.264721e-22,7.4707395e-13
2.8245017e-22,1.5513876e-14,6.2613276e-22,7.469614e-13
2.8258416e-22,1.5519146e-14,6.264362e-22,7.4721647e-13
2.824326e-22,1.5517459e-14,6.261901e-22,7.4716513e-13
2.8080336e-22,1.5478143e-14,6.2303543e-22,7.4540574e-13
2.8109383e-22,1.5486146e-14,6.236298e-22,7.4576554e-13
2.819455e-22,1.551018e-14,6.2536177e-22,7.468759e-13
2.8221008e-22,1.5519382e-14,6.2590597e-22,7.4732045e-13
2.8223515e-22,1.5522402e-14,6.2600144e-22,7.4748015e-13
2.8219983e-22,1.5523586e-14,6.2597993e-22,7.475571e-13
2.8214445e-22,1.5524208e-14,6.2591314e-22,7.4760277e-13
2.8209126e-22,1.552483e-14,6.258486e-22,7.476498e-13
2.8204054e-22,1.5525421e-14,6.257842e-22,7.476969e-13
2.816443e-22,1.5517339e-14,6.2504693e-22,7.473505e-13
2.8194118e-22,1.5526517e-14,6.2566484e-22,7.4777955e-13
2.81814e-22,1.552557e-14,6.254596e-22,7.477625e-13
2.816672e-22,1.5523852e-14,6.2521147e-22,7.4769975e-13
2.8172232e-22,1.5527347e-14,6.253761e-22,7.478766e-13
2.816156e-22,1.5526814e-14,6.2522344e-22,7.4787523e-13
2.8159096e-22,1.5527938e-14,6.252067e-22,7.4794505e-13
2.813805e-22,1.552631e-14,6.2496116e-22,7.478895e-13
2.813048e-22,1.552862e-14,6.250327e-22,7.480107e-13
2.8136253e-22,1.5530427e-14,6.250541e-22,7.4811343e-13
2.813659e-22,1.5530517e-14,6.2494687e-22,7.4813484e-13
2.8134364e-22,1.553111e-14,6.2488245e-22,7.4817767e-13
2.8127647e-22,1.5531139e-14,6.247728e-22,7.4819903e-13
2.8127188e-22,1.5532885e-14,6.2479667e-22,7.4829894e-13
2.8121932e-22,1.5533509e-14,6.2473947e-22,7.4834746e-13
2.8118696e-22,1.5534694e-14,6.2472043e-22,7.484189e-13
2.8105433e-22,1.5533597e-14,6.245226e-22,7.4838887e-13
2.8103762e-22,1.5535226e-14,6.2454883e-22,7.4848304e-13
2.8105291e-22,1.5537122e-14,6.245751e-22,7.48583e-13
2.8097032e-22,1.5537093e-14,6.244654e-22,7.4860447e-13
2.8091705e-22,1.5537745e-14,6.2440353e-22,7.486501e-13
2.8087184e-22,1.5538338e-14,6.243416e-22,7.486958e-13
2.8079445e-22,1.5538338e-14,6.242368e-22,7.4871587e-13
2.807679e-22,1.5539463e-14,6.2421536e-22,7.4878726e-13
2.8066727e-22,1.5538931e-14,6.240654e-22,7.487829e-13
2.806671e-22,1.5540739e-14,6.2409394e-22,7.4888007e-13
2.8059613e-22,1.554071e-14,6.2398443e-22,7.489015e-13
2.8052098e-22,1.554077e-14,6.23875e-22,7.489186e-13
2.8051455e-22,1.5542458e-14,6.2390587e-22,7.4901435e-13
2.8035024e-22,1.5540236e-14,6.23618e-22,7.4893444e-13
2.8032933e-22,1.5541332e-14,6.236037e-22,7.490015e-13
2.8034642e-22,1.5543703e-14,6.236751e-22,7.491258e-13
2.8033774e-22,1.5545452e-14,6.236989e-22,7.492258e-13
2.8003552e-22,1.553979e-14,6.2314715e-22,7.4898583e-13
2.7992816e-22,1.5538545e-14,6.2296177e-22,7.489458e-13
2.8017356e-22,1.554655e-14,6.2347764e-22,7.493287e-13
2.7980197e-22,1.5539316e-14,6.2279304e-22,7.4901863e-13
2.800018e-22,1.5546046e-14,6.2321844e-22,7.493387e-13
2.8003578e-22,1.5549011e-14,6.233302e-22,7.494974e-13
2.7991448e-22,1.5547884e-14,6.231376e-22,7.494674e-13
2.7590616e-22,1.5447087e-14,6.152744e-22,7.4489275e-13
2.7852412e-22,1.5512426e-14,6.2040293e-22,7.478352e-13
2.7967103e-22,1.5546104e-14,6.227598e-22,7.4941876e-13
2.7977923e-22,1.5551977e-14,6.230402e-22,7.497233e-13
2.7962655e-22,1.5550258e-14,6.2278597e-22,7.496647e-13
2.7955448e-22,1.5550197e-14,6.2267904e-22,7.4967896e-13
2.7956632e-22,1.5552453e-14,6.2275265e-22,7.498005e-13
2.7954146e-22,1.5553639e-14,6.227313e-22,7.4987347e-13
2.7940741e-22,1.5551977e-14,6.2249617e-22,7.498163e-13
2.7906382e-22,1.5545126e-14,6.2186953e-22,7.4952316e-13
2.794014e-22,1.5555804e-14,6.2260543e-22,7.5002363e-13
2.7930616e-22,1.5555389e-14,6.2244624e-22,7.500294e-13
2.7926552e-22,1.5556012e-14,6.2238455e-22,7.5007085e-13
2.7922377e-22,1.5557139e-14,6.223703e-22,7.5014094e-13
2.7919206e-22,1.5557613e-14,6.2231094e-22,7.5018534e-13
2.7906092e-22,1.5556517e-14,6.2211873e-22,7.5015385e-13
2.782749e-22,1.5541925e-14,6.2088826e-22,7.495045e-13
2.7871524e-22,1.5558474e-14,6.220997e-22,7.502726e-13
2.788898e-22,1.5559453e-14,6.220309e-22,7.503399e-13
2.7897916e-22,1.5561088e-14,6.220546e-22,7.5043146e-13
2.7869875e-22,1.5555508e-14,6.2151385e-22,7.501939e-13
2.7878052e-22,1.5559306e-14,6.2171776e-22,7.5038565e-13
2.7877466e-22,1.5561117e-14,6.2174856e-22,7.5048447e-13
2.756149e-22,1.5481894e-14,6.155396e-22,7.4688443e-13
2.779947e-22,1.5542014e-14,6.202231e-22,7.4960605e-13
2.7841572e-22,1.555726e-14,6.211796e-22,7.503542e-13
2.7822912e-22,1.5554974e-14,6.2086453e-22,7.502726e-13
2.7831465e-22,1.5558208e-14,6.210161e-22,7.504386e-13
2.7771612e-22,1.5544918e-14,6.1988483e-22,7.4984913e-13
2.777866e-22,1.5548001e-14,6.2004795e-22,7.5000363e-13
2.7799887e-22,1.5555359e-14,6.2050935e-22,7.503571e-13
2.7785082e-22,1.5553786e-14,6.202727e-22,7.5030693e-13
2.7725835e-22,1.5540976e-14,6.191853e-22,7.4973903e-13
2.782469e-22,1.5568005e-14,6.21201e-22,7.5098705e-13
2.777451e-22,1.5556785e-14,6.2017574e-22,7.505045e-13
2.7780955e-22,1.555981e-14,6.203319e-22,7.506534e-13
2.7762434e-22,1.5557139e-14,6.2001726e-22,7.505503e-13
2.7775931e-22,1.55626e-14,6.2034845e-22,7.5081803e-13
2.7779074e-22,1.5565569e-14,6.2046205e-22,7.509698e-13
2.7759033e-22,1.5564945e-14,6.2031296e-22,7.509642e-13
2.7751362e-22,1.5567676e-14,6.204218e-22,7.5110594e-13
2.7450065e-22,1.5487328e-14,6.1413475e-22,7.474402e-13
2.7577456e-22,1.5518198e-14,6.16569e-22,7.488372e-13
2.747276e-22,1.5494389e-14,6.1458e-22,7.477753e-13
2.7710328e-22,1.5556785e-14,6.193293e-22,7.5064184e-13
2.7758155e-22,1.5573854e-14,6.204289e-22,7.5147424e-13
2.7748338e-22,1.557332e-14,6.202467e-22,7.5147283e-13
2.7733929e-22,1.5571003e-14,6.1997227e-22,7.5138534e-13
2.773627e-22,1.5573795e-14,6.2008824e-22,7.5152585e-13
2.7733876e-22,1.5574895e-14,6.2007163e-22,7.515975e-13
2.7741295e-22,1.5577153e-14,6.201426e-22,7.517165e-13
2.7735456e-22,1.5578191e-14,6.201237e-22,7.517839e-13
2.7728905e-22,1.557822e-14,6.2002195e-22,7.518011e-13
2.772861e-22,1.5579855e-14,6.200504e-22,7.518957e-13
2.7519262e-22,1.5527466e-14,6.159131e-22,7.495074e-13
2.7613383e-22,1.5551533e-14,6.1777205e-22,7.5060753e-13
2.7702324e-22,1.557736e-14,6.1962e-22,7.518212e-13
2.7495428e-22,1.5529744e-14,6.15798e-22,7.4966324e-13
2.7655562e-22,1.5575101e-14,6.1929393e-22,7.517437e-13
2.7626664e-22,1.556943e-14,6.186658e-22,7.5151864e-13
2.7670277e-22,1.5581224e-14,6.1949234e-22,7.52075e-13
2.7690507e-22,1.558357e-14,6.1955616e-22,7.522084e-13
2.768973e-22,1.5584076e-14,6.1949234e-22,7.522501e-13
2.7680157e-22,1.558348e-14,6.1935063e-22,7.522415e-13
2.7681455e-22,1.5585654e-14,6.194215e-22,7.5235765e-13
2.7669073e-22,1.5584015e-14,6.191899e-22,7.5230024e-13
2.766711e-22,1.5585057e-14,6.191782e-22,7.523634e-13
2.7669335e-22,1.5587258e-14,6.1925137e-22,7.524825e-13
2.7638753e-22,1.5581252e-14,6.186824e-22,7.522213e-13
2.7659278e-22,1.5588268e-14,6.1914035e-22,7.525586e-13
2.7647116e-22,1.5588832e-14,6.19079e-22,7.526074e-13
2.7630564e-22,1.5588805e-14,6.1897975e-22,7.526246e-13
2.7633437e-22,1.5588805e-14,6.188806e-22,7.5263754e-13
2.763377e-22,1.5590378e-14,6.1890896e-22,7.527323e-13
2.7623289e-22,1.5590915e-14,6.188523e-22,7.52774e-13
2.7630374e-22,1.5591449e-14,6.1879794e-22,7.528141e-13
2.7625757e-22,1.5591955e-14,6.18739e-22,7.528543e-13
2.7624758e-22,1.559255e-14,6.18687e-22,7.5289596e-13
2.762054e-22,1.5592996e-14,6.1862805e-22,7.5293764e-13
2.7613845e-22,1.5592936e-14,6.185313e-22,7.529534e-13
2.7611202e-22,1.5594037e-14,6.1851713e-22,7.5301804e-13
2.7606893e-22,1.5594483e-14,6.184629e-22,7.5305967e-13
2.760175e-22,1.5595018e-14,6.1840626e-22,7.5309995e-13
2.758905e-22,1.5593384e-14,6.1818215e-22,7.5303956e-13
2.759275e-22,1.559603e-14,6.1829545e-22,7.531775e-13
2.758301e-22,1.5595525e-14,6.181539e-22,7.531732e-13
2.7580463e-22,1.5596001e-14,6.180973e-22,7.53212e-13
2.7580031e-22,1.5597578e-14,6.1812793e-22,7.533025e-13
2.7575283e-22,1.5598081e-14,6.180714e-22,7.5334416e-13
2.7570868e-22,1.5598588e-14,6.1801484e-22,7.53383e-13
2.7566624e-22,1.5599035e-14,6.1795824e-22,7.534246e-13
2.756219e-22,1.559963e-14,6.1790634e-22,7.534663e-13
2.7557645e-22,1.5600106e-14,6.1785217e-22,7.535051e-13
2.75153e-22,1.5590885e-14,6.1704427e-22,7.530956e-13
2.754729e-22,1.5600463e-14,6.1770606e-22,7.5354827e-13
2.7533836e-22,1.5598916e-14,6.1747983e-22,7.535008e-13
2.753352e-22,1.5600434e-14,6.1750815e-22,7.535885e-13
2.7531112e-22,1.5601534e-14,6.17494e-22,7.536532e-13
2.7530738e-22,1.5603082e-14,6.175246e-22,7.5374516e-13
2.7525924e-22,1.5603589e-14,6.174658e-22,7.537854e-13
2.7521224e-22,1.5604124e-14,6.174115e-22,7.5382566e-13
2.7515133e-22,1.5604065e-14,6.1731504e-22,7.538401e-13
2.7508544e-22,1.5604034e-14,6.1722083e-22,7.5385434e-13
2.7506388e-22,1.5605015e-14,6.1720906e-22,7.5391765e-13
2.7504255e-22,1.5606118e-14,6.1719255e-22,7.539824e-13
2.7499825e-22,1.5606563e-14,6.1714075e-22,7.5402553e-13
2.749528e-22,1.56071e-14,6.170843e-22,7.540644e-13
2.7490932e-22,1.5607576e-14,6.1703014e-22,7.541032e-13
2.7480021e-22,1.5606474e-14,6.168537e-22,7.540687e-13
2.7480753e-22,1.5608559e-14,6.1692427e-22,7.5417943e-13
2.7475122e-22,1.5609035e-14,6.168701e-22,7.542226e-13
2.747081e-22,1.5609005e-14,6.16776e-22,7.5423695e-13
2.7468217e-22,1.5609987e-14,6.1676654e-22,7.543003e-13
2.7462015e-22,1.5609928e-14,6.166678e-22,7.543161e-13
2.7458123e-22,1.5610404e-14,6.166136e-22,7.5435356e-13
2.7456096e-22,1.5611417e-14,6.1659953e-22,7.544168e-13
2.7451668e-22,1.5611923e-14,6.1654783e-22,7.544571e-13
2.7440977e-22,1.561085e-14,6.163691e-22,7.544212e-13
2.7436663e-22,1.5611297e-14,6.163197e-22,7.5445856e-13
2.7432197e-22,1.5611774e-14,6.162633e-22,7.544989e-13
2.74343e-22,1.5613858e-14,6.1633857e-22,7.546111e-13
2.743004e-22,1.5614365e-14,6.162797e-22,7.5465285e-13
2.742563e-22,1.561484e-14,6.1622573e-22,7.546903e-13
2.74213e-22,1.5615317e-14,6.161739e-22,7.5473064e-13
2.740024e-22,1.5611507e-14,6.1579093e-22,7.5456796e-13
2.741259e-22,1.5616182e-14,6.1607053e-22,7.548025e-13
2.7406414e-22,1.561624e-14,6.159742e-22,7.5482123e-13
2.7404038e-22,1.5617224e-14,6.159624e-22,7.548832e-13
2.739758e-22,1.5617134e-14,6.158661e-22,7.548976e-13
2.7389258e-22,1.5616569e-14,6.157345e-22,7.548861e-13
2.7391215e-22,1.5618625e-14,6.1580497e-22,7.549984e-13
2.7386898e-22,1.561913e-14,6.15751e-22,7.550387e-13
2.738261e-22,1.5619608e-14,6.15697e-22,7.5507477e-13
2.7374006e-22,1.5618981e-14,6.155632e-22,7.550661e-13
2.735496e-22,1.5615764e-14,6.1522745e-22,7.549307e-13
2.736753e-22,1.562041e-14,6.1550437e-22,7.551611e-13
2.735711e-22,1.561937e-14,6.15326e-22,7.551309e-13
2.7351241e-22,1.561931e-14,6.1523446e-22,7.5514383e-13
2.7351103e-22,1.5620829e-14,6.1526263e-22,7.5522883e-13
2.7348816e-22,1.5621812e-14,6.1525324e-22,7.552936e-13
2.7345983e-22,1.5622796e-14,6.152368e-22,7.553556e-13
2.7343315e-22,1.5623779e-14,6.1522977e-22,7.5541754e-13
2.7336025e-22,1.5623241e-14,6.150937e-22,7.554104e-13
2.733595e-22,1.5624702e-14,6.151242e-22,7.554939e-13
2.7294734e-22,1.5615706e-14,6.1433857e-22,7.5509054e-13
2.732792e-22,1.5625537e-14,6.1502797e-22,7.5556163e-13
2.7251812e-22,1.5607754e-14,6.135493e-22,7.5475216e-13
2.7277487e-22,1.5615257e-14,6.140762e-22,7.551121e-13
2.7264732e-22,1.5613828e-14,6.1386303e-22,7.5506176e-13
2.7276586e-22,1.5618386e-14,6.1413475e-22,7.552922e-13
2.7269316e-22,1.5618417e-14,6.1404105e-22,7.5531237e-13
2.729936e-22,1.5627773e-14,6.1467845e-22,7.5576345e-13
2.7287312e-22,1.5626282e-14,6.144581e-22,7.5571445e-13
2.7284553e-22,1.5627177e-14,6.1444636e-22,7.5577066e-13
2.7181486e-22,1.5602069e-14,6.1242455e-22,7.5461404e-13
2.7175367e-22,1.5601207e-14,6.123101e-22,7.545765e-13
2.6754146e-22,1.5492527e-14,6.0393343e-22,7.495189e-13
2.6706042e-22,1.5478026e-14,6.0294363e-22,7.48813e-13
2.717259e-22,1.5601446e-14,6.1229844e-22,7.545794e-13
2.720437e-22,1.5615467e-14,6.130744e-22,7.5530803e-13
2.7204188e-22,1.561776e-14,6.1313753e-22,7.5543624e-13
2.717406e-22,1.5611983e-14,6.1260454e-22,7.5518124e-13
2.7212412e-22,1.5623241e-14,6.133995e-22,7.5572307e-13
2.7218046e-22,1.5627504e-14,6.1362185e-22,7.5594224e-13
2.7227422e-22,1.563108e-14,6.138092e-22,7.561297e-13
2.7231377e-22,1.5633675e-14,6.139192e-22,7.5626815e-13
2.7232344e-22,1.5635227e-14,6.13945e-22,7.563546e-13
2.7227137e-22,1.5635107e-14,6.1385127e-22,7.5636616e-13
2.722689e-22,1.5636001e-14,6.138396e-22,7.5642823e-13
2.722167e-22,1.563651e-14,6.1378816e-22,7.564644e-13
2.7213407e-22,1.5636926e-14,6.1374126e-22,7.5650185e-13
2.719837e-22,1.5636865e-14,6.1364765e-22,7.56512e-13
2.717898e-22,1.5637312e-14,6.136008e-22,7.5654945e-13
2.7143747e-22,1.5635613e-14,6.1338785e-22,7.5648743e-13
2.7155235e-22,1.5636091e-14,6.1334105e-22,7.565235e-13
2.7191104e-22,1.5638597e-14,6.1345333e-22,7.5665624e-13
2.7192379e-22,1.563961e-14,6.13444e-22,7.567197e-13
2.718831e-22,1.5639969e-14,6.1339254e-22,7.5675734e-13
2.7184485e-22,1.5640416e-14,6.133387e-22,7.567934e-13
2.7183973e-22,1.5640863e-14,6.132919e-22,7.5683096e-13
2.7133576e-22,1.5628905e-14,6.1228445e-22,7.5628116e-13
2.7078033e-22,1.5615317e-14,6.1117363e-22,7.5565677e-13
2.7133117e-22,1.5630546e-14,6.1228677e-22,7.5637776e-13
2.7172282e-22,1.5642595e-14,6.1310714e-22,7.569666e-13
2.7165184e-22,1.5642623e-14,6.1300657e-22,7.5698833e-13
2.7159105e-22,1.5642415e-14,6.12913e-22,7.5699836e-13
2.7159098e-22,1.5643938e-14,6.129434e-22,7.570821e-13
2.7152908e-22,1.5643877e-14,6.1285455e-22,7.570936e-13
2.7150775e-22,1.5644832e-14,6.1284753e-22,7.571543e-13
2.714657e-22,1.564525e-14,6.1279614e-22,7.57189e-13
2.7141982e-22,1.5645637e-14,6.1274706e-22,7.572251e-13
2.713643e-22,1.5645578e-14,6.1265826e-22,7.572381e-13
2.7133107e-22,1.5646025e-14,6.126092e-22,7.572727e-13
2.7127106e-22,1.5645876e-14,6.12518e-22,7.572843e-13
2.7125175e-22,1.5646801e-14,6.12511e-22,7.5734357e-13
2.7120816e-22,1.5647277e-14,6.1245964e-22,7.573797e-13
2.7114964e-22,1.5647667e-14,6.1241057e-22,7.574143e-13
2.710839e-22,1.5648561e-14,6.1240123e-22,7.57475e-13
2.7101494e-22,1.5648561e-14,6.123171e-22,7.57488e-13
2.710516e-22,1.5649457e-14,6.1230545e-22,7.5754724e-13
2.7104072e-22,1.5649904e-14,6.122587e-22,7.575819e-13
2.709791e-22,1.5649845e-14,6.121676e-22,7.575935e-13
2.709215e-22,1.5649727e-14,6.120836e-22,7.5760356e-13
2.7090402e-22,1.5650621e-14,6.120719e-22,7.576628e-13
2.7088406e-22,1.5651576e-14,6.120649e-22,7.5772353e-13
2.7082554e-22,1.5651488e-14,6.119762e-22,7.5773513e-13
2.7078631e-22,1.5651846e-14,6.119272e-22,7.5776977e-13
2.7074643e-22,1.5652293e-14,6.1188045e-22,7.5780446e-13
2.7072565e-22,1.565319e-14,6.118711e-22,7.578637e-13
2.7066535e-22,1.56531e-14,6.1178014e-22,7.578753e-13
2.7062685e-22,1.5653577e-14,6.1173343e-22,7.579114e-13
2.7060885e-22,1.5654473e-14,6.117264e-22,7.579678e-13
2.7052966e-22,1.5653845e-14,6.1160045e-22,7.579577e-13
2.7051295e-22,1.565483e-14,6.1159343e-22,7.580141e-13
2.7049424e-22,1.5655698e-14,6.115818e-22,7.5807335e-13
2.7043404e-22,1.5655637e-14,6.114931e-22,7.580864e-13
2.703962e-22,1.5656027e-14,6.114465e-22,7.5811964e-13
2.7033773e-22,1.5655937e-14,6.113602e-22,7.581283e-13
2.703382e-22,1.565734e-14,6.113929e-22,7.5821223e-13
2.7029782e-22,1.5657758e-14,6.1134155e-22,7.582469e-13
2.702609e-22,1.5658146e-14,6.112926e-22,7.5828157e-13
2.7022356e-22,1.5658624e-14,6.1124825e-22,7.583149e-13
2.7018337e-22,1.5659013e-14,6.112016e-22,7.583496e-13
2.7012607e-22,1.5658891e-14,6.11113e-22,7.583612e-13
2.700888e-22,1.5659281e-14,6.1106635e-22,7.5839584e-13
2.700711e-22,1.5660206e-14,6.110594e-22,7.5845374e-13
2.6890764e-22,1.563138e-14,6.0875843e-22,7.571052e-13
2.6983592e-22,1.5656145e-14,6.10633e-22,7.582787e-13
2.692595e-22,1.564328e-14,6.0952523e-22,7.5769463e-13
2.6932234e-22,1.5645937e-14,6.096764e-22,7.5783336e-13
2.6988716e-22,1.566203e-14,6.1083567e-22,7.586129e-13
2.6923654e-22,1.564704e-14,6.09574e-22,7.579201e-13
2.6959257e-22,1.565728e-14,6.103116e-22,7.584161e-13
2.693735e-22,1.565325e-14,6.09909e-22,7.582469e-13
2.6945355e-22,1.5656623e-14,6.100951e-22,7.584175e-13
2.6953204e-22,1.5660089e-14,6.1028365e-22,7.585984e-13
2.6947218e-22,1.5660028e-14,6.101953e-22,7.5861e-13
2.6949266e-22,1.566188e-14,6.1026507e-22,7.5871563e-13
2.6949248e-22,1.5663343e-14,6.1029536e-22,7.587996e-13
2.69374e-22,1.566173e-14,6.100928e-22,7.5873883e-13
2.6939443e-22,1.5663584e-14,6.10165e-22,7.588415e-13
2.6925332e-22,1.5661492e-14,6.0992297e-22,7.5875905e-13
2.6929833e-22,1.5664926e-14,6.101114e-22,7.589327e-13
2.691057e-22,1.5662268e-14,6.098322e-22,7.588271e-13
2.6924916e-22,1.5666211e-14,6.1006024e-22,7.5902387e-13
2.6916394e-22,1.5666123e-14,6.099718e-22,7.59037e-13
2.6909606e-22,1.5664926e-14,6.0980665e-22,7.5899785e-13
2.6911572e-22,1.5666332e-14,6.098392e-22,7.590775e-13
2.6905554e-22,1.566678e-14,6.097927e-22,7.591137e-13
2.6911456e-22,1.566914e-14,6.0990196e-22,7.5924255e-13
2.6905024e-22,1.566905e-14,6.098136e-22,7.5925263e-13
2.6893132e-22,1.5666959e-14,6.095764e-22,7.591658e-13
2.6903772e-22,1.5670843e-14,6.0980427e-22,7.593642e-13
2.689811e-22,1.5670724e-14,6.097205e-22,7.5937726e-13
2.688322e-22,1.5668095e-14,6.094392e-22,7.5926857e-13
2.6887457e-22,1.5670486e-14,6.0955073e-22,7.5939466e-13
2.6881547e-22,1.5670396e-14,6.0946475e-22,7.594048e-13
2.6872121e-22,1.566923e-14,6.093067e-22,7.593671e-13
2.6878104e-22,1.567213e-14,6.0945313e-22,7.5951636e-13
2.6874648e-22,1.5672547e-14,6.094066e-22,7.595525e-13
2.6872631e-22,1.5673415e-14,6.09402e-22,7.59609e-13
2.6862044e-22,1.56718e-14,6.092021e-22,7.5954824e-13
2.6862085e-22,1.5673176e-14,6.0923463e-22,7.596279e-13
2.686389e-22,1.5675088e-14,6.0930203e-22,7.597307e-13
2.68431e-22,1.5670935e-14,6.0890934e-22,7.595525e-13
2.6851606e-22,1.5674253e-14,6.090975e-22,7.5972497e-13
2.6850069e-22,1.5675178e-14,6.090882e-22,7.597829e-13
2.684777e-22,1.5676074e-14,6.0908357e-22,7.5983946e-13
2.6832623e-22,1.5673415e-14,6.0880715e-22,7.597293e-13
2.683941e-22,1.5676256e-14,6.089581e-22,7.5987854e-13
2.6833206e-22,1.5676195e-14,6.088722e-22,7.5989014e-13
2.6833022e-22,1.5677541e-14,6.0890237e-22,7.5996983e-13
2.6827834e-22,1.5677452e-14,6.0881876e-22,7.5997856e-13
2.6822079e-22,1.5677303e-14,6.087375e-22,7.5998723e-13
2.6820498e-22,1.5678168e-14,6.087305e-22,7.600438e-13
2.6821162e-22,1.5679515e-14,6.0876303e-22,7.6012357e-13
2.6813867e-22,1.5678946e-14,6.0863994e-22,7.6010904e-13
2.6812037e-22,1.5679754e-14,6.0863534e-22,7.601641e-13
2.680441e-22,1.5679156e-14,6.085123e-22,7.601511e-13
2.6799385e-22,1.5679037e-14,6.084334e-22,7.601583e-13
2.6797479e-22,1.5679903e-14,6.0842406e-22,7.6021345e-13
2.679128e-22,1.5679754e-14,6.083428e-22,7.602222e-13
2.6794174e-22,1.5681609e-14,6.0841714e-22,7.603252e-13
2.6790673e-22,1.5681997e-14,6.083707e-22,7.6035993e-13
2.678311e-22,1.568137e-14,6.0824776e-22,7.6034394e-13
2.678302e-22,1.5682744e-14,6.082825e-22,7.6042227e-13
2.677994e-22,1.5683134e-14,6.0823847e-22,7.604556e-13
2.6778276e-22,1.568397e-14,6.082315e-22,7.6051074e-13
2.677491e-22,1.5684331e-14,6.081874e-22,7.6054267e-13
2.6769378e-22,1.568418e-14,6.0810387e-22,7.6054993e-13
2.676378e-22,1.568406e-14,6.080227e-22,7.6056007e-13
2.6764485e-22,1.5685348e-14,6.080552e-22,7.606384e-13
2.675912e-22,1.5685258e-14,6.07974e-22,7.6064567e-13
2.6753464e-22,1.568514e-14,6.078905e-22,7.6065586e-13
2.6577448e-22,1.5640355e-14,6.0437363e-22,7.5852324e-13
2.6750745e-22,1.5685886e-14,6.07872e-22,7.607008e-13
2.6721935e-22,1.568095e-14,6.073527e-22,7.604962e-13
2.6740943e-22,1.5687052e-14,6.0775833e-22,7.60801e-13
2.6739058e-22,1.5687982e-14,6.0775137e-22,7.608604e-13
2.673394e-22,1.568783e-14,6.0766796e-22,7.608691e-13
2.6717118e-22,1.568469e-14,6.0735964e-22,7.607356e-13
2.6708172e-22,1.5683493e-14,6.072045e-22,7.606921e-13
2.6725704e-22,1.5689329e-14,6.075798e-22,7.6098237e-13
2.6539217e-22,1.5641878e-14,6.0385285e-22,7.587243e-13
2.671753e-22,1.5688578e-14,6.074454e-22,7.609577e-13
2.6711368e-22,1.5689595e-14,6.0738286e-22,7.610404e-13
2.671093e-22,1.5690825e-14,6.0740603e-22,7.6111296e-13
2.6703492e-22,1.5690164e-14,6.0728325e-22,7.61097e-13
2.6703744e-22,1.5691482e-14,6.07318e-22,7.6117395e-13
2.669743e-22,1.5691272e-14,6.072369e-22,7.611827e-13
2.669052e-22,1.5692141e-14,6.0723e-22,7.612364e-13
2.6683335e-22,1.5692498e-14,6.071883e-22,7.612683e-13
2.668982e-22,1.5692859e-14,6.0714426e-22,7.6130026e-13
2.6685811e-22,1.5693217e-14,6.0710023e-22,7.613308e-13
2.6682085e-22,1.5693068e-14,6.0702617e-22,7.6133945e-13
2.6670862e-22,1.5691451e-14,6.068247e-22,7.6127554e-13
2.667259e-22,1.5693217e-14,6.068988e-22,7.613743e-13
2.6669913e-22,1.5694055e-14,6.0689415e-22,7.614295e-13
2.6666033e-22,1.5694414e-14,6.068525e-22,7.614629e-13
2.6535047e-22,1.5662447e-14,6.043206e-22,7.59938e-13
2.6634284e-22,1.5689925e-14,6.0641285e-22,7.6125965e-13
2.6658844e-22,1.5695492e-14,6.067368e-22,7.615544e-13
2.6647312e-22,1.5693847e-14,6.065331e-22,7.61492e-13
2.6649607e-22,1.5695612e-14,6.0660485e-22,7.615907e-13
2.6646005e-22,1.569603e-14,6.065609e-22,7.6162264e-13
2.6644606e-22,1.569681e-14,6.065563e-22,7.616764e-13
2.66431e-22,1.5697679e-14,6.0655396e-22,7.6173166e-13
2.6639813e-22,1.5698038e-14,6.0651e-22,7.617622e-13
2.6632542e-22,1.5697348e-14,6.063943e-22,7.617447e-13
2.6632982e-22,1.5698666e-14,6.064267e-22,7.6182176e-13
2.6629475e-22,1.5699026e-14,6.063851e-22,7.6185363e-13
2.6625727e-22,1.5699325e-14,6.0634343e-22,7.618842e-13
2.6622074e-22,1.5699713e-14,6.0629946e-22,7.619148e-13
2.661898e-22,1.5700013e-14,6.0626013e-22,7.619467e-13
2.6615054e-22,1.5700313e-14,6.062162e-22,7.6197577e-13
2.6607885e-22,1.5700703e-14,6.061746e-22,7.620048e-13
2.6601624e-22,1.5701003e-14,6.061353e-22,7.6203676e-13
2.6605055e-22,1.5701302e-14,6.060937e-22,7.6206587e-13
2.660266e-22,1.570169e-14,6.0604975e-22,7.6209644e-13
2.6599158e-22,1.570208e-14,6.0600815e-22,7.62127e-13
2.6596237e-22,1.570238e-14,6.059688e-22,7.62156e-13
2.6591108e-22,1.5702199e-14,6.0588794e-22,7.6216187e-13
2.6584234e-22,1.570151e-14,6.0577237e-22,7.621473e-13
2.6582964e-22,1.570235e-14,6.0577237e-22,7.621996e-13
2.657763e-22,1.5702199e-14,6.056915e-22,7.6220546e-13
2.6576083e-22,1.5703039e-14,6.056892e-22,7.6225923e-13
2.6574846e-22,1.5703847e-14,6.0568695e-22,7.623116e-13
2.6569628e-22,1.5703698e-14,6.056037e-22,7.6231735e-13
2.6568171e-22,1.5704477e-14,6.0560137e-22,7.6237264e-13
2.6561025e-22,1.5703847e-14,6.054836e-22,7.6235665e-13
2.6561492e-22,1.5705104e-14,6.055206e-22,7.624308e-13
2.6556282e-22,1.5704985e-14,6.0544204e-22,7.624381e-13
2.6545684e-22,1.5703367e-14,6.0525266e-22,7.6237416e-13
2.6551725e-22,1.5706063e-14,6.0539584e-22,7.625181e-13
2.6548338e-22,1.5706483e-14,6.053566e-22,7.6255153e-13
2.654323e-22,1.5706303e-14,6.0527573e-22,7.6255587e-13
2.6541855e-22,1.5707111e-14,6.052734e-22,7.626097e-13
2.6540217e-22,1.5707921e-14,6.052688e-22,7.62662e-13
2.653672e-22,1.5708221e-14,6.0522726e-22,7.626926e-13
2.6531374e-22,1.5708041e-14,6.051511e-22,7.626985e-13
2.6530094e-22,1.570888e-14,6.051488e-22,7.627522e-13
2.6526704e-22,1.570918e-14,6.0510726e-22,7.627828e-13
2.6523606e-22,1.5709508e-14,6.050657e-22,7.628105e-13
2.6520393e-22,1.5709808e-14,6.0502875e-22,7.62841e-13
2.6517174e-22,1.5710139e-14,6.049872e-22,7.6287013e-13
2.6514011e-22,1.5710467e-14,6.0494797e-22,7.629007e-13
2.6510755e-22,1.5710767e-14,6.0490647e-22,7.6292835e-13
2.6503858e-22,1.5710108e-14,6.0479106e-22,7.629094e-13
2.6504038e-22,1.5711367e-14,6.048257e-22,7.6298505e-13
2.6500698e-22,1.5711728e-14,6.047842e-22,7.630142e-13
2.6496046e-22,1.5711577e-14,6.04708e-22,7.6301996e-13
2.6494756e-22,1.5712326e-14,6.0470573e-22,7.6307385e-13
2.6491474e-22,1.5712656e-14,6.046665e-22,7.631015e-13
2.648839e-22,1.5712956e-14,6.04625e-22,7.6313055e-13
2.6485332e-22,1.5713225e-14,6.0458805e-22,7.6316113e-13
2.6482119e-22,1.5713556e-14,6.0454427e-22,7.631903e-13
2.647882e-22,1.5713884e-14,6.045097e-22,7.63218e-13
2.6475772e-22,1.5714215e-14,6.0446814e-22,7.6324705e-13
2.6470688e-22,1.5714035e-14,6.0439206e-22,7.6325426e-13
2.6469348e-22,1.5714784e-14,6.043898e-22,7.6330527e-13
2.6466195e-22,1.5715114e-14,6.0435056e-22,7.633344e-13
2.6463035e-22,1.5715443e-14,6.043114e-22,7.6336355e-13
2.645784e-22,1.5715263e-14,6.04233e-22,7.6336935e-13
2.6454674e-22,1.5715593e-14,6.041892e-22,7.63397e-13
2.6451443e-22,1.5715863e-14,6.0415467e-22,7.6342464e-13
2.6448588e-22,1.5716192e-14,6.0411544e-22,7.634538e-13
2.644356e-22,1.5716012e-14,6.040371e-22,7.6345966e-13
2.6443804e-22,1.571727e-14,6.040694e-22,7.635354e-13
2.6440757e-22,1.5717662e-14,6.0403486e-22,7.6356445e-13
2.6435787e-22,1.5717421e-14,6.039565e-22,7.635688e-13
2.6432836e-22,1.5717723e-14,6.0391965e-22,7.63598e-13
2.6431404e-22,1.571853e-14,6.0391733e-22,7.6364896e-13
2.6426431e-22,1.5718351e-14,6.03839e-22,7.636548e-13
2.6424987e-22,1.571913e-14,6.03839e-22,7.637058e-13
2.6421792e-22,1.571943e-14,6.0379757e-22,7.637349e-13
2.6418608e-22,1.57197e-14,6.037584e-22,7.637611e-13
2.6408498e-22,1.5718141e-14,6.0357416e-22,7.636985e-13
2.6403702e-22,1.5717962e-14,6.0350045e-22,7.637043e-13
2.640229e-22,1.571871e-14,6.0350045e-22,7.6375386e-13
2.6402665e-22,1.5719971e-14,6.0353504e-22,7.638296e-13
2.6394067e-22,1.571892e-14,6.0338534e-22,7.6378877e-13
2.6396354e-22,1.572057e-14,6.0345673e-22,7.6388494e-13
2.6394985e-22,1.572138e-14,6.034544e-22,7.639374e-13
2.6386423e-22,1.572021e-14,6.0330714e-22,7.638966e-13
2.638346e-22,1.572051e-14,6.03268e-22,7.6392283e-13
2.6378726e-22,1.5720359e-14,6.0319213e-22,7.6392863e-13
2.6371948e-22,1.57197e-14,6.0308626e-22,7.6390977e-13
2.6368937e-22,1.572e-14,6.0304486e-22,7.639374e-13
2.6364103e-22,1.5719791e-14,6.029735e-22,7.6394327e-13
2.6368154e-22,1.5721978e-14,6.03077e-22,7.6406275e-13
2.6368624e-22,1.572318e-14,6.0310923e-22,7.641371e-13
2.6360086e-22,1.572216e-14,6.0296433e-22,7.6409625e-13
2.636029e-22,1.5723298e-14,6.0299886e-22,7.641705e-13
2.6362053e-22,1.5725036e-14,6.0306783e-22,7.6426674e-13
2.635721e-22,1.5724918e-14,6.029942e-22,7.6427265e-13
2.635611e-22,1.5725638e-14,6.029942e-22,7.643222e-13
2.6347795e-22,1.5724557e-14,6.0284473e-22,7.6428284e-13
2.6335903e-22,1.5722458e-14,6.026263e-22,7.641939e-13
2.6322499e-22,1.5719971e-14,6.0237575e-22,7.640846e-13
2.603217e-22,1.5644146e-14,5.964945e-22,7.6038167e-13
2.6279933e-22,1.5709329e-14,6.015261e-22,7.635514e-13
2.6236703e-22,1.5700672e-14,6.0072356e-22,7.631713e-13
2.6250582e-22,1.5705344e-14,6.010307e-22,7.634087e-13
2.6283646e-22,1.5715324e-14,6.017419e-22,7.639141e-13
2.6271179e-22,1.5713374e-14,6.0151697e-22,7.638369e-13
2.6259478e-22,1.5711306e-14,6.0130366e-22,7.6374806e-13
2.628685e-22,1.57194e-14,6.0187507e-22,7.641604e-13
2.62868e-22,1.572072e-14,6.019026e-22,7.642405e-13
2.62677e-22,1.5716822e-14,6.015422e-22,7.640613e-13
2.6244244e-22,1.5711516e-14,6.010789e-22,7.6381355e-13
2.6276616e-22,1.572096e-14,6.0176026e-22,7.6428864e-13
2.6278103e-22,1.5722788e-14,6.0182453e-22,7.643922e-13
2.6279847e-22,1.5724438e-14,6.018911e-22,7.644884e-13
2.6270474e-22,1.5723357e-14,6.017487e-22,7.64449e-13
2.6275692e-22,1.5726388e-14,6.0192096e-22,7.6461087e-13
2.6265006e-22,1.5727167e-14,6.0192324e-22,7.6466345e-13
2.6261437e-22,1.5728848e-14,6.019922e-22,7.6475973e-13
2.625993e-22,1.5726358e-14,6.0173956e-22,7.646517e-13
2.6268576e-22,1.5729776e-14,6.0195767e-22,7.648355e-13
2.6269543e-22,1.5730557e-14,6.019508e-22,7.6488804e-13
2.625435e-22,1.5727198e-14,6.016294e-22,7.6473344e-13
2.6265017e-22,1.5731128e-14,6.0187734e-22,7.6493765e-13
2.625379e-22,1.5729087e-14,6.016593e-22,7.6485443e-13
2.6256176e-22,1.5730259e-14,6.016983e-22,7.6492296e-13
2.6263419e-22,1.573338e-14,6.0187275e-22,7.650908e-13
2.6260798e-22,1.5734159e-14,6.0187275e-22,7.6514045e-13
2.6254694e-22,1.5733468e-14,6.0176254e-22,7.651244e-13
2.6239932e-22,1.5730047e-14,6.014413e-22,7.649668e-13
2.6227272e-22,1.5727559e-14,6.0119355e-22,7.64856e-13
2.6243903e-22,1.5732868e-14,6.015514e-22,7.651288e-13
2.6240651e-22,1.5733198e-14,6.0151475e-22,7.6516235e-13
2.6236827e-22,1.5732988e-14,6.0143896e-22,7.651653e-13
2.6237673e-22,1.573419e-14,6.0147567e-22,7.6523537e-13
2.6239798e-22,1.573584e-14,6.015445e-22,7.653302e-13
2.62367e-22,1.5736109e-14,6.0150556e-22,7.6535794e-13
2.6234464e-22,1.573638e-14,6.014711e-22,7.653872e-13
2.6196473e-22,1.5727467e-14,6.0072816e-22,7.649595e-13
2.6228504e-22,1.573689e-14,6.0140226e-22,7.6543237e-13
2.6224003e-22,1.573677e-14,6.013311e-22,7.654455e-13
2.6217246e-22,1.5736078e-14,6.0122333e-22,7.654251e-13
2.621682e-22,1.573683e-14,6.012188e-22,7.654733e-13
2.617301e-22,1.5726148e-14,6.0034097e-22,7.6495657e-13
2.6206722e-22,1.573596e-14,6.010491e-22,7.654499e-13
2.62113e-22,1.5738541e-14,6.0118663e-22,7.6559733e-13
2.618982e-22,1.5734249e-14,6.007946e-22,7.653988e-13
2.6199578e-22,1.573764e-14,6.010078e-22,7.6557695e-13
2.619932e-22,1.573842e-14,6.010055e-22,7.6563094e-13
2.6196309e-22,1.573869e-14,6.0096656e-22,7.6565577e-13
2.6188269e-22,1.5737611e-14,6.008244e-22,7.656149e-13
2.6194542e-22,1.5740163e-14,6.0096656e-22,7.6575367e-13
2.6184878e-22,1.57386e-14,6.0078773e-22,7.656893e-13
2.6183578e-22,1.5739261e-14,6.0079005e-22,7.657361e-13
2.61866e-22,1.5741362e-14,6.008954e-22,7.658559e-13
2.6181433e-22,1.5741213e-14,6.008221e-22,7.658603e-13
2.6180304e-22,1.5741423e-14,6.007854e-22,7.6588513e-13
2.617727e-22,1.5741723e-14,6.007534e-22,7.6591283e-13
2.6144716e-22,1.5734218e-14,6.001189e-22,7.6555505e-13
2.616527e-22,1.5740822e-14,6.005769e-22,7.6589093e-13
2.6166597e-22,1.5742504e-14,6.0064793e-22,7.659889e-13
2.6165658e-22,1.5742775e-14,6.006113e-22,7.660166e-13
2.6162816e-22,1.5742983e-14,6.005746e-22,7.6604e-13
2.6156184e-22,1.5742383e-14,6.004692e-22,7.66021e-13
2.6140197e-22,1.573896e-14,6.0015553e-22,7.658661e-13
2.614974e-22,1.5742383e-14,6.003685e-22,7.660488e-13
2.614492e-22,1.5742265e-14,6.002997e-22,7.660546e-13
2.6143825e-22,1.5742924e-14,6.0029745e-22,7.661028e-13
2.6137766e-22,1.5742265e-14,6.0018986e-22,7.660838e-13
2.608857e-22,1.5730408e-14,5.9921536e-22,7.655039e-13
2.6129408e-22,1.5741813e-14,6.000571e-22,7.660795e-13
2.6100714e-22,1.5735419e-14,5.994988e-22,7.6577996e-13
2.6123574e-22,1.5742324e-14,5.999884e-22,7.6613493e-13
2.6116802e-22,1.5741784e-14,5.9988315e-22,7.661232e-13
2.6125127e-22,1.5745146e-14,6.0008914e-22,7.6630163e-13
2.6116456e-22,1.5744066e-14,5.999472e-22,7.6626357e-13
2.6116804e-22,1.5744755e-14,5.999472e-22,7.663103e-13
2.610398e-22,1.5742324e-14,5.997047e-22,7.662007e-13
2.6116595e-22,1.5746588e-14,5.9998615e-22,7.664258e-13
2.611171e-22,1.5746468e-14,5.999129e-22,7.6643455e-13
2.610486e-22,1.5745805e-14,5.998122e-22,7.664126e-13
2.6108678e-22,1.574785e-14,5.999129e-22,7.665281e-13
2.6108168e-22,1.57486e-14,5.999152e-22,7.665779e-13
2.6103417e-22,1.574833e-14,5.9984655e-22,7.6657935e-13
2.6097059e-22,1.5747728e-14,5.9974123e-22,7.665603e-13
2.609639e-22,1.574884e-14,5.997779e-22,7.66632e-13
2.6089125e-22,1.574821e-14,5.996726e-22,7.6661e-13
2.6082884e-22,1.5747098e-14,5.9953313e-22,7.665691e-13
2.6088526e-22,1.5749651e-14,5.9967495e-22,7.667036e-13
2.6088567e-22,1.5750312e-14,5.9967495e-22,7.667533e-13
2.6080953e-22,1.5749233e-14,5.9953545e-22,7.667124e-13
2.6080327e-22,1.5749892e-14,5.9953545e-22,7.6675916e-13
2.6077414e-22,1.5750132e-14,5.9950344e-22,7.6678263e-13
2.6054061e-22,1.5744967e-14,5.990553e-22,7.665398e-13
2.6051767e-22,1.5745206e-14,5.990211e-22,7.665603e-13
2.6061622e-22,1.5748631e-14,5.992336e-22,7.6674306e-13
2.6060276e-22,1.5749351e-14,5.992336e-22,7.667943e-13
2.6062652e-22,1.5750883e-14,5.992999e-22,7.668864e-13
2.6055089e-22,1.5749861e-14,5.991627e-22,7.66844e-13
2.6055886e-22,1.5750972e-14,5.991993e-22,7.669128e-13
2.6054612e-22,1.5751664e-14,5.99197e-22,7.6696104e-13
2.6033127e-22,1.5746978e-14,5.9878344e-22,7.667401e-13
2.6030736e-22,1.5747188e-14,5.9875376e-22,7.667621e-13
2.604456e-22,1.5751935e-14,5.9906905e-22,7.670108e-13
2.6038355e-22,1.5751335e-14,5.989616e-22,7.6699465e-13
2.6044491e-22,1.5753739e-14,5.9909874e-22,7.6712925e-13
2.6038249e-22,1.5753076e-14,5.9899594e-22,7.6711174e-13
2.6037143e-22,1.5753766e-14,5.9899817e-22,7.671571e-13
2.6037716e-22,1.575491e-14,5.9903477e-22,7.672273e-13
2.603259e-22,1.57547e-14,5.989685e-22,7.672302e-13
2.6030638e-22,1.575539e-14,5.989685e-22,7.6727855e-13
2.602847e-22,1.575566e-14,5.98932e-22,7.6730197e-13
2.6024834e-22,1.575551e-14,5.9886564e-22,7.6730484e-13
2.6020732e-22,1.5755211e-14,5.9879945e-22,7.6730636e-13
2.6019967e-22,1.57559e-14,5.9879945e-22,7.6735173e-13
2.6016978e-22,1.5756143e-14,5.987675e-22,7.67378e-13
2.6014537e-22,1.5756383e-14,5.9873094e-22,7.674015e-13
2.6013053e-22,1.5757134e-14,5.9873316e-22,7.6744833e-13
2.600955e-22,1.5757344e-14,5.9870125e-22,7.6747175e-13
2.600434e-22,1.5756712e-14,5.985985e-22,7.674527e-13
2.600079e-22,1.5756502e-14,5.9853e-22,7.6745413e-13
2.5996463e-22,1.5756261e-14,5.984637e-22,7.6745413e-13
2.600108e-22,1.5758247e-14,5.9857104e-22,7.6756987e-13
2.5994767e-22,1.5757645e-14,5.9846603e-22,7.675493e-13
2.5992401e-22,1.5757825e-14,5.9843407e-22,7.675757e-13
2.5993242e-22,1.5758967e-14,5.9847285e-22,7.6764306e-13
2.598728e-22,1.5758304e-14,5.983702e-22,7.67624e-13
2.598638e-22,1.5758936e-14,5.9837475e-22,7.676694e-13
2.5985346e-22,1.5759658e-14,5.9837475e-22,7.6771624e-13
2.5982463e-22,1.5759898e-14,5.9834274e-22,7.6773814e-13
2.5976518e-22,1.5759238e-14,5.9824005e-22,7.6772063e-13
2.597236e-22,1.5759028e-14,5.9817613e-22,7.677221e-13
2.5973183e-22,1.576008e-14,5.9821036e-22,7.677894e-13
2.5968897e-22,1.575987e-14,5.9814423e-22,7.677924e-13
2.5969675e-22,1.5760981e-14,5.9818073e-22,7.6786114e-13
2.596531e-22,1.57608e-14,5.9811454e-22,7.678641e-13
2.5962442e-22,1.5761011e-14,5.9807804e-22,7.6788765e-13
2.59598e-22,1.5761311e-14,5.9805067e-22,7.67911e-13
2.595729e-22,1.576149e-14,5.9801644e-22,7.679345e-13
2.595665e-22,1.5762153e-14,5.9802104e-22,7.6798133e-13
2.5952077e-22,1.5761913e-14,5.979503e-22,7.6798425e-13
2.5949826e-22,1.5762184e-14,5.979184e-22,7.680062e-13
2.5948834e-22,1.5762844e-14,5.9792294e-22,7.6805457e-13
2.59461e-22,1.5763026e-14,5.978887e-22,7.680765e-13
2.5940314e-22,1.5762455e-14,5.9778834e-22,7.6805603e-13
2.5941195e-22,1.5763507e-14,5.9782717e-22,7.6812336e-13
2.5935253e-22,1.5762905e-14,5.977268e-22,7.681044e-13
2.593579e-22,1.5763927e-14,5.9776335e-22,7.681732e-13
2.593328e-22,1.5764198e-14,5.9773134e-22,7.681967e-13
2.59274e-22,1.5763536e-14,5.9762875e-22,7.681747e-13
2.5928247e-22,1.576465e-14,5.9766753e-22,7.682436e-13
2.592572e-22,1.576483e-14,5.9763557e-22,7.6826707e-13
2.5921512e-22,1.576459e-14,5.975672e-22,7.682685e-13
2.592056e-22,1.576528e-14,5.975718e-22,7.683139e-13
2.5918135e-22,1.5765521e-14,5.9753757e-22,7.6833884e-13
2.5915643e-22,1.5765702e-14,5.9750567e-22,7.683623e-13
2.5906394e-22,1.5764198e-14,5.973393e-22,7.6829634e-13
2.5907237e-22,1.576531e-14,5.9737803e-22,7.683623e-13
2.590148e-22,1.576465e-14,5.9727777e-22,7.683432e-13
2.5898882e-22,1.576486e-14,5.972482e-22,7.6836665e-13
2.5894754e-22,1.576465e-14,5.9718437e-22,7.6836665e-13
2.5895403e-22,1.5765733e-14,5.972208e-22,7.684355e-13
2.5894514e-22,1.5766393e-14,5.9722314e-22,7.68481e-13
2.588697e-22,1.576528e-14,5.970864e-22,7.684385e-13
2.588961e-22,1.5766815e-14,5.971616e-22,7.685279e-13
2.5890243e-22,1.5767867e-14,5.9719573e-22,7.6859537e-13
2.5833556e-22,1.5753766e-14,5.96051e-22,7.678934e-13
2.5885924e-22,1.5768257e-14,5.9714105e-22,7.686335e-13
2.5882756e-22,1.5768589e-14,5.9710465e-22,7.6866714e-13
2.5880002e-22,1.5768769e-14,5.9707047e-22,7.686877e-13
2.587764e-22,1.5769009e-14,5.970409e-22,7.687111e-13
2.5873383e-22,1.5768738e-14,5.9697484e-22,7.687141e-13
2.5872323e-22,1.5769492e-14,5.969771e-22,7.687581e-13
2.58679e-22,1.576919e-14,5.969088e-22,7.6875957e-13
2.5860575e-22,1.5768047e-14,5.967813e-22,7.687155e-13
2.585976e-22,1.5768738e-14,5.9678355e-22,7.6875957e-13
2.5857204e-22,1.576895e-14,5.967517e-22,7.687844e-13
2.5856407e-22,1.576961e-14,5.9675396e-22,7.6882847e-13
2.5855644e-22,1.5770273e-14,5.9675846e-22,7.6887395e-13
2.5854733e-22,1.5770874e-14,5.967608e-22,7.6892084e-13
2.5848872e-22,1.5770244e-14,5.9666294e-22,7.689003e-13
2.5755675e-22,1.5746319e-14,5.947631e-22,7.6769575e-13
2.5494737e-22,1.567736e-14,5.8942596e-22,7.6419535e-13
2.5708596e-22,1.573446e-14,5.938359e-22,7.6707363e-13
2.5834516e-22,1.576937e-14,5.964399e-22,7.688871e-13
2.58214e-22,1.5767505e-14,5.962147e-22,7.6881817e-13
2.5822076e-22,1.5768467e-14,5.962465e-22,7.6887834e-13
2.582105e-22,1.5769131e-14,5.962511e-22,7.6892523e-13
2.5816873e-22,1.5768858e-14,5.961874e-22,7.6892523e-13
2.5827533e-22,1.577253e-14,5.96424e-22,7.691247e-13
2.58151e-22,1.5770153e-14,5.9619426e-22,7.690176e-13
2.5805776e-22,1.5768708e-14,5.960305e-22,7.6895163e-13
2.5816623e-22,1.5772348e-14,5.96267e-22,7.6914825e-13
2.581562e-22,1.577295e-14,5.962693e-22,7.691966e-13
2.5808308e-22,1.5771867e-14,5.961374e-22,7.691526e-13
2.5812243e-22,1.5773791e-14,5.962465e-22,7.692641e-13
2.5805493e-22,1.577313e-14,5.961442e-22,7.692435e-13
2.5801747e-22,1.5774184e-14,5.9618513e-22,7.693081e-13
2.5790296e-22,1.5774845e-14,5.9618513e-22,7.693536e-13
2.5786124e-22,1.5775026e-14,5.9615554e-22,7.6937713e-13
2.579709e-22,1.5775236e-14,5.96126e-22,7.6939914e-13
2.5800263e-22,1.5775508e-14,5.9609647e-22,7.694211e-13
2.5797647e-22,1.5775687e-14,5.960669e-22,7.694446e-13
2.57939e-22,1.5775447e-14,5.9600317e-22,7.694446e-13
2.5793197e-22,1.5776078e-14,5.960055e-22,7.694886e-13
2.5791205e-22,1.5776258e-14,5.9597596e-22,7.695135e-13
2.5788946e-22,1.5776471e-14,5.9594637e-22,7.695356e-13
2.5784417e-22,1.5776258e-14,5.9588276e-22,7.6953407e-13
2.5779136e-22,1.5775599e-14,5.957873e-22,7.695135e-13
2.5746698e-22,1.5767625e-14,5.9512626e-22,7.691188e-13
2.5773616e-22,1.5775538e-14,5.957009e-22,7.695312e-13
2.577582e-22,1.5777073e-14,5.9576684e-22,7.696222e-13
2.5775006e-22,1.5777674e-14,5.957714e-22,7.696677e-13
2.5767746e-22,1.577662e-14,5.956419e-22,7.696266e-13
2.5760898e-22,1.5775447e-14,5.955123e-22,7.695811e-13
2.575863e-22,1.5775687e-14,5.9548507e-22,7.696031e-13
2.5764275e-22,1.5778005e-14,5.956191e-22,7.6973524e-13
2.5761764e-22,1.5778215e-14,5.9559185e-22,7.697587e-13
2.575934e-22,1.5778455e-14,5.955623e-22,7.697808e-13
2.575531e-22,1.5778186e-14,5.9550097e-22,7.697808e-13
2.575622e-22,1.5779268e-14,5.9553505e-22,7.698453e-13
2.5753875e-22,1.577948e-14,5.955078e-22,7.698688e-13
2.5751442e-22,1.57796e-14,5.95476e-22,7.698908e-13
2.574902e-22,1.577981e-14,5.9544645e-22,7.699129e-13
2.574636e-22,1.578002e-14,5.954192e-22,7.6993495e-13
2.574155e-22,1.577978e-14,5.9535784e-22,7.6993647e-13
2.5738777e-22,1.577999e-14,5.9532836e-22,7.699569e-13
2.5731537e-22,1.5778516e-14,5.951671e-22,7.698908e-13
2.5734465e-22,1.5779902e-14,5.9523753e-22,7.69979e-13
2.5731835e-22,1.5780171e-14,5.9521027e-22,7.70001e-13
2.5727597e-22,1.5779902e-14,5.951444e-22,7.6999957e-13
2.5728402e-22,1.5780954e-14,5.951853e-22,7.700671e-13
2.572786e-22,1.5781616e-14,5.951876e-22,7.701112e-13
2.572425e-22,1.5781345e-14,5.9512626e-22,7.701112e-13
2.572361e-22,1.5781977e-14,5.951331e-22,7.701538e-13
2.571961e-22,1.5781767e-14,5.950672e-22,7.7015526e-13
2.571892e-22,1.57824e-14,5.95074e-22,7.701978e-13
2.571519e-22,1.578213e-14,5.950105e-22,7.701993e-13
2.5714553e-22,1.578276e-14,5.950151e-22,7.702419e-13
2.5709e-22,1.5782099e-14,5.9492204e-22,7.702213e-13
2.568594e-22,1.5776743e-14,5.944637e-22,7.699599e-13
2.570779e-22,1.5783271e-14,5.9493335e-22,7.703036e-13
2.5703514e-22,1.5783031e-14,5.948698e-22,7.70308e-13
2.5700942e-22,1.5783241e-14,5.9484257e-22,7.7032857e-13
2.569864e-22,1.5783453e-14,5.948131e-22,7.703521e-13
2.5698125e-22,1.5784085e-14,5.9481985e-22,7.7039324e-13
2.5695706e-22,1.5784237e-14,5.9479037e-22,7.7041677e-13
2.5691897e-22,1.5784027e-14,5.9472913e-22,7.7041525e-13
2.5691458e-22,1.5784596e-14,5.947336e-22,7.7046084e-13
2.568752e-22,1.5784356e-14,5.946724e-22,7.704594e-13
2.5685187e-22,1.5784566e-14,5.9464295e-22,7.704799e-13
2.568459e-22,1.57852e-14,5.946475e-22,7.705241e-13
2.5682267e-22,1.578535e-14,5.946225e-22,7.705461e-13
2.5679987e-22,1.578556e-14,5.945908e-22,7.705681e-13
2.5672924e-22,1.5784447e-14,5.94466e-22,7.705241e-13
2.5670564e-22,1.5784657e-14,5.944388e-22,7.705446e-13
2.5667623e-22,1.5784837e-14,5.9441156e-22,7.7056666e-13
2.5663793e-22,1.5784596e-14,5.943503e-22,7.7056514e-13
2.5665606e-22,1.5785621e-14,5.943866e-22,7.7062987e-13
2.566324e-22,1.5785772e-14,5.943594e-22,7.706519e-13
2.5661156e-22,1.5785982e-14,5.9433225e-22,7.706724e-13
2.5662148e-22,1.5787005e-14,5.9437077e-22,7.707386e-13
2.565825e-22,1.5786765e-14,5.9430953e-22,7.707386e-13
2.5656013e-22,1.5786915e-14,5.942801e-22,7.7076073e-13
2.5653696e-22,1.5787125e-14,5.942529e-22,7.707813e-13
2.5652992e-22,1.5787759e-14,5.942574e-22,7.7082535e-13
2.5647511e-22,1.5787097e-14,5.9416675e-22,7.708033e-13
2.5648602e-22,1.578815e-14,5.942053e-22,7.7086655e-13
2.5644803e-22,1.578788e-14,5.941441e-22,7.7086655e-13
2.5637671e-22,1.5786826e-14,5.940172e-22,7.7082096e-13
2.5635407e-22,1.5786946e-14,5.9399e-22,7.7084156e-13
2.563772e-22,1.578845e-14,5.940602e-22,7.7092976e-13
2.56371e-22,1.5789053e-14,5.9406477e-22,7.7097383e-13
2.5634703e-22,1.5789204e-14,5.9403983e-22,7.7099443e-13
2.563248e-22,1.5789355e-14,5.9401267e-22,7.7101503e-13
2.5628967e-22,1.5789114e-14,5.9394915e-22,7.7101357e-13
2.5625337e-22,1.5788874e-14,5.9389256e-22,7.7101357e-13
2.5623144e-22,1.5789114e-14,5.9386534e-22,7.7103276e-13
2.562417e-22,1.5790076e-14,5.9390387e-22,7.710989e-13
2.562183e-22,1.5790287e-14,5.9387216e-22,7.711195e-13
2.561975e-22,1.5790439e-14,5.938495e-22,7.71143e-13
2.5617608e-22,1.5790619e-14,5.9382006e-22,7.711636e-13
2.5615404e-22,1.5790771e-14,5.9379744e-22,7.7118417e-13
2.5611514e-22,1.5790529e-14,5.937317e-22,7.7118124e-13
2.560928e-22,1.579071e-14,5.937091e-22,7.7120184e-13
2.5606983e-22,1.579086e-14,5.9368187e-22,7.7122537e-13
2.5606327e-22,1.5791493e-14,5.936864e-22,7.712681e-13
2.5602659e-22,1.5791252e-14,5.936253e-22,7.7126657e-13
2.5599258e-22,1.579095e-14,5.935687e-22,7.7126657e-13
2.5600268e-22,1.5792035e-14,5.9360715e-22,7.7132983e-13
2.559807e-22,1.5792186e-14,5.9358e-22,7.7135043e-13
2.5595828e-22,1.5792367e-14,5.935505e-22,7.7137103e-13
2.559335e-22,1.5792516e-14,5.9352334e-22,7.713931e-13
2.5591334e-22,1.5792697e-14,5.935008e-22,7.714137e-13
2.5589264e-22,1.5792909e-14,5.9347356e-22,7.714343e-13
2.5585655e-22,1.5792668e-14,5.9341475e-22,7.714343e-13
2.558347e-22,1.5792848e-14,5.933876e-22,7.714549e-13
2.558305e-22,1.579342e-14,5.9339435e-22,7.7149463e-13
2.5580661e-22,1.5793571e-14,5.933672e-22,7.715167e-13
2.5576968e-22,1.579333e-14,5.9330837e-22,7.715167e-13
2.557307e-22,1.5793058e-14,5.9324945e-22,7.715137e-13
2.5570998e-22,1.579321e-14,5.932223e-22,7.7153583e-13
2.556895e-22,1.5793451e-14,5.931952e-22,7.715549e-13
2.5570102e-22,1.5794415e-14,5.932359e-22,7.7162116e-13
2.5567843e-22,1.5794625e-14,5.932087e-22,7.7164176e-13
2.5562486e-22,1.5793932e-14,5.9311596e-22,7.7161677e-13
2.5560532e-22,1.5794113e-14,5.930934e-22,7.7163883e-13
2.5561476e-22,1.5795137e-14,5.9312955e-22,7.7170356e-13
2.5559404e-22,1.5795318e-14,5.931047e-22,7.717242e-13
2.554941e-22,1.579333e-14,5.929169e-22,7.7163444e-13
2.5555223e-22,1.579562e-14,5.930504e-22,7.717625e-13
2.5552904e-22,1.57958e-14,5.9302544e-22,7.7178596e-13
2.5550882e-22,1.579598e-14,5.930006e-22,7.718052e-13
2.5548764e-22,1.5796133e-14,5.929757e-22,7.7182575e-13
2.554361e-22,1.57955e-14,5.928853e-22,7.7180374e-13
2.5539908e-22,1.5795167e-14,5.928242e-22,7.718022e-13
2.553762e-22,1.5795348e-14,5.927993e-22,7.718199e-13
2.5540178e-22,1.5796766e-14,5.9287166e-22,7.7190527e-13
2.5538136e-22,1.5796976e-14,5.9284677e-22,7.719274e-13
2.5536074e-22,1.5797095e-14,5.928174e-22,7.7194794e-13
2.5534011e-22,1.5797278e-14,5.9279254e-22,7.719686e-13
2.5530184e-22,1.5797034e-14,5.9273373e-22,7.7196707e-13
2.5528016e-22,1.5797217e-14,5.927089e-22,7.7198767e-13
2.552761e-22,1.579779e-14,5.9271565e-22,7.7203044e-13
2.5524154e-22,1.5797549e-14,5.926569e-22,7.7202746e-13
2.5521985e-22,1.579767e-14,5.926297e-22,7.720481e-13
2.5521347e-22,1.5798301e-14,5.926365e-22,7.7209083e-13
2.5519489e-22,1.5798452e-14,5.926139e-22,7.7210997e-13
2.5515854e-22,1.5798181e-14,5.9255515e-22,7.7210997e-13
2.5513854e-22,1.5798362e-14,5.9252804e-22,7.7213057e-13
2.5511481e-22,1.5798511e-14,5.9250315e-22,7.721483e-13
2.5504673e-22,1.5797427e-14,5.9238335e-22,7.721041e-13
2.5508828e-22,1.5799235e-14,5.9248957e-22,7.7221015e-13
2.5506822e-22,1.5799416e-14,5.924602e-22,7.7223075e-13
2.5503386e-22,1.5799145e-14,5.924014e-22,7.7222923e-13
2.550141e-22,1.5799326e-14,5.923788e-22,7.7224983e-13
2.5500894e-22,1.5799899e-14,5.923879e-22,7.722911e-13
2.5498683e-22,1.5800048e-14,5.923585e-22,7.723117e-13
2.549677e-22,1.580023e-14,5.92336e-22,7.7233234e-13
2.5489976e-22,1.5799145e-14,5.922139e-22,7.7228816e-13
2.5491034e-22,1.580008e-14,5.9225233e-22,7.7235007e-13
2.5490486e-22,1.5800683e-14,5.922591e-22,7.7239273e-13
2.5448625e-22,1.5790198e-14,5.9140344e-22,7.7185225e-13
2.548235e-22,1.5799717e-14,5.921167e-22,7.7236037e-13
2.5466003e-22,1.5796282e-14,5.9180057e-22,7.721924e-13
2.5470064e-22,1.579803e-14,5.919045e-22,7.72297e-13
2.5464836e-22,1.5797397e-14,5.9181643e-22,7.7227347e-13
2.547511e-22,1.5800834e-14,5.9204897e-22,7.7246645e-13
2.5468206e-22,1.5799748e-14,5.919248e-22,7.7242374e-13
2.5469567e-22,1.5800742e-14,5.919655e-22,7.72487e-13
2.546599e-22,1.580044e-14,5.919045e-22,7.7248413e-13
2.5466987e-22,1.5801435e-14,5.9194744e-22,7.725489e-13
2.5467997e-22,1.5802462e-14,5.919858e-22,7.7261233e-13
2.5465993e-22,1.580255e-14,5.919609e-22,7.7263147e-13
2.546244e-22,1.580234e-14,5.919045e-22,7.7263e-13
2.54618e-22,1.5802912e-14,5.919135e-22,7.7267126e-13
2.5458086e-22,1.5802641e-14,5.9185485e-22,7.726698e-13
2.5456034e-22,1.580279e-14,5.9182996e-22,7.7268893e-13
2.5454683e-22,1.5803395e-14,5.9184127e-22,7.727317e-13
2.545228e-22,1.5803577e-14,5.91812e-22,7.727508e-13
2.544805e-22,1.5802882e-14,5.917239e-22,7.7272726e-13
2.544893e-22,1.5803876e-14,5.9176225e-22,7.727906e-13
2.5445677e-22,1.5803577e-14,5.9170813e-22,7.727892e-13
2.544556e-22,1.5804147e-14,5.9171257e-22,7.7282896e-13
2.5443952e-22,1.580433e-14,5.9169006e-22,7.7284815e-13
2.5441943e-22,1.580451e-14,5.9166744e-22,7.728702e-13
2.5439906e-22,1.5804632e-14,5.9164265e-22,7.728908e-13
2.543803e-22,1.5804781e-14,5.916201e-22,7.72907e-13
2.5436198e-22,1.5804903e-14,5.9159297e-22,7.7292627e-13
2.5370696e-22,1.5788e-14,5.902427e-22,7.720481e-13
2.5373864e-22,1.5789355e-14,5.9032155e-22,7.7212027e-13
2.5406602e-22,1.5798813e-14,5.910246e-22,7.7263293e-13
2.5420832e-22,1.5803546e-14,5.9134705e-22,7.728953e-13
2.5426113e-22,1.5805686e-14,5.914756e-22,7.730265e-13
2.542402e-22,1.5805806e-14,5.914486e-22,7.7304417e-13
2.542211e-22,1.5805989e-14,5.91426e-22,7.730663e-13
2.5420085e-22,1.5806107e-14,5.9140117e-22,7.73084e-13
2.5418118e-22,1.5806289e-14,5.913764e-22,7.731032e-13
2.541615e-22,1.5806409e-14,5.913538e-22,7.7312234e-13
2.5409722e-22,1.5805355e-14,5.9123426e-22,7.730781e-13
2.540937e-22,1.5805897e-14,5.9124325e-22,7.731194e-13
2.5408856e-22,1.580647e-14,5.912523e-22,7.7315926e-13
2.5408518e-22,1.5807043e-14,5.9125683e-22,7.7320046e-13
2.5406377e-22,1.5807163e-14,5.9123426e-22,7.7322117e-13
2.5403962e-22,1.5807314e-14,5.9120947e-22,7.732403e-13
2.5400127e-22,1.5807464e-14,5.911869e-22,7.7325803e-13
2.5396588e-22,1.5807615e-14,5.911644e-22,7.732772e-13
2.5394834e-22,1.5807375e-14,5.9111026e-22,7.732757e-13
2.5394662e-22,1.5807495e-14,5.9108765e-22,7.732949e-13
2.5392112e-22,1.5807283e-14,5.910313e-22,7.7329343e-13
2.5390527e-22,1.5807405e-14,5.9100424e-22,7.7331257e-13
2.5388477e-22,1.5807525e-14,5.909817e-22,7.7333176e-13
2.5388076e-22,1.5808098e-14,5.909907e-22,7.733716e-13
2.538622e-22,1.5808278e-14,5.909682e-22,7.733922e-13
2.5384143e-22,1.58084e-14,5.909434e-22,7.7341145e-13
2.5380715e-22,1.5808218e-14,5.908893e-22,7.7340846e-13
2.538023e-22,1.5808732e-14,5.909006e-22,7.7344977e-13
2.5378408e-22,1.5808911e-14,5.9087575e-22,7.7346744e-13
2.537657e-22,1.5809033e-14,5.9085096e-22,7.7348815e-13
2.5355075e-22,1.5803907e-14,5.9041834e-22,7.732271e-13
2.5373064e-22,1.5809304e-14,5.9080815e-22,7.7352355e-13
2.5370923e-22,1.5809485e-14,5.907856e-22,7.7354567e-13
2.5370516e-22,1.5809967e-14,5.907901e-22,7.735855e-13
2.5366975e-22,1.5809726e-14,5.907338e-22,7.7358405e-13
2.5366528e-22,1.5810299e-14,5.9074504e-22,7.7362395e-13
2.5362994e-22,1.5810028e-14,5.906909e-22,7.7362097e-13
2.536101e-22,1.5810146e-14,5.906662e-22,7.736401e-13
2.536074e-22,1.5810661e-14,5.906752e-22,7.7367995e-13
2.53574e-22,1.581039e-14,5.906211e-22,7.73677e-13
2.535707e-22,1.5810991e-14,5.906279e-22,7.737184e-13
2.5355224e-22,1.5811174e-14,5.906076e-22,7.7373747e-13
2.5350344e-22,1.581045e-14,5.905197e-22,7.737139e-13
2.5350041e-22,1.5811052e-14,5.9052875e-22,7.7375525e-13
2.5349499e-22,1.5811564e-14,5.905378e-22,7.7379357e-13
2.5347542e-22,1.5811686e-14,5.905152e-22,7.738128e-13
2.5345354e-22,1.5811867e-14,5.9049493e-22,7.7383347e-13
2.5341974e-22,1.5811596e-14,5.904387e-22,7.738305e-13
2.5339164e-22,1.5811323e-14,5.9038234e-22,7.7382756e-13
2.533901e-22,1.5811867e-14,5.903914e-22,7.7386735e-13
2.5335536e-22,1.5811596e-14,5.9033953e-22,7.738659e-13
2.533659e-22,1.58125e-14,5.903778e-22,7.739249e-13
2.5334756e-22,1.581268e-14,5.903576e-22,7.739456e-13
2.5332888e-22,1.5812802e-14,5.9033503e-22,7.7396477e-13
2.5331089e-22,1.5812953e-14,5.9031024e-22,7.739825e-13
2.532772e-22,1.5812741e-14,5.902585e-22,7.7398103e-13
2.532288e-22,1.5812108e-14,5.901752e-22,7.739574e-13
2.5325712e-22,1.5813405e-14,5.9024496e-22,7.740402e-13
2.5323705e-22,1.5813526e-14,5.9022245e-22,7.740593e-13
2.5320383e-22,1.5813255e-14,5.9016843e-22,7.7405785e-13
2.5318744e-22,1.5813405e-14,5.9014596e-22,7.7407547e-13
2.5318315e-22,1.5813917e-14,5.9015717e-22,7.741154e-13
2.5316467e-22,1.5814098e-14,5.9013016e-22,7.741346e-13
2.531303e-22,1.5813766e-14,5.9007386e-22,7.741316e-13
2.5312663e-22,1.5814371e-14,5.9008967e-22,7.7417e-13
2.5310833e-22,1.5814491e-14,5.900649e-22,7.741892e-13
2.5309038e-22,1.5814642e-14,5.9004463e-22,7.742084e-13
2.5307259e-22,1.5814762e-14,5.900221e-22,7.742291e-13
2.5305524e-22,1.5814913e-14,5.9000187e-22,7.742468e-13
2.530379e-22,1.5815033e-14,5.899794e-22,7.74266e-13
2.5300302e-22,1.5814762e-14,5.8992533e-22,7.742616e-13
2.5298502e-22,1.5814913e-14,5.8990286e-22,7.742793e-13
2.5296565e-22,1.5815033e-14,5.898804e-22,7.742985e-13
2.5294887e-22,1.5815184e-14,5.898601e-22,7.743192e-13
2.529474e-22,1.5815698e-14,5.8987136e-22,7.7435763e-13
2.5292771e-22,1.5815818e-14,5.8984435e-22,7.743768e-13
2.5291012e-22,1.5815938e-14,5.898241e-22,7.743945e-13
2.5289235e-22,1.581609e-14,5.898016e-22,7.744122e-13
2.5287442e-22,1.581621e-14,5.89779e-22,7.7443135e-13
2.5285683e-22,1.5816362e-14,5.897588e-22,7.7445065e-13
2.5283858e-22,1.5816482e-14,5.8973636e-22,7.744683e-13
2.5282083e-22,1.5816633e-14,5.897161e-22,7.7448757e-13
2.5277355e-22,1.5815969e-14,5.896306e-22,7.7446393e-13
2.5275522e-22,1.5816121e-14,5.8961034e-22,7.7448166e-13
2.5276785e-22,1.5817024e-14,5.8965083e-22,7.7454227e-13
2.5274947e-22,1.5817207e-14,5.896306e-22,7.745614e-13
2.5273175e-22,1.5817356e-14,5.896081e-22,7.745792e-13
2.527141e-22,1.5817509e-14,5.895879e-22,7.745983e-13
2.5268045e-22,1.5817237e-14,5.895362e-22,7.7459545e-13
2.526788e-22,1.5817719e-14,5.8954516e-22,7.746353e-13
2.5265917e-22,1.581784e-14,5.895226e-22,7.746531e-13
2.5264337e-22,1.581796e-14,5.8950013e-22,7.7467226e-13
2.5261065e-22,1.5817719e-14,5.8944843e-22,7.746678e-13
2.5259243e-22,1.581787e-14,5.8943046e-22,7.7468555e-13
2.5257607e-22,1.581799e-14,5.89408e-22,7.747048e-13
2.5254333e-22,1.5817749e-14,5.89354e-22,7.7470186e-13
2.5255497e-22,1.5818655e-14,5.893968e-22,7.747639e-13
2.5253752e-22,1.5818804e-14,5.8937204e-22,7.7478155e-13
2.5251947e-22,1.5818955e-14,5.893518e-22,7.748008e-13
2.525007e-22,1.5819047e-14,5.8933155e-22,7.7481706e-13
2.5248348e-22,1.5819169e-14,5.893113e-22,7.748348e-13
2.524672e-22,1.5819379e-14,5.8928884e-22,7.7485403e-13
2.5245096e-22,1.5819497e-14,5.892686e-22,7.7487176e-13
2.5243365e-22,1.5819589e-14,5.892461e-22,7.7489095e-13
2.5241418e-22,1.5819741e-14,5.8922583e-22,7.749102e-13
2.52398e-22,1.5819921e-14,5.892056e-22,7.749264e-13
2.5236577e-22,1.581962e-14,5.8915394e-22,7.749235e-13
2.5234842e-22,1.5819741e-14,5.8913374e-22,7.749412e-13
2.5234618e-22,1.5820224e-14,5.8914495e-22,7.749826e-13
2.5232762e-22,1.5820344e-14,5.8912026e-22,7.7500034e-13
2.5229592e-22,1.5820102e-14,5.8906857e-22,7.7499736e-13
2.5227954e-22,1.5820255e-14,5.890528e-22,7.750151e-13
2.522764e-22,1.5820766e-14,5.890596e-22,7.7505206e-13
2.522601e-22,1.5820858e-14,5.8903706e-22,7.7507277e-13
2.5224197e-22,1.5820978e-14,5.8901914e-22,7.750891e-13
2.5219684e-22,1.5820344e-14,5.88936e-22,7.750668e-13
2.5220852e-22,1.582128e-14,5.8897643e-22,7.75126e-13
2.5219043e-22,1.5821401e-14,5.8895396e-22,7.7514373e-13
2.5217422e-22,1.582149e-14,5.8893376e-22,7.75163e-13
2.5215708e-22,1.5821642e-14,5.889135e-22,7.751822e-13
2.5213991e-22,1.5821822e-14,5.888933e-22,7.7519843e-13
2.5212267e-22,1.5821913e-14,5.8887313e-22,7.7521767e-13
2.521051e-22,1.5821974e-14,5.888551e-22,7.7523394e-13
2.5207324e-22,1.5821732e-14,5.8880124e-22,7.75231e-13
2.5207287e-22,1.5822274e-14,5.8881467e-22,7.7527237e-13
2.5202622e-22,1.5821642e-14,5.8872934e-22,7.752472e-13
2.5199413e-22,1.582134e-14,5.8867997e-22,7.752428e-13
2.5202192e-22,1.5822667e-14,5.887518e-22,7.753256e-13
2.5200428e-22,1.5822789e-14,5.887316e-22,7.753434e-13
2.5197315e-22,1.5822547e-14,5.8867997e-22,7.753404e-13
2.519548e-22,1.5822636e-14,5.886597e-22,7.7535667e-13
2.5193802e-22,1.5822758e-14,5.88644e-22,7.753744e-13
2.519364e-22,1.5823302e-14,5.8865073e-22,7.754144e-13
2.5192014e-22,1.5823422e-14,5.8863054e-22,7.75432e-13
2.5165551e-22,1.5816905e-14,5.8808735e-22,7.7508757e-13
2.5140868e-22,1.5810751e-14,5.8758283e-22,7.747639e-13
2.5187443e-22,1.5823785e-14,5.885789e-22,7.7547945e-13
2.5172054e-22,1.5820404e-14,5.8827587e-22,7.7531227e-13
2.5100958e-22,1.5801828e-14,5.867921e-22,7.7431177e-13
2.5182467e-22,1.5824087e-14,5.885205e-22,7.755268e-13
2.5179877e-22,1.5824268e-14,5.884958e-22,7.755593e-13
2.517648e-22,1.5823995e-14,5.884397e-22,7.7555486e-13
2.5174783e-22,1.5824117e-14,5.884195e-22,7.755726e-13
2.5174808e-22,1.582463e-14,5.88433e-22,7.75611e-13
2.517322e-22,1.582478e-14,5.884105e-22,7.7563027e-13
2.517012e-22,1.5824478e-14,5.8836114e-22,7.756244e-13
2.5169908e-22,1.5824993e-14,5.8837235e-22,7.7566285e-13
2.5168298e-22,1.5825142e-14,5.8835437e-22,7.7568204e-13
2.516649e-22,1.5825233e-14,5.8833196e-22,7.756998e-13
2.5164698e-22,1.5825384e-14,5.8831176e-22,7.7571613e-13
2.5162232e-22,1.5825476e-14,5.882938e-22,7.757368e-13
2.5159566e-22,1.5825625e-14,5.882736e-22,7.7575305e-13
2.5158705e-22,1.5825747e-14,5.8825567e-22,7.7577083e-13
2.515617e-22,1.5825444e-14,5.8820635e-22,7.757679e-13
2.5152851e-22,1.5825594e-14,5.881861e-22,7.7578563e-13
2.5152061e-22,1.5825686e-14,5.881659e-22,7.758019e-13
2.515413e-22,1.582623e-14,5.881726e-22,7.7584185e-13
2.5152288e-22,1.582638e-14,5.881547e-22,7.758581e-13
2.5149216e-22,1.5826079e-14,5.881053e-22,7.7585524e-13
2.5149194e-22,1.5826592e-14,5.881166e-22,7.7589367e-13
2.5144635e-22,1.5825926e-14,5.880358e-22,7.758685e-13
2.5142895e-22,1.5826079e-14,5.880156e-22,7.7588484e-13
2.51385e-22,1.5825415e-14,5.879371e-22,7.7586115e-13
2.514269e-22,1.5827043e-14,5.880403e-22,7.759648e-13
2.5140992e-22,1.5827226e-14,5.8802237e-22,7.7598247e-13
2.5137948e-22,1.5826924e-14,5.87973e-22,7.75978e-13
2.513778e-22,1.5827407e-14,5.87982e-22,7.7601646e-13
2.513608e-22,1.5827556e-14,5.879618e-22,7.7603576e-13
2.513321e-22,1.5827315e-14,5.8791246e-22,7.7603283e-13
2.5133007e-22,1.5827798e-14,5.879259e-22,7.760713e-13
2.5129935e-22,1.5827498e-14,5.878765e-22,7.760669e-13
2.512825e-22,1.5827588e-14,5.8785637e-22,7.760832e-13
2.5128224e-22,1.582813e-14,5.878698e-22,7.7612314e-13
2.5126656e-22,1.5828252e-14,5.878496e-22,7.7613935e-13
2.5123476e-22,1.582795e-14,5.8780033e-22,7.761349e-13
2.5123392e-22,1.5828434e-14,5.8781376e-22,7.7617486e-13
2.5121746e-22,1.5828584e-14,5.8779356e-22,7.761927e-13
2.511872e-22,1.5828373e-14,5.877443e-22,7.761897e-13
2.511411e-22,1.5827617e-14,5.876613e-22,7.7616304e-13
2.5116932e-22,1.5828945e-14,5.8773525e-22,7.76243e-13
2.5114133e-22,1.5828674e-14,5.8768825e-22,7.7624154e-13
2.5112502e-22,1.5828794e-14,5.8766805e-22,7.762578e-13
2.5112346e-22,1.5829248e-14,5.876815e-22,7.7629624e-13
2.5109337e-22,1.5829006e-14,5.8763216e-22,7.7629336e-13
2.5109145e-22,1.5829489e-14,5.876456e-22,7.763304e-13
2.51062e-22,1.5829277e-14,5.8759404e-22,7.763274e-13
2.5104593e-22,1.5829369e-14,5.8757617e-22,7.763437e-13
2.5104417e-22,1.5829821e-14,5.8758737e-22,7.7638514e-13
2.5102867e-22,1.5829973e-14,5.875694e-22,7.764014e-13
2.5098512e-22,1.5829308e-14,5.874887e-22,7.763748e-13
2.509688e-22,1.5829399e-14,5.8747297e-22,7.763911e-13
2.5096818e-22,1.5829943e-14,5.8748196e-22,7.7642954e-13
2.5096775e-22,1.5830487e-14,5.8749317e-22,7.7647106e-13
2.5095029e-22,1.5830546e-14,5.874753e-22,7.764874e-13
2.509354e-22,1.5830666e-14,5.874573e-22,7.765051e-13
2.5090467e-22,1.5830426e-14,5.8740804e-22,7.7650066e-13
2.5090475e-22,1.5830909e-14,5.874192e-22,7.765377e-13
2.5088862e-22,1.5831e-14,5.874013e-22,7.76557e-13
2.5087402e-22,1.5831149e-14,5.873812e-22,7.765747e-13
2.508591e-22,1.583124e-14,5.873655e-22,7.7659255e-13
2.508278e-22,1.5830939e-14,5.8731616e-22,7.765866e-13
2.507984e-22,1.5830666e-14,5.872669e-22,7.7658214e-13
2.5079658e-22,1.583121e-14,5.8728036e-22,7.766221e-13
2.5078196e-22,1.5831302e-14,5.872624e-22,7.7663846e-13
2.507681e-22,1.5831393e-14,5.872445e-22,7.766547e-13
2.5075137e-22,1.5831542e-14,5.8722654e-22,7.7667245e-13
2.507493e-22,1.5832025e-14,5.8723553e-22,7.7671105e-13
2.5073402e-22,1.5832116e-14,5.872199e-22,7.767287e-13
2.5072087e-22,1.5832267e-14,5.872042e-22,7.7674656e-13
2.5070628e-22,1.5832357e-14,5.871862e-22,7.767629e-13
2.5069126e-22,1.5832511e-14,5.871661e-22,7.7678066e-13
2.5067604e-22,1.58326e-14,5.871482e-22,7.76797e-13
2.5065928e-22,1.5832721e-14,5.871302e-22,7.768132e-13
2.506457e-22,1.5832811e-14,5.871123e-22,7.76831e-13
2.5062977e-22,1.5832902e-14,5.8709664e-22,7.768503e-13
2.506147e-22,1.5833053e-14,5.8707877e-22,7.768665e-13
2.5060026e-22,1.5833143e-14,5.8706084e-22,7.7688436e-13
2.5058382e-22,1.5833235e-14,5.8704065e-22,7.769007e-13
2.5056906e-22,1.5833353e-14,5.870228e-22,7.769155e-13
2.5055358e-22,1.5833445e-14,5.870071e-22,7.769347e-13
2.5052536e-22,1.5833143e-14,5.869578e-22,7.769303e-13
2.505096e-22,1.5833384e-14,5.8694437e-22,7.769481e-13
2.5049613e-22,1.5833416e-14,5.8692423e-22,7.769629e-13
2.5048058e-22,1.5833567e-14,5.8690863e-22,7.769807e-13
2.5048002e-22,1.583405e-14,5.8691973e-22,7.770192e-13
2.504661e-22,1.583414e-14,5.8690186e-22,7.7703707e-13
2.5045024e-22,1.583429e-14,5.8688394e-22,7.770548e-13
2.504344e-22,1.5834322e-14,5.868638e-22,7.7707106e-13
2.5042146e-22,1.5834442e-14,5.8684814e-22,7.770874e-13
2.5039225e-22,1.583423e-14,5.868011e-22,7.77083e-13
2.5037637e-22,1.5834322e-14,5.8678317e-22,7.771007e-13
2.5037582e-22,1.5834803e-14,5.8679665e-22,7.771393e-13
2.5036095e-22,1.5834895e-14,5.8678317e-22,7.7715704e-13
2.5034704e-22,1.5834986e-14,5.867608e-22,7.7717336e-13
2.5033217e-22,1.5835137e-14,5.8674293e-22,7.771912e-13
2.5031627e-22,1.5835196e-14,5.8672723e-22,7.7720745e-13
2.5030193e-22,1.5835347e-14,5.8670713e-22,7.7722377e-13
2.502878e-22,1.5835438e-14,5.866937e-22,7.7724155e-13
2.5027298e-22,1.5835618e-14,5.86678e-22,7.772578e-13
2.5025833e-22,1.583565e-14,5.8665786e-22,7.7727413e-13
2.50243e-22,1.583574e-14,5.8663993e-22,7.7729197e-13
2.5022943e-22,1.5835921e-14,5.866243e-22,7.7730823e-13
2.5021555e-22,1.5835921e-14,5.8660636e-22,7.7732314e-13
2.5020073e-22,1.5836043e-14,5.865907e-22,7.773424e-13
2.5018578e-22,1.5836194e-14,5.8657284e-22,7.7735865e-13
2.5015718e-22,1.5835921e-14,5.8652583e-22,7.773557e-13
2.501565e-22,1.5836404e-14,5.8653704e-22,7.773928e-13
2.501278e-22,1.5836074e-14,5.8649226e-22,7.773884e-13
2.5011326e-22,1.5836223e-14,5.8647434e-22,7.7740613e-13
2.5011465e-22,1.5836707e-14,5.864878e-22,7.774432e-13
2.5008458e-22,1.5836435e-14,5.8644303e-22,7.774387e-13
2.50085e-22,1.5836919e-14,5.8645424e-22,7.774773e-13
2.5006924e-22,1.583707e-14,5.8643854e-22,7.774937e-13
2.5005543e-22,1.5837131e-14,5.8642067e-22,7.775114e-13
2.500416e-22,1.583728e-14,5.864028e-22,7.7752626e-13
2.500268e-22,1.583731e-14,5.8638714e-22,7.77544e-13
2.50013e-22,1.5837493e-14,5.863715e-22,7.775619e-13
2.4999908e-22,1.5837583e-14,5.863536e-22,7.7757814e-13
2.4998533e-22,1.5837675e-14,5.863379e-22,7.77596e-13
2.4995614e-22,1.5837432e-14,5.862887e-22,7.7759e-13
2.4995652e-22,1.5837915e-14,5.863066e-22,7.7762856e-13
2.4994052e-22,1.5838007e-14,5.8628647e-22,7.776449e-13
2.4992767e-22,1.5838096e-14,5.8627304e-22,7.776627e-13
2.4991376e-22,1.5838218e-14,5.862551e-22,7.7767903e-13
2.4989788e-22,1.5838368e-14,5.862395e-22,7.776953e-13
2.498854e-22,1.5838398e-14,5.862238e-22,7.777131e-13
2.498716e-22,1.583852e-14,5.86206e-22,7.77728e-13
2.4985608e-22,1.5838611e-14,5.8618585e-22,7.777457e-13
2.4984255e-22,1.5838732e-14,5.861702e-22,7.777621e-13
2.498278e-22,1.5838822e-14,5.8615677e-22,7.777784e-13
2.498006e-22,1.5838611e-14,5.8610977e-22,7.777739e-13
2.497868e-22,1.583867e-14,5.8609417e-22,7.7779027e-13
2.497739e-22,1.5838762e-14,5.8607625e-22,7.778066e-13
2.4974385e-22,1.583849e-14,5.8603156e-22,7.7780214e-13
2.497585e-22,1.5839365e-14,5.8607625e-22,7.7786144e-13
2.4973112e-22,1.5839064e-14,5.8602934e-22,7.77857e-13
2.4970214e-22,1.5838762e-14,5.859824e-22,7.7785255e-13
2.4968861e-22,1.5838911e-14,5.859668e-22,7.778674e-13
2.4970245e-22,1.5839787e-14,5.860137e-22,7.779297e-13
2.496753e-22,1.5839486e-14,5.859645e-22,7.779238e-13
2.4967584e-22,1.584e-14,5.8597795e-22,7.7796233e-13
2.4966206e-22,1.584009e-14,5.859623e-22,7.779802e-13
2.49633e-22,1.583982e-14,5.859176e-22,7.779728e-13
2.496202e-22,1.5839879e-14,5.858997e-22,7.779905e-13
2.496188e-22,1.5840422e-14,5.859131e-22,7.7802765e-13
2.4960584e-22,1.5840514e-14,5.858974e-22,7.7804397e-13
2.4959173e-22,1.5840575e-14,5.858818e-22,7.780603e-13
2.4957865e-22,1.5840665e-14,5.858684e-22,7.780781e-13
2.495639e-22,1.5840787e-14,5.858483e-22,7.780945e-13
2.4955005e-22,1.5840875e-14,5.8583487e-22,7.781123e-13
2.495377e-22,1.5841058e-14,5.858215e-22,7.7812854e-13
2.4952405e-22,1.5841147e-14,5.858036e-22,7.7814496e-13
2.4950878e-22,1.5841208e-14,5.8578796e-22,7.781612e-13
2.494951e-22,1.5841298e-14,5.857723e-22,7.7817906e-13
2.4948217e-22,1.5841419e-14,5.857544e-22,7.781954e-13
2.4944198e-22,1.5840787e-14,5.85683e-22,7.7816714e-13
2.4945693e-22,1.5841602e-14,5.857254e-22,7.782266e-13
2.4944244e-22,1.5841693e-14,5.8570976e-22,7.782444e-13
2.4942835e-22,1.5841842e-14,5.856941e-22,7.782592e-13
2.4941454e-22,1.5841905e-14,5.8567846e-22,7.78277e-13
2.4940033e-22,1.5841993e-14,5.856606e-22,7.782919e-13
2.4937448e-22,1.5841752e-14,5.856204e-22,7.7828884e-13
2.4937415e-22,1.5842237e-14,5.856338e-22,7.7832445e-13
2.4936234e-22,1.5842327e-14,5.856159e-22,7.783424e-13
2.4934863e-22,1.5842388e-14,5.856025e-22,7.783602e-13
2.4933495e-22,1.5842508e-14,5.855891e-22,7.7837644e-13
2.4932218e-22,1.5842598e-14,5.85569e-22,7.7839135e-13
2.4930754e-22,1.584272e-14,5.855556e-22,7.784076e-13
2.4928146e-22,1.5842449e-14,5.8550867e-22,7.784033e-13
2.4926866e-22,1.5842508e-14,5.854953e-22,7.7841954e-13
2.4926904e-22,1.584299e-14,5.8550867e-22,7.7845667e-13
2.4924051e-22,1.584272e-14,5.85464e-22,7.7845364e-13
2.492281e-22,1.584284e-14,5.854484e-22,7.784671e-13
2.492292e-22,1.5843324e-14,5.854618e-22,7.7850714e-13
2.4921555e-22,1.5843414e-14,5.854484e-22,7.78522e-13
2.4920184e-22,1.5843475e-14,5.8543274e-22,7.785383e-13
2.4918907e-22,1.5843597e-14,5.854194e-22,7.785576e-13
2.491751e-22,1.5843716e-14,5.8540593e-22,7.7857246e-13
2.4916163e-22,1.5843807e-14,5.8539033e-22,7.7858884e-13
2.4913585e-22,1.5843565e-14,5.8534337e-22,7.785844e-13
2.4913646e-22,1.5843988e-14,5.853591e-22,7.7862147e-13
2.4912376e-22,1.584408e-14,5.8534337e-22,7.786378e-13
2.4911006e-22,1.58442e-14,5.8533005e-22,7.7865416e-13
2.4909637e-22,1.584426e-14,5.8531445e-22,7.78669e-13
2.4906805e-22,1.5843988e-14,5.852675e-22,7.786645e-13
2.490571e-22,1.5844109e-14,5.852541e-22,7.7868387e-13
2.4905803e-22,1.5844593e-14,5.852697e-22,7.787195e-13
2.4904427e-22,1.5844624e-14,5.852541e-22,7.7873585e-13
2.490325e-22,1.5844803e-14,5.8523624e-22,7.787522e-13
2.4897738e-22,1.5843807e-14,5.8513577e-22,7.7870615e-13
2.4900583e-22,1.5844986e-14,5.852095e-22,7.787849e-13
2.4899313e-22,1.5845107e-14,5.851961e-22,7.7880123e-13
2.4898046e-22,1.5845198e-14,5.8518045e-22,7.788175e-13
2.4895443e-22,1.5844956e-14,5.8513577e-22,7.7881457e-13
2.4892734e-22,1.5844624e-14,5.8508887e-22,7.788086e-13
2.4892863e-22,1.5845076e-14,5.851068e-22,7.788458e-13
2.489295e-22,1.584556e-14,5.8512244e-22,7.788844e-13
2.4890276e-22,1.584529e-14,5.8508003e-22,7.788799e-13
2.488891e-22,1.5845408e-14,5.8506216e-22,7.788948e-13
2.4889152e-22,1.5845894e-14,5.8508003e-22,7.7893193e-13
2.4887756e-22,1.5845952e-14,5.8506216e-22,7.7894977e-13
2.488639e-22,1.5846043e-14,5.850488e-22,7.789646e-13
2.4885166e-22,1.5846165e-14,5.8503535e-22,7.78981e-13
2.4883922e-22,1.5846286e-14,5.8501975e-22,7.7899883e-13
2.488263e-22,1.5846347e-14,5.8500637e-22,7.790136e-13
2.4881291e-22,1.5846467e-14,5.84993e-22,7.7903146e-13
2.488008e-22,1.5846557e-14,5.8497734e-22,7.7904637e-13
2.4878886e-22,1.5846618e-14,5.8496174e-22,7.7906415e-13
2.4877608e-22,1.5846679e-14,5.849461e-22,7.79079e-13
2.4876207e-22,1.5846799e-14,5.84935e-22,7.790969e-13
2.4875185e-22,1.5846921e-14,5.8492383e-22,7.791117e-13
2.4873766e-22,1.5847041e-14,5.849059e-22,7.7912806e-13
2.4872562e-22,1.5847131e-14,5.8489035e-22,7.791444e-13
2.487129e-22,1.5847194e-14,5.848769e-22,7.7916075e-13
2.4870116e-22,1.5847253e-14,5.8486355e-22,7.791771e-13
2.48688e-22,1.5847373e-14,5.8484794e-22,7.7919344e-13
2.486766e-22,1.5847495e-14,5.848345e-22,7.792083e-13
2.4866307e-22,1.5847615e-14,5.8482336e-22,7.7922467e-13
2.486524e-22,1.5847676e-14,5.848078e-22,7.79241e-13
2.4862457e-22,1.5847404e-14,5.847632e-22,7.7923654e-13
2.486129e-22,1.5847465e-14,5.847498e-22,7.7925286e-13
2.4861453e-22,1.5847947e-14,5.8476757e-22,7.792915e-13
2.4858767e-22,1.5847705e-14,5.8472304e-22,7.792841e-13
2.4857694e-22,1.5847827e-14,5.8470966e-22,7.793004e-13
2.485767e-22,1.584825e-14,5.8472304e-22,7.7933916e-13
2.4856411e-22,1.5848373e-14,5.8470966e-22,7.793555e-13
2.4853917e-22,1.584807e-14,5.846695e-22,7.793495e-13
2.4852658e-22,1.5848188e-14,5.8465387e-22,7.793659e-13
2.482944e-22,1.5842327e-14,5.841679e-22,7.7904035e-13
2.4851777e-22,1.5848703e-14,5.8465387e-22,7.7941494e-13
2.485024e-22,1.5848855e-14,5.8464277e-22,7.794372e-13
2.4848982e-22,1.5848945e-14,5.8462934e-22,7.794521e-13
2.4847818e-22,1.5849005e-14,5.8461373e-22,7.794655e-13
2.4846657e-22,1.5849157e-14,5.8460263e-22,7.7948336e-13
2.4845486e-22,1.5849188e-14,5.84587e-22,7.7949816e-13
2.4844103e-22,1.5849308e-14,5.845736e-22,7.79516e-13
2.4842934e-22,1.5849369e-14,5.8455573e-22,7.7953095e-13
2.4841707e-22,1.584949e-14,5.8454684e-22,7.795487e-13
2.4840536e-22,1.5849548e-14,5.845334e-22,7.7956505e-13
2.483937e-22,1.584967e-14,5.845201e-22,7.7957996e-13
2.483815e-22,1.5849731e-14,5.845067e-22,7.795963e-13
2.4836992e-22,1.5849852e-14,5.844933e-22,7.7961417e-13
2.483558e-22,1.5849913e-14,5.8447994e-22,7.796291e-13
2.4834253e-22,1.5850035e-14,5.8446657e-22,7.796454e-13
2.4832718e-22,1.5850153e-14,5.8445096e-22,7.796618e-13
2.4831948e-22,1.5850216e-14,5.844398e-22,7.796766e-13
2.4831032e-22,1.5850275e-14,5.8442643e-22,7.796945e-13
2.4829875e-22,1.5850395e-14,5.8441305e-22,7.7970784e-13
2.482862e-22,1.5850517e-14,5.843997e-22,7.797256e-13
2.4826137e-22,1.5850216e-14,5.843551e-22,7.7971977e-13
2.48263e-22,1.5850699e-14,5.843707e-22,7.7975544e-13
2.482515e-22,1.585082e-14,5.8435953e-22,7.797718e-13
2.4815635e-22,1.5848674e-14,5.841701e-22,7.796618e-13
2.4822908e-22,1.585097e-14,5.8433055e-22,7.7980455e-13
2.4821563e-22,1.5851061e-14,5.8432167e-22,7.7982087e-13
2.4820313e-22,1.5851122e-14,5.8430607e-22,7.7983724e-13
2.481916e-22,1.5851242e-14,5.8429486e-22,7.7985367e-13
2.4816577e-22,1.5850943e-14,5.842481e-22,7.7984624e-13
2.4812573e-22,1.5850275e-14,5.84179e-22,7.7982087e-13
2.4812924e-22,1.585079e-14,5.8419686e-22,7.798595e-13
2.4814613e-22,1.5851635e-14,5.8424144e-22,7.799175e-13
2.4812033e-22,1.5851395e-14,5.842013e-22,7.7991313e-13
2.4812111e-22,1.5851817e-14,5.842147e-22,7.7995027e-13
2.480953e-22,1.5851574e-14,5.841746e-22,7.7994436e-13
2.480979e-22,1.5851939e-14,5.841924e-22,7.799815e-13
2.4807184e-22,1.5851696e-14,5.8414784e-22,7.7997705e-13
2.4803382e-22,1.5851092e-14,5.840765e-22,7.7995027e-13
2.4803695e-22,1.5851574e-14,5.840966e-22,7.7998605e-13
2.4802105e-22,1.5851635e-14,5.8408317e-22,7.800024e-13
2.4804023e-22,1.5852452e-14,5.841278e-22,7.800604e-13
2.4802794e-22,1.5852543e-14,5.841144e-22,7.8007674e-13
2.4801633e-22,1.5852633e-14,5.8410104e-22,7.800931e-13
2.479914e-22,1.5852303e-14,5.8405873e-22,7.8008715e-13
2.4796698e-22,1.585209e-14,5.8401854e-22,7.8008124e-13
2.4796703e-22,1.5852513e-14,5.840342e-22,7.801199e-13
2.4795587e-22,1.5852633e-14,5.8402304e-22,7.801378e-13
2.479452e-22,1.5852694e-14,5.840097e-22,7.8015117e-13
2.4793373e-22,1.5852755e-14,5.8399633e-22,7.801675e-13
2.4785497e-22,1.5851061e-14,5.8383815e-22,7.800753e-13
2.4789907e-22,1.5852633e-14,5.839428e-22,7.8017643e-13
2.4788665e-22,1.5852725e-14,5.839295e-22,7.801943e-13
2.478737e-22,1.5852786e-14,5.8391615e-22,7.802107e-13
2.4787474e-22,1.5853269e-14,5.8393615e-22,7.802479e-13
2.478786e-22,1.5853723e-14,5.8394953e-22,7.80285e-13
2.4786855e-22,1.5853843e-14,5.839406e-22,7.8030144e-13
2.478437e-22,1.5853509e-14,5.8389606e-22,7.8029553e-13
2.4784573e-22,1.5853965e-14,5.8391393e-22,7.803312e-13
2.4783508e-22,1.5854085e-14,5.8390045e-22,7.803476e-13
2.478222e-22,1.5854144e-14,5.8388935e-22,7.8036395e-13
2.4781133e-22,1.5854266e-14,5.83876e-22,7.803803e-13
2.4777356e-22,1.5853631e-14,5.83807e-22,7.803521e-13
2.4777644e-22,1.5854055e-14,5.8382255e-22,7.8038926e-13
2.4776488e-22,1.5854177e-14,5.8381367e-22,7.8040715e-13
2.477264e-22,1.5853509e-14,5.8373794e-22,7.8037885e-13
2.4775526e-22,1.585469e-14,5.838181e-22,7.8045925e-13
2.4774281e-22,1.5854812e-14,5.838025e-22,7.804756e-13
2.477331e-22,1.5854932e-14,5.8379135e-22,7.80492e-13
2.4772287e-22,1.5854932e-14,5.8378024e-22,7.8050684e-13
2.4771197e-22,1.5855115e-14,5.8376914e-22,7.8052175e-13
2.4770106e-22,1.5855203e-14,5.83758e-22,7.8053964e-13
2.4769064e-22,1.5855264e-14,5.8374243e-22,7.805545e-13
2.4766567e-22,1.5855022e-14,5.837023e-22,7.8055005e-13
2.4766867e-22,1.5855445e-14,5.8372016e-22,7.805858e-13
2.4765835e-22,1.5855537e-14,5.83709e-22,7.8060215e-13
2.4764684e-22,1.5855659e-14,5.8369563e-22,7.8061705e-13
2.4762192e-22,1.5855356e-14,5.8365554e-22,7.806125e-13
2.4762412e-22,1.5855808e-14,5.836756e-22,7.806483e-13
2.4761374e-22,1.5855869e-14,5.836622e-22,7.806647e-13
2.4760233e-22,1.5855991e-14,5.836489e-22,7.806811e-13
2.4759158e-22,1.585605e-14,5.8363777e-22,7.8069593e-13
2.4756783e-22,1.5855749e-14,5.8359773e-22,7.80693e-13
2.47571e-22,1.5856203e-14,5.836133e-22,7.807302e-13
2.4755962e-22,1.5856323e-14,5.8360435e-22,7.8074515e-13
2.4754915e-22,1.5856414e-14,5.83591e-22,7.8075995e-13
2.475387e-22,1.5856536e-14,5.8357986e-22,7.8077643e-13
2.475282e-22,1.5856594e-14,5.8356875e-22,7.807913e-13
2.475167e-22,1.5856655e-14,5.8355765e-22,7.808076e-13
2.475051e-22,1.5856807e-14,5.8354427e-22,7.8082256e-13
2.4749586e-22,1.5856867e-14,5.8353316e-22,7.808389e-13
2.474855e-22,1.5856958e-14,5.83522e-22,7.8085525e-13
2.4747405e-22,1.585702e-14,5.8351084e-22,7.808716e-13
2.474624e-22,1.585714e-14,5.8349974e-22,7.808851e-13
2.474513e-22,1.585714e-14,5.8348636e-22,7.8090144e-13
2.47441e-22,1.5857353e-14,5.834774e-22,7.809178e-13
2.4743053e-22,1.5857353e-14,5.834641e-22,7.8093424e-13
2.4742003e-22,1.5857502e-14,5.83453e-22,7.809506e-13
2.473961e-22,1.58572e-14,5.8341295e-22,7.8094464e-13
2.4738592e-22,1.5857261e-14,5.8340406e-22,7.8095955e-13
2.4738885e-22,1.5857714e-14,5.834196e-22,7.8099826e-13
2.473519e-22,1.585711e-14,5.833528e-22,7.809715e-13
2.4734142e-22,1.58572e-14,5.833395e-22,7.8098633e-13
2.473574e-22,1.5857985e-14,5.833862e-22,7.8104445e-13
2.4734702e-22,1.5858107e-14,5.8337286e-22,7.8106234e-13
2.4733662e-22,1.585817e-14,5.83364e-22,7.810758e-13
2.4731297e-22,1.5857956e-14,5.8332167e-22,7.810713e-13
2.473025e-22,1.5858017e-14,5.833128e-22,7.8108613e-13
2.4729204e-22,1.5858107e-14,5.833017e-22,7.8110256e-13
2.4729393e-22,1.5858532e-14,5.8332167e-22,7.811398e-13
2.4728348e-22,1.5858652e-14,5.8331056e-22,7.811562e-13
2.4727308e-22,1.5858744e-14,5.83295e-22,7.8117113e-13
2.4726362e-22,1.5858805e-14,5.832861e-22,7.81186e-13
2.4725122e-22,1.5858893e-14,5.832749e-22,7.812009e-13
2.4724239e-22,1.5859015e-14,5.832661e-22,7.8121727e-13
2.47232e-22,1.5859076e-14,5.832549e-22,7.812337e-13
2.4722176e-22,1.5859166e-14,5.832416e-22,7.812502e-13
2.4721086e-22,1.5859227e-14,5.8323044e-22,7.81265e-13
2.4720056e-22,1.5859318e-14,5.8322155e-22,7.8128134e-13
2.471768e-22,1.5859015e-14,5.831815e-22,7.8127543e-13
2.471808e-22,1.5859469e-14,5.8319707e-22,7.8131414e-13
2.4717027e-22,1.5859589e-14,5.831904e-22,7.813276e-13
2.4715956e-22,1.585968e-14,5.8317707e-22,7.81344e-13
2.4706972e-22,1.5857563e-14,5.8299466e-22,7.812322e-13
2.4712548e-22,1.58595e-14,5.8312815e-22,7.8135285e-13
2.471022e-22,1.5859227e-14,5.830881e-22,7.813484e-13
2.4711932e-22,1.5860043e-14,5.831326e-22,7.81405e-13
2.4710895e-22,1.5860104e-14,5.8312366e-22,7.81423e-13
2.4709956e-22,1.5860196e-14,5.8311255e-22,7.814379e-13
2.4708916e-22,1.5860316e-14,5.8310584e-22,7.814543e-13
2.4707886e-22,1.5860407e-14,5.830925e-22,7.814692e-13
2.4707038e-22,1.5860468e-14,5.830792e-22,7.8148404e-13
2.4704677e-22,1.5860196e-14,5.8304136e-22,7.8147954e-13
2.4704963e-22,1.5860617e-14,5.830614e-22,7.8151683e-13
2.4702592e-22,1.5860407e-14,5.8302137e-22,7.815124e-13
2.4701532e-22,1.5860468e-14,5.8301026e-22,7.8152583e-13
2.470184e-22,1.586092e-14,5.8302804e-22,7.815646e-13
2.4699578e-22,1.5860617e-14,5.829902e-22,7.815586e-13
2.4698382e-22,1.5860709e-14,5.829791e-22,7.815735e-13
2.46973e-22,1.586077e-14,5.829702e-22,7.8158844e-13
2.4697809e-22,1.5861224e-14,5.82988e-22,7.8162715e-13
2.469682e-22,1.5861283e-14,5.829791e-22,7.816421e-13
2.4694532e-22,1.5861073e-14,5.8293686e-22,7.816376e-13
3.3390988e-22,1.7984471e-14,7.6991264e-22,9.115256e-13
3.3271247e-22,1.7979531e-14,7.6999484e-22,9.151071e-13
3.3238274e-22,1.796558e-14,7.687036e-22,9.143518e-13
3.3268403e-22,1.796517e-14,7.6865077e-22,9.143395e-13
3.3299616e-22,1.7965067e-14,7.6863027e-22,9.143727e-13
3.3320318e-22,1.7962738e-14,7.6839283e-22,9.14261e-13
3.3351065e-22,1.7962567e-14,7.683665e-22,9.142889e-13
3.3391447e-22,1.7964654e-14,7.6855696e-22,9.144598e-13
3.3412094e-22,1.796229e-14,7.683225e-22,9.143518e-13
3.3452736e-22,1.7964381e-14,7.685042e-22,9.145192e-13
3.3483336e-22,1.7964175e-14,7.684837e-22,9.145524e-13
3.3514838e-22,1.7964073e-14,7.684603e-22,9.145803e-13
3.3547965e-22,1.7963902e-14,7.6843393e-22,9.1461e-13
3.3576285e-22,1.796157e-14,7.6819644e-22,9.145018e-13
3.363804e-22,1.7963594e-14,7.68384e-22,9.146674e-13
