1.1111112,0.0015660321,9.748506e-07,2.4158597e-09
1.1111112,0.0015383875,9.758049e-07,2.482411e-09
1.1111112,0.0015438457,9.756468e-07,2.4670552e-09
1.1111112,0.0015633549,9.757064e-07,2.4379723e-09
1.1111112,0.0015629218,9.757678e-07,2.4415228e-09
1.1111112,0.0015692454,9.751743e-07,2.4160713e-09
1.1111112,0.0015671696,9.751408e-07,2.4192488e-09
1.1111112,0.001560947,9.753808e-07,2.436652e-09
1.1111112,0.0015666203,9.752245e-07,2.422638e-09
1.1111112,0.0015501647,9.75602e-07,2.4579478e-09
1.1111112,0.0015431115,9.757659e-07,2.4724915e-09
1.1111112,0.0015770628,9.75178e-07,2.403284e-09
1.1111112,0.0015487002,9.758553e-07,2.4664482e-09
1.1111112,0.0015380082,9.759185e-07,2.4827993e-09
1.1111112,0.0015416009,9.76073e-07,2.4812647e-09
1.1111112,0.0015656821,9.757232e-07,2.4345659e-09
1.1111112,0.0015678682,9.758031e-07,2.43464e-09
1.1111112,0.0015732968,9.753415e-07,2.4138276e-09
1.1111112,0.0015685387,9.750477e-07,2.415749e-09
1.1111112,0.0015692903,9.75005e-07,2.4134508e-09
1.1111112,0.00156316,9.751575e-07,2.4263564e-09
1.1111112,0.0015411928,9.75671e-07,2.4739026e-09
1.1111112,0.0015574628,9.754515e-07,2.4417142e-09
1.1111112,0.0015582484,9.757007e-07,2.447034e-09
1.1111112,0.0015698029,9.754515e-07,2.4220788e-09
1.1111112,0.0015759186,9.751295e-07,2.40538e-09
1.1111112,0.0015674606,9.749585e-07,2.4147586e-09
1.1111112,0.0015483182,9.754569e-07,2.4587545e-09
1.1111112,0.00155341,9.756263e-07,2.4540874e-09
1.1111112,0.0015622484,9.75684e-07,2.4408988e-09
1.1111112,0.0015661699,9.755797e-07,2.4301354e-09
1.1111112,0.0015570403,9.755017e-07,2.4438764e-09
1.1111112,0.0015679981,9.751761e-07,2.4181555e-09
1.1111112,0.0015607026,9.754011e-07,2.4357603e-09
1.1111112,0.001555284,9.75405e-07,2.4445757e-09
1.1111112,0.0015590581,9.754328e-07,2.4397215e-09
1.1111112,0.0015480705,9.759725e-07,2.4705111e-09
1.1111112,0.0015207152,9.765758e-07,2.5284446e-09
1.1111112,0.0015599492,9.758404e-07,2.4444955e-09
1.1111112,0.0015638708,9.76047e-07,2.4456288e-09
1.1111112,0.0015663698,9.756747e-07,2.43212e-09
1.1111112,0.0015680196,9.754515e-07,2.4242095e-09
1.1111112,0.0015679518,9.752822e-07,2.4220972e-09
1.1111112,0.0015712432,9.750757e-07,2.4120788e-09
1.1111112,0.0015593038,9.752355e-07,2.434585e-09
1.1111112,0.001579928,9.746648e-07,2.3881317e-09
1.1111112,0.0015816742,9.747466e-07,2.38856e-09
1.1111112,0.0015664102,9.748767e-07,2.4158e-09
1.1111112,0.0015785834,9.745644e-07,2.389084e-09
1.1111112,0.0015700796,9.749734e-07,2.4127418e-09
1.1111112,0.001568476,9.749492e-07,2.4134232e-09
1.1111112,0.0015613672,9.751853e-07,2.4315039e-09
1.1111112,0.001567986,9.752189e-07,2.421095e-09
1.1111112,0.0015613863,9.751927e-07,2.4306595e-09
1.1111112,0.0015597454,9.752058e-07,2.4325986e-09
1.1111112,0.0015449135,9.756357e-07,2.4665567e-09
1.1111112,0.0015431461,9.757363e-07,2.471233e-09
1.1111112,0.0015742208,9.752747e-07,2.4103262e-09
1.1111112,0.0015481376,9.759799e-07,2.4701672e-09
1.1111112,0.0015524458,9.756338e-07,2.453334e-09
1.1111112,0.0015591094,9.754962e-07,2.4391726e-09
1.1111112,0.0015821276,9.749194e-07,2.3898128e-09
1.1111112,0.0015561938,9.755335e-07,2.4469875e-09
1.1111112,0.0015506697,9.753547e-07,2.450804e-09
1.1111112,0.0015672814,9.752747e-07,2.421626e-09
1.1111112,0.0015487584,9.75818e-07,2.4657565e-09
1.1111112,0.0015397036,9.760321e-07,2.4841822e-09
1.1111112,0.001549367,9.759743e-07,2.4669464e-09
1.1111112,0.001559039,9.760544e-07,2.4533284e-09
1.1111112,0.0015668666,9.758273e-07,2.4356526e-09
1.1111112,0.0015928659,9.750684e-07,2.375003e-09
1.1111112,0.0015844791,9.746834e-07,2.3816267e-09
1.1111112,0.0015621048,9.746461e-07,2.416676e-09
1.1111112,0.0015634397,9.747727e-07,2.4193785e-09
1.1111112,0.0015887065,9.746443e-07,2.374967e-09
1.1111112,0.0015835686,9.746443e-07,2.383631e-09
1.1111112,0.0015542023,9.750571e-07,2.4383966e-09
1.1111112,0.0015642127,9.74886e-07,2.4194058e-09
1.1111112,0.0015656196,9.752971e-07,2.427254e-09
1.1111112,0.001570126,9.75165e-07,2.4153757e-09
1.1111112,0.0015674545,9.752448e-07,2.4223008e-09
1.1111112,0.0015578828,9.754383e-07,2.4422966e-09
1.1111112,0.0015680384,9.750997e-07,2.4170577e-09
1.1111112,0.0015583441,9.753248e-07,2.4381401e-09
1.1111112,0.0015585133,9.751835e-07,2.4335172e-09
1.1111112,0.001550311,9.753343e-07,2.4505238e-09
1.1111112,0.0015466374,9.757233e-07,2.4653573e-09
1.1111112,0.0015631146,9.75621e-07,2.4361175e-09
1.1111112,0.0015542299,9.758013e-07,2.4552953e-09
1.1111112,0.0015535905,9.754496e-07,2.4476412e-09
1.1111112,0.001572995,9.752338e-07,2.411384e-09
1.1111112,0.0015513262,9.758853e-07,2.4628752e-09
1.1111112,0.0015795729,9.749251e-07,2.393248e-09
1.1111112,0.0015663563,9.751668e-07,2.4220606e-09
1.1111112,0.0015676279,9.748935e-07,2.4130598e-09
1.1111112,0.0015517494,9.75377e-07,2.450285e-09
1.1111112,0.0015451343,9.756487e-07,2.4666553e-09
1.1111112,0.0015755878,9.750684e-07,2.4032751e-09
1.1111112,0.0015786028,9.750925e-07,2.4014877e-09
1.1111112,0.001560089,9.753398e-07,2.4364015e-09
1.1111112,0.0015451916,9.756134e-07,2.466373e-09
1.1111112,0.001502922,9.768572e-07,2.5646218e-09
1.1111112,0.001513878,9.767882e-07,2.541577e-09
1.1111112,0.0014854799,9.784291e-07,2.6298366e-09
1.1111112,0.00153511,9.77517e-07,2.5195988e-09
1.1111112,0.0015533745,9.772224e-07,2.4856164e-09
1.1111112,0.0014837498,9.783395e-07,2.632407e-09
1.1111112,0.0015594234,9.76263e-07,2.4499145e-09
1.1111112,0.0015480197,9.77297e-07,2.5018694e-09
1.1111112,0.0015789112,9.762537e-07,2.424361e-09
1.1111112,0.0015706755,9.761214e-07,2.434974e-09
1.1111112,0.0015671308,9.75418e-07,2.4248017e-09
1.1111112,0.0015468467,9.75457e-07,2.4591298e-09
1.1111112,0.0015698059,9.750255e-07,2.4115732e-09
1.1111112,0.0015684223,9.754068e-07,2.4250466e-09
1.1111112,0.0015613923,9.755704e-07,2.440443e-09
1.1111112,0.0015422533,9.762235e-07,2.4875766e-09
1.1111112,0.0015669791,9.757209e-07,2.4342222e-09
1.1111112,0.0015832013,9.755031e-07,2.4038795e-09
1.1111112,0.0015701639,9.753115e-07,2.4194193e-09
1.1111112,0.0015608645,9.752279e-07,2.432645e-09
1.1111112,0.0015676499,9.754066e-07,2.4275315e-09
1.1111112,0.0015546626,9.75561e-07,2.4511821e-09
1.1111112,0.0015526119,9.756894e-07,2.4558575e-09
1.1111112,0.001552252,9.757547e-07,2.4564197e-09
1.1111112,0.0015801175,9.751147e-07,2.3955955e-09
1.1111112,0.0015600503,9.754086e-07,2.4379403e-09
1.1111112,0.0015415892,9.756951e-07,2.473799e-09
1.1111112,0.0015606832,9.752617e-07,2.4313598e-09
1.1111112,0.0015533138,9.757268e-07,2.455258e-09
1.1111112,0.0015639729,9.75457e-07,2.4317863e-09
1.1111112,0.0015717656,9.753417e-07,2.4175737e-09
1.1111112,0.0015011724,9.768162e-07,2.5673481e-09
1.1111112,0.0014631792,9.778508e-07,2.6520084e-09
1.1111112,0.0015459807,9.776064e-07,2.500724e-09
1.1111112,0.001520301,9.790172e-07,2.587254e-09
1.1111112,0.0014832694,9.79387e-07,2.6546272e-09
1.1111112,0.0014850406,9.791422e-07,2.6426081e-09
1.1111112,0.0014979606,9.792467e-07,2.6231521e-09
1.1111112,0.0015179701,9.788416e-07,2.5801874e-09
1.1111112,0.0015324843,9.781977e-07,2.5408142e-09
1.1111112,0.0015136956,9.781847e-07,2.5751092e-09
1.1111112,0.0015403681,9.772149e-07,2.5072349e-09
1.1111112,0.0015527977,9.767882e-07,2.4788462e-09
1.1111112,0.0015660864,9.761922e-07,2.4437217e-09
1.1111112,0.0015707114,9.756506e-07,2.4248379e-09
1.1111112,0.0015530091,9.75844e-07,2.459054e-09
1.1111112,0.0015474594,9.762607e-07,2.4807578e-09
1.1111112,0.0015498368,9.766742e-07,2.4866647e-09
1.1111112,0.0015510173,9.764858e-07,2.4777544e-09
1.1111112,0.0015119134,9.77656e-07,2.5704532e-09
1.1111112,0.0015312018,9.773038e-07,2.5295668e-09
1.1111112,0.001532201,9.780458e-07,2.5461846e-09
1.1111112,0.001554764,9.774567e-07,2.492695e-09
1.1111112,0.0015460496,9.773692e-07,2.5047204e-09
1.1111112,0.0015577431,9.764879e-07,2.464279e-09
1.1111112,0.001546213,9.766484e-07,2.4886484e-09
1.1111112,0.0015732839,9.756466e-07,2.4202123e-09
1.1111112,0.0015615498,9.757771e-07,2.4436335e-09
1.1111112,0.0015652529,9.753528e-07,2.4262081e-09
1.1111112,0.0015589616,9.754011e-07,2.4384517e-09
1.1111112,0.001561385,9.754142e-07,2.4354996e-09
1.1111112,0.0015659179,9.75403e-07,2.4288427e-09
1.1111112,0.0015706394,9.75269e-07,2.4181177e-09
1.1111112,0.0015503321,9.757621e-07,2.4623492e-09
1.1111112,0.0015388745,9.762255e-07,2.4930917e-09
1.1111112,0.0015647333,9.759574e-07,2.4441504e-09
1.1111112,0.0015411514,9.768643e-07,2.5038511e-09
1.1111112,0.0015647818,9.760822e-07,2.4434046e-09
1.1111112,0.0015665202,9.760115e-07,2.438958e-09
1.1111112,0.0015571766,9.756747e-07,2.4475895e-09
1.1111112,0.0015646686,9.753602e-07,2.4285787e-09
1.1111112,0.0015496414,9.756933e-07,2.46034e-09
1.1111112,0.0015554825,9.755352e-07,2.4466795e-09
1.1111112,0.0015629211,9.755148e-07,2.4343203e-09
1.1111112,0.001553933,9.756747e-07,2.4532592e-09
1.1111112,0.0015663996,9.752988e-07,2.424399e-09
1.1111112,0.0015653602,9.754068e-07,2.4284212e-09
1.1111112,0.0015685156,9.751519e-07,2.4185567e-09
1.1111112,0.0015665942,9.75405e-07,2.4283842e-09
1.1111112,0.0015584294,9.757006e-07,2.4475846e-09
1.1111112,0.001569329,9.752355e-07,2.417966e-09
1.1111112,0.0015683803,9.752952e-07,2.4215523e-09
1.1111112,0.001569684,9.749658e-07,2.4115225e-09
1.1111112,0.0015693546,9.74912e-07,2.411118e-09
1.1111112,0.0015707869,9.749659e-07,2.4102536e-09
1.1111112,0.0015645553,9.750497e-07,2.4223936e-09
1.1111112,0.0015656898,9.750794e-07,2.4210998e-09
1.1111112,0.0015559224,9.753472e-07,2.443182e-09
1.1111112,0.001565065,9.751537e-07,2.423396e-09
1.1111112,0.0015825751,9.749251e-07,2.390442e-09
1.1111112,0.0015871999,9.746127e-07,2.3759594e-09
1.1111112,0.0015958843,9.740737e-07,2.3489413e-09
1.1111112,0.0016029959,9.73537e-07,2.3266198e-09
1.1111112,0.0015909723,9.735501e-07,2.3477233e-09
1.1111112,0.0015598126,9.743153e-07,2.4147455e-09
1.1111112,0.0015633989,9.744008e-07,2.4099094e-09
1.1111112,0.0015592008,9.750422e-07,2.431091e-09
1.1111112,0.0015521413,9.754011e-07,2.4495797e-09
1.1111112,0.0015653616,9.751445e-07,2.4219453e-09
1.1111112,0.0015307281,9.761271e-07,2.5028455e-09
1.1111112,0.0015590091,9.756747e-07,2.4437452e-09
1.1111112,0.0015622387,9.760265e-07,2.4484246e-09
1.1111112,0.0015620408,9.759092e-07,2.4442768e-09
1.1111112,0.0015594858,9.75537e-07,2.4400615e-09
1.1111112,0.0015696369,9.750905e-07,2.4127695e-09
1.1111112,0.0015500879,9.754591e-07,2.4532218e-09
1.1111112,0.001545311,9.753958e-07,2.4590499e-09
1.1111112,0.0015732452,9.75009e-07,2.4051232e-09
1.1111112,0.0015478029,9.758647e-07,2.4678035e-09
1.1111112,0.0015445811,9.758667e-07,2.4721283e-09
1.1111112,0.0014637464,9.783489e-07,2.6690894e-09
1.1111112,0.0015400732,9.775747e-07,2.5101292e-09
1.1111112,0.001544548,9.786997e-07,2.5392377e-09
1.1111112,0.0015450564,9.783525e-07,2.5284703e-09
1.1111112,0.001566613,9.774926e-07,2.4702311e-09
1.1111112,0.0015379165,9.771143e-07,2.5109923e-09
1.1111112,0.0015559172,9.760805e-07,2.4565128e-09
1.1111112,0.0015733149,9.757827e-07,2.4235292e-09
1.1111112,0.0015514194,9.760769e-07,2.466429e-09
1.1111112,0.001563681,9.754068e-07,2.429431e-09
1.1111112,0.0015725605,9.75284e-07,2.4143387e-09
1.1111112,0.0015610282,9.754309e-07,2.4371078e-09
1.1111112,0.001560615,9.752094e-07,2.4315734e-09
1.1111112,0.0015651672,9.753807e-07,2.429088e-09
1.1111112,0.0015597263,9.757285e-07,2.4473932e-09
1.1111112,0.001571749,9.757599e-07,2.429458e-09
1.1111112,0.0015672455,9.754697e-07,2.4290416e-09
1.1111112,0.0015598496,9.755888e-07,2.4426225e-09
1.1111112,0.0015533478,9.755927e-07,2.4526041e-09
1.1111112,0.001520421,9.76479e-07,2.5286617e-09
1.1111112,0.001557534,9.764082e-07,2.463687e-09
1.1111112,0.0015670687,9.765964e-07,2.454053e-09
1.1111112,0.0015606522,9.763615e-07,2.456878e-09
1.1111112,0.0014509504,9.788789e-07,2.703636e-09
1.1111112,0.0015230646,9.770193e-07,2.522894e-09
1.1111112,0.0013913516,9.819364e-07,2.889389e-09
1.1111112,0.0014929599,9.793234e-07,2.614426e-09
1.1111112,0.0015586062,9.789462e-07,2.5136246e-09
1.1111112,0.0015359265,9.787146e-07,2.5528024e-09
1.1111112,0.0015630899,9.771553e-07,2.4665876e-09
1.1111112,0.0015650858,9.763152e-07,2.4463567e-09
1.1111112,0.0015494311,9.759837e-07,2.4661e-09
1.1111112,0.0015063949,9.768851e-07,2.5599687e-09
1.1111112,0.0015020784,9.774161e-07,2.5777054e-09
1.1111112,0.0015278828,9.77653e-07,2.5401214e-09
1.1111112,0.0015730382,9.766615e-07,2.4423086e-09
1.1111112,0.0015657522,9.764303e-07,2.4516533e-09
1.1111112,0.0015520153,9.763932e-07,2.4727926e-09
1.1111112,0.0015754398,9.758995e-07,2.4262623e-09
1.1111112,0.0015634575,9.757573e-07,2.4413365e-09
1.1111112,0.0015674424,9.761002e-07,2.4451947e-09
1.1111112,0.0015602745,9.755402e-07,2.4405873e-09
1.1111112,0.0015586653,9.756984e-07,2.4474165e-09
1.1111112,0.0015646016,9.754344e-07,2.4308817e-09
1.1111112,0.0015809131,9.749994e-07,2.3938231e-09
1.1111112,0.001592194,9.745178e-07,2.364824e-09
1.1111112,0.0015852602,9.744213e-07,2.376363e-09
1.1111112,0.001586228,9.744192e-07,2.3761275e-09
1.1111112,0.0015459583,9.755088e-07,2.4677234e-09
1.1111112,0.0015353452,9.758903e-07,2.4891105e-09
1.1111112,0.0014597493,9.782665e-07,2.6720852e-09
1.1111112,0.0013923816,9.81137e-07,2.8577694e-09
1.1111112,0.0012992838,9.884607e-07,3.2284906e-09
1.1111112,0.0014432207,9.858511e-07,2.7981952e-09
1.1111112,0.0014838162,9.855971e-07,2.7816722e-09
1.1111112,0.0014924197,9.845131e-07,2.751016e-09
1.1111112,0.0014990623,9.830738e-07,2.707818e-09
1.1111112,0.0014626839,9.82564e-07,2.762837e-09
1.1111112,0.0015078611,9.798578e-07,2.6141305e-09
1.1111112,0.0015029464,9.796579e-07,2.624688e-09
1.1111112,0.0015127286,9.788379e-07,2.587916e-09
1.1111112,0.0015252529,9.782782e-07,2.5560873e-09
1.1111112,0.0015145651,9.783303e-07,2.5776548e-09
1.1111112,0.0015282722,9.780092e-07,2.5479434e-09
1.1111112,0.0015579596,9.775574e-07,2.4920623e-09
1.1111112,0.0015777847,9.768643e-07,2.4442792e-09
1.1111112,0.0015873776,9.758899e-07,2.4055902e-09
1.1111112,0.0015941213,9.757601e-07,2.3944706e-09
1.1111112,0.0015899921,9.748475e-07,2.3789248e-09
1.1111112,0.0015343584,9.762466e-07,2.5035807e-09
1.1111112,0.0015554084,9.758837e-07,2.458472e-09
1.1111112,0.0015608511,9.763307e-07,2.4608127e-09
1.1111112,0.0015736609,9.760313e-07,2.4328008e-09
1.1111112,0.0015629864,9.760761e-07,2.4500455e-09
1.1111112,0.0015645522,9.757263e-07,2.438507e-09
1.1111112,0.0015319763,9.76473e-07,2.5092168e-09
1.1111112,0.001472667,9.780108e-07,2.644602e-09
1.1111112,0.0013211994,9.853732e-07,3.1241287e-09
1.1111112,0.001513839,9.817732e-07,2.5953737e-09
1.1111112,0.0015176861,9.823708e-07,2.664864e-09
1.1111112,0.0015475397,9.80355e-07,2.5651636e-09
1.1111112,0.0015580785,9.789443e-07,2.5144455e-09
1.1111112,0.0015564717,9.774035e-07,2.4814195e-09
1.1111112,0.001552304,9.763561e-07,2.4676383e-09
1.1111112,0.0015710518,9.757287e-07,2.425902e-09
1.1111112,0.0015696744,9.754998e-07,2.4244178e-09
1.1111112,0.0015688709,9.751574e-07,2.417565e-09
1.1111112,0.0015714257,9.750069e-07,2.4103035e-09
1.1111112,0.0015543416,9.754626e-07,2.4493692e-09
1.1111112,0.0015704191,9.752263e-07,2.4172324e-09
1.1111112,0.0015809376,9.75408e-07,2.4071785e-09
1.1111112,0.0015759321,9.750559e-07,2.4046003e-09
1.1111112,0.0015683705,9.75508e-07,2.4302973e-09
1.1111112,0.0015795832,9.74695e-07,2.3900957e-09
1.1111112,0.0015599298,9.754377e-07,2.4409785e-09
1.1111112,0.0015591264,9.752557e-07,2.435607e-09
1.1111112,0.0015674634,9.751573e-07,2.418921e-09
1.1111112,0.0015711429,9.751035e-07,2.411877e-09
1.1111112,0.0015883958,9.745143e-07,2.371518e-09
1.1111112,0.001590724,9.742057e-07,2.3614075e-09
1.1111112,0.0015975904,9.737821e-07,2.340346e-09
1.1111112,0.0015991445,9.734794e-07,2.3323248e-09
1.1111112,0.0016032797,9.73227e-07,2.3205038e-09
1.1111112,0.0015905453,9.734999e-07,2.3479074e-09
1.1111112,0.0015708851,9.739215e-07,2.3880056e-09
1.1111112,0.0015530625,9.745532e-07,2.430211e-09
1.1111112,0.0015613106,9.748563e-07,2.422509e-09
1.1111112,0.0015643968,9.751502e-07,2.4246307e-09
1.1111112,0.0015640652,9.751036e-07,2.423424e-09
1.1111112,0.0015580442,9.753212e-07,2.4388842e-09
1.1111112,0.0015642203,9.752114e-07,2.4260276e-09
1.1111112,0.0015368279,9.75872e-07,2.4856708e-09
1.1111112,0.0015542009,9.755017e-07,2.4469409e-09
1.1111112,0.0015817811,9.751187e-07,2.3938e-09
1.1111112,0.0015555818,9.754945e-07,2.4456626e-09
1.1111112,0.0015340934,9.756229e-07,2.4823354e-09
1.1111112,0.0015746511,9.748937e-07,2.399867e-09
1.1111112,0.0015415619,9.760807e-07,2.4836746e-09
1.1111112,0.0015678658,9.754237e-07,2.4227351e-09
1.1111112,0.0015838009,9.752191e-07,2.3933664e-09
1.1111112,0.0014693349,9.777725e-07,2.6462585e-09
1.1111112,0.0014724407,9.776811e-07,2.628595e-09
1.1111112,0.0015318277,9.782835e-07,2.5415596e-09
1.1111112,0.0015399582,9.788715e-07,2.5491427e-09
1.1111112,0.0015279156,9.787351e-07,2.5643982e-09
1.1111112,0.0015480786,9.775617e-07,2.5008724e-09
1.1111112,0.0015481332,9.771012e-07,2.493861e-09
1.1111112,0.0015046879,9.776232e-07,2.5784332e-09
1.1111112,0.0015201563,9.769707e-07,2.5333053e-09
1.1111112,0.0015566443,9.76846e-07,2.473306e-09
1.1111112,0.0015654363,9.766447e-07,2.4567368e-09
1.1111112,0.0015636036,9.759686e-07,2.4423283e-09
1.1111112,0.0015756862,9.752858e-07,2.4084468e-09
1.1111112,0.001540038,9.758478e-07,2.480636e-09
1.1111112,0.001569154,9.752317e-07,2.4182238e-09
1.1111112,0.0015718095,9.760281e-07,2.4368043e-09
1.1111112,0.0015943272,9.753022e-07,2.3825937e-09
1.1111112,0.0015755593,9.751085e-07,2.4069957e-09
1.1111112,0.0015797848,9.746253e-07,2.38933e-09
1.1111112,0.0015552306,9.752969e-07,2.4442774e-09
1.1111112,0.0015598065,9.751071e-07,2.4326308e-09
1.1111112,0.0015627355,9.756466e-07,2.4407079e-09
1.1111112,0.0015662488,9.759258e-07,2.4414621e-09
1.1111112,0.0015753858,9.754848e-07,2.4136755e-09
1.1111112,0.0015560187,9.753918e-07,2.443825e-09
1.1111112,0.0015428197,9.756188e-07,2.469235e-09
1.1111112,0.001574867,9.750757e-07,2.4037838e-09
1.1111112,0.0015790013,9.750404e-07,2.39757e-09
1.1111112,0.0015627134,9.751371e-07,2.4274445e-09
1.1111112,0.0015392485,9.754253e-07,2.471177e-09
1.1111112,0.0015524044,9.752711e-07,2.4460405e-09
1.1111112,0.0015501617,9.758496e-07,2.4631805e-09
1.1111112,0.0015515753,9.759951e-07,2.463561e-09
1.1111112,0.0015578931,9.758647e-07,2.4492985e-09
1.1111112,0.0015576809,9.757753e-07,2.4491864e-09
1.1111112,0.0015746518,9.752487e-07,2.4094255e-09
1.1111112,0.0015487673,9.757007e-07,2.4624998e-09
1.1111112,0.0015571566,9.753044e-07,2.4390006e-09
1.1111112,0.0015673807,9.753343e-07,2.4233358e-09
1.1111112,0.0015626258,9.755464e-07,2.4365732e-09
1.1111112,0.001553987,9.75604e-07,2.4521272e-09
1.1111112,0.0015559981,9.754032e-07,2.4427627e-09
1.1111112,0.0015633311,9.753956e-07,2.4307938e-09
1.1111112,0.0015664175,9.75485e-07,2.4284674e-09
1.1111112,0.0015535831,9.757027e-07,2.4553612e-09
1.1111112,0.0015693761,9.752002e-07,2.4171454e-09
1.1111112,0.0015629203,9.75416e-07,2.4332667e-09
1.1111112,0.0015705506,9.75083e-07,2.4125348e-09
1.1111112,0.001544415,9.756227e-07,2.4679168e-09
1.1111112,0.0015596388,9.752542e-07,2.4335591e-09
1.1111112,0.0015819257,9.749679e-07,2.3914863e-09
1.1111112,0.0015933954,9.746313e-07,2.366349e-09
1.1111112,0.0015837536,9.743711e-07,2.3763997e-09
1.1111112,0.0015469659,9.7494e-07,2.448814e-09
1.1111112,0.0015646464,9.748061e-07,2.416044e-09
1.1111112,0.0015474454,9.757584e-07,2.4668245e-09
1.1111112,0.0014990281,9.769279e-07,2.5734719e-09
1.1111112,0.0015469925,9.761736e-07,2.4718778e-09
1.1111112,0.0015510861,9.769261e-07,2.487125e-09
1.1111112,0.0015426114,9.770174e-07,2.5018656e-09
1.1111112,0.0014369012,9.79413e-07,2.7405416e-09
1.1111112,0.0014935522,9.781081e-07,2.5957339e-09
1.1111112,0.0015300665,9.785467e-07,2.5533136e-09
1.1111112,0.0015456848,9.781305e-07,2.5212368e-09
1.1111112,0.0015624634,9.770138e-07,2.4652238e-09
1.1111112,0.0015605452,9.760041e-07,2.44611e-09
1.1111112,0.0015295892,9.761739e-07,2.5027311e-09
1.1111112,0.0015503301,9.758462e-07,2.4617806e-09
1.1111112,0.0015456318,9.766635e-07,2.490871e-09
1.1111112,0.0015666927,9.760805e-07,2.4411266e-09
1.1111112,0.0015542932,9.76408e-07,2.469427e-09
1.1111112,0.0015739675,9.756559e-07,2.4208033e-09
1.1111112,0.0015804252,9.751145e-07,2.3981876e-09
1.1111112,0.001563608,9.752429e-07,2.4290143e-09
1.1111112,0.0015685781,9.752333e-07,2.4212476e-09
1.1111112,0.001577402,9.754993e-07,2.4158675e-09
1.1111112,0.0015747545,9.752519e-07,2.4124833e-09
1.1111112,0.0015503742,9.755607e-07,2.4580087e-09
1.1111112,0.0015541106,9.753712e-07,2.445485e-09
1.1111112,0.0015300742,9.761363e-07,2.502769e-09
1.1111112,0.0015585489,9.757287e-07,2.4457552e-09
1.1111112,0.0015737037,9.758553e-07,2.426619e-09
1.1111112,0.0015690459,9.756467e-07,2.4284348e-09
1.1111112,0.0015645135,9.75336e-07,2.4277453e-09
1.1111112,0.0015435885,9.755909e-07,2.4675166e-09
1.1111112,0.0015466462,9.756003e-07,2.4638667e-09
1.1111112,0.001548847,9.760489e-07,2.4698563e-09
1.1111112,0.0015286128,9.766615e-07,2.516579e-09
1.1111112,0.0015464475,9.764044e-07,2.4800717e-09
1.1111112,0.0015378045,9.767622e-07,2.5031692e-09
1.1111112,0.0015089536,9.772001e-07,2.5612188e-09
1.1111112,0.0015261887,9.770118e-07,2.5259708e-09
1.1111112,0.0015627341,9.7671e-07,2.460709e-09
1.1111112,0.0014794539,9.787724e-07,2.6528308e-09
1.1111112,0.0014976211,9.783694e-07,2.6034042e-09
1.1111112,0.001539846,9.780782e-07,2.5259927e-09
1.1111112,0.0015105231,9.78666e-07,2.5918934e-09
1.1111112,0.0015126299,9.779552e-07,2.5689433e-09
1.1111112,0.001561217,9.768162e-07,2.4630333e-09
1.1111112,0.0015481744,9.771553e-07,2.4973166e-09
1.1111112,0.0015782693,9.758924e-07,2.416568e-09
1.1111112,0.0015532013,9.761083e-07,2.4646936e-09
1.1111112,0.0015619603,9.755518e-07,2.437596e-09
1.1111112,0.001579114,9.751852e-07,2.401749e-09
1.1111112,0.0015423341,9.76056e-07,2.4835942e-09
1.1111112,0.0015429872,9.76166e-07,2.483679e-09
1.1111112,0.0015373422,9.765308e-07,2.5005307e-09
1.1111112,0.0015227983,9.770337e-07,2.5357803e-09
1.1111112,0.0015491056,9.769741e-07,2.4918398e-09
1.1111112,0.0015224785,9.776733e-07,2.553773e-09
1.1111112,0.0015315999,9.771454e-07,2.5224027e-09
1.1111112,0.0015364876,9.773804e-07,2.520892e-09
1.1111112,0.0015562893,9.768197e-07,2.4740798e-09
1.1111112,0.0015268892,9.770339e-07,2.5282705e-09
1.1111112,0.0015363244,9.765888e-07,2.5009692e-09
1.1111112,0.0015343755,9.76915e-07,2.5124056e-09
1.1111112,0.001565317,9.763598e-07,2.4483964e-09
1.1111112,0.001536097,9.768869e-07,2.5100684e-09
1.1111112,0.0015053602,9.771535e-07,2.5662166e-09
1.1111112,0.0015072544,9.777724e-07,2.577012e-09
1.1111112,0.0013611089,9.835784e-07,2.9925011e-09
1.1111112,0.0014509823,9.818987e-07,2.7370424e-09
1.1111112,0.0014570282,9.837357e-07,2.7951643e-09
1.1111112,0.0014753814,9.830886e-07,2.7476943e-09
1.1111112,0.0015332834,9.811536e-07,2.6031264e-09
1.1111112,0.0015468256,9.793157e-07,2.5427371e-09
1.1111112,0.0015562676,9.773898e-07,2.4851896e-09
1.1111112,0.0015465282,9.768961e-07,2.49204e-09
1.1111112,0.0015331942,9.770396e-07,2.518855e-09
1.1111112,0.0015339428,9.770116e-07,2.517092e-09
1.1111112,0.0015564129,9.766501e-07,2.4710003e-09
1.1111112,0.0015735432,9.761641e-07,2.4324438e-09
1.1111112,0.0015715185,9.760282e-07,2.4338038e-09
1.1111112,0.0015686124,9.759293e-07,2.438102e-09
1.1111112,0.0015763472,9.75212e-07,2.4078954e-09
1.1111112,0.0016013555,9.754834e-07,2.3798177e-09
1.1111112,0.0015793885,9.753043e-07,2.4093425e-09
1.1111112,0.0015689053,9.752046e-07,2.4220372e-09
1.1111112,0.0015858979,9.746417e-07,2.3797013e-09
1.1111112,0.0015710979,9.749506e-07,2.4109845e-09
1.1111112,0.0015830287,9.744302e-07,2.3795563e-09
1.1111112,0.001569684,9.748878e-07,2.412162e-09
1.1111112,0.0015974186,9.743097e-07,2.3526403e-09
1.1111112,0.0015744772,9.747893e-07,2.4023221e-09
1.1111112,0.0015093235,9.762946e-07,2.5457263e-09
1.1111112,0.0015504465,9.761326e-07,2.4674214e-09
1.1111112,0.0015624098,9.768888e-07,2.4683e-09
1.1111112,0.0015583945,9.76915e-07,2.474788e-09
1.1111112,0.001560424,9.765665e-07,2.4591658e-09
1.1111112,0.0015496967,9.759874e-07,2.4640079e-09
1.1111112,0.0015134556,9.764623e-07,2.5360962e-09
1.1111112,0.0015220548,9.766301e-07,2.5241653e-09
1.1111112,0.0015392733,9.767308e-07,2.4990854e-09
1.1111112,0.001538274,9.76751e-07,2.5014077e-09
1.1111112,0.0015569451,9.76235e-07,2.458749e-09
1.1111112,0.001534501,9.766263e-07,2.5056153e-09
1.1111112,0.0015201946,9.767456e-07,2.5314555e-09
1.1111112,0.0015547909,9.761385e-07,2.4592364e-09
1.1111112,0.0015510477,9.768255e-07,2.4856783e-09
1.1111112,0.0015524538,9.76872e-07,2.4837827e-09
1.1111112,0.0014575099,9.788713e-07,2.6925138e-09
1.1111112,0.0013823769,9.814494e-07,2.8843905e-09
1.1111112,0.0015077806,9.800839e-07,2.600052e-09
1.1111112,0.0015402683,9.801006e-07,2.5736475e-09
1.1111112,0.0015496318,9.78961e-07,2.533824e-09
1.1111112,0.0015548975,9.77981e-07,2.500748e-09
1.1111112,0.001528296,9.774366e-07,2.5344598e-09
1.1111112,0.0015102612,9.775035e-07,2.5678704e-09
1.1111112,0.001532638,9.779551e-07,2.5387983e-09
1.1111112,0.0015258316,9.786472e-07,2.5679812e-09
1.1111112,0.0015653317,9.777013e-07,2.4784237e-09
1.1111112,0.0015662526,9.772447e-07,2.4667899e-09
1.1111112,0.0015553934,9.761939e-07,2.4611422e-09
1.1111112,0.0015634471,9.756745e-07,2.4371445e-09
1.1111112,0.0015624127,9.758865e-07,2.4463196e-09
1.1111112,0.0015597099,9.760776e-07,2.4569857e-09
1.1111112,0.001571945,9.762938e-07,2.4436226e-09
1.1111112,0.0015522556,9.758899e-07,2.4617477e-09
1.1111112,0.0015473458,9.76296e-07,2.4796936e-09
1.1111112,0.0015526083,9.760691e-07,2.4647027e-09
1.1111112,0.0015592555,9.761901e-07,2.457342e-09
1.1111112,0.0015580858,9.76462e-07,2.4663294e-09
1.1111112,0.0015784029,9.758791e-07,2.4195057e-09
1.1111112,0.0015620125,9.759125e-07,2.4467723e-09
1.1111112,0.0015694919,9.753061e-07,2.4199316e-09
1.1111112,0.0015693282,9.751276e-07,2.416795e-09
1.1111112,0.0015822285,9.748488e-07,2.388979e-09
1.1111112,0.0015605793,9.753528e-07,2.436262e-09
1.1111112,0.0015699075,9.749214e-07,2.4101756e-09
1.1111112,0.0015569809,9.754068e-07,2.44307e-09
1.1111112,0.0015520689,9.755723e-07,2.454916e-09
1.1111112,0.0015487155,9.758812e-07,2.4671303e-09
1.1111112,0.0015293278,9.766652e-07,2.517035e-09
1.1111112,0.0015289302,9.769334e-07,2.5228506e-09
1.1111112,0.0015605607,9.765106e-07,2.460287e-09
1.1111112,0.0015651269,9.764398e-07,2.4528977e-09
1.1111112,0.001554816,9.763133e-07,2.4652245e-09
1.1111112,0.001541973,9.761214e-07,2.4810234e-09
1.1111112,0.0015044601,9.770584e-07,2.5662903e-09
1.1111112,0.00147866,9.780074e-07,2.629888e-09
1.1111112,0.0014579475,9.791142e-07,2.689444e-09
1.1111112,0.0014632586,9.795289e-07,2.6863514e-09
1.1111112,0.0014838959,9.797438e-07,2.6567233e-09
1.1111112,0.0014719261,9.801438e-07,2.689734e-09
1.1111112,0.0014834015,9.797606e-07,2.6591518e-09
1.1111112,0.0015098572,9.794745e-07,2.608686e-09
1.1111112,0.0015173892,9.794821e-07,2.5991795e-09
1.1111112,0.0015233364,9.791701e-07,2.5824713e-09
1.1111112,0.0015285361,9.785875e-07,2.559292e-09
1.1111112,0.0015284786,9.778691e-07,2.5422642e-09
1.1111112,0.0015331263,9.774293e-07,2.524641e-09
1.1111112,0.0015550945,9.768123e-07,2.4759024e-09
1.1111112,0.0015637763,9.766054e-07,2.459517e-09
1.1111112,0.0015758991,9.762198e-07,2.4319056e-09
1.1111112,0.0015601392,9.763944e-07,2.4637106e-09
1.1111112,0.0015519755,9.765245e-07,2.4811735e-09
1.1111112,0.0015449914,9.769528e-07,2.501264e-09
1.1111112,0.0015812494,9.761297e-07,2.4211073e-09
1.1111112,0.0015923107,9.757276e-07,2.3943243e-09
1.1111112,0.0015703224,9.755177e-07,2.4264484e-09
1.1111112,0.001587208,9.747291e-07,2.3799192e-09
1.1111112,0.0015802135,9.748836e-07,2.3952755e-09
1.1111112,0.0015891007,9.744116e-07,2.3697364e-09
1.1111112,0.001587985,9.743095e-07,2.3700168e-09
1.1111112,0.0015806478,9.744005e-07,2.3835993e-09
1.1111112,0.0015678412,9.74659e-07,2.4097115e-09
1.1111112,0.0015718357,9.746052e-07,2.4008615e-09
1.1111112,0.0015843455,9.744286e-07,2.3765083e-09
1.1111112,0.0015764096,9.745662e-07,2.3930933e-09
1.1111112,0.0015526356,9.752004e-07,2.4458964e-09
1.1111112,0.0015705954,9.74925e-07,2.410175e-09
1.1111112,0.0015730967,9.751035e-07,2.4104185e-09
1.1111112,0.0015487731,9.753566e-07,2.4541817e-09
1.1111112,0.0015564412,9.751502e-07,2.4352635e-09
1.1111112,0.0015689473,9.752321e-07,2.4182518e-09
1.1111112,0.0015518412,9.754871e-07,2.45187e-09
1.1111112,0.001575029,9.748156e-07,2.39838e-09
1.1111112,0.001545077,9.756601e-07,2.4673472e-09
1.1111112,0.0015405368,9.756544e-07,2.4728695e-09
1.1111112,0.001557319,9.756229e-07,2.4450977e-09
1.1111112,0.0015766558,9.75355e-07,2.4083409e-09
1.1111112,0.0015628666,9.753659e-07,2.4312716e-09
1.1111112,0.0015776232,9.746332e-07,2.3902875e-09
1.1111112,0.0015764381,9.747745e-07,2.397022e-09
1.1111112,0.0015748132,9.7478e-07,2.400014e-09
1.1111112,0.001565302,9.748303e-07,2.4162423e-09
1.1111112,0.0015546294,9.751351e-07,2.44049e-09
1.1111112,0.0015596922,9.753901e-07,2.4387723e-09
1.1111112,0.0015698088,9.75379e-07,2.4210947e-09
1.1111112,0.0015503936,9.757417e-07,2.4603775e-09
1.1111112,0.0015554707,9.755407e-07,2.4471833e-09
1.1111112,0.0015532614,9.757156e-07,2.4547286e-09
1.1111112,0.001564472,9.756059e-07,2.4341713e-09
1.1111112,0.0015563641,9.757529e-07,2.4514346e-09
1.1111112,0.0015674038,9.751853e-07,2.4200792e-09
1.1111112,0.0015492408,9.756767e-07,2.46072e-09
1.1111112,0.0015682102,9.752375e-07,2.4190827e-09
1.1111112,0.0015474287,9.757829e-07,2.4664153e-09
1.1111112,0.0015643066,9.752988e-07,2.4262774e-09
1.1111112,0.0015753509,9.75195e-07,2.4070415e-09
1.1111112,0.0015705335,9.751074e-07,2.4145053e-09
1.1111112,0.001544776,9.757046e-07,2.469923e-09
1.1111112,0.0015673919,9.75191e-07,2.4198579e-09
1.1111112,0.0015388865,9.761214e-07,2.4890388e-09
1.1111112,0.0015319107,9.763988e-07,2.505735e-09
1.1111112,0.0015501248,9.76343e-07,2.474151e-09
1.1111112,0.0015562789,9.764381e-07,2.4669224e-09
1.1111112,0.0015580221,9.762276e-07,2.4585844e-09
1.1111112,0.0015685253,9.757975e-07,2.4302602e-09
1.1111112,0.0015564249,9.756599e-07,2.4488365e-09
1.1111112,0.0015750951,9.751445e-07,2.4067337e-09
1.1111112,0.0015768833,9.75072e-07,2.4029039e-09
1.1111112,0.0015688464,9.750925e-07,2.4163436e-09
1.1111112,0.0015691274,9.748359e-07,2.4111408e-09
1.1111112,0.0015763429,9.748544e-07,2.3993363e-09
1.1111112,0.0015402214,9.759241e-07,2.4832205e-09
1.1111112,0.001559525,9.756468e-07,2.4434845e-09
1.1111112,0.0015409109,9.763727e-07,2.4913134e-09
1.1111112,0.0015540656,9.761866e-07,2.4652855e-09
1.1111112,0.0015540181,9.764918e-07,2.4731837e-09
1.1111112,0.0015688208,9.759166e-07,2.4339057e-09
1.1111112,0.0015579908,9.759464e-07,2.4513924e-09
1.1111112,0.0015558071,9.755204e-07,2.4455085e-09
1.1111112,0.0015629708,9.753101e-07,2.4297186e-09
1.1111112,0.0015449416,9.759036e-07,2.473166e-09
1.1111112,0.0015519091,9.755817e-07,2.4525106e-09
1.1111112,0.0015454103,9.75844e-07,2.4699178e-09
1.1111112,0.0015635291,9.75526e-07,2.433099e-09
1.1111112,0.0015817013,9.75126e-07,2.3951292e-09
1.1111112,0.0015910474,9.745644e-07,2.3678612e-09
1.1111112,0.0015775946,9.746276e-07,2.3928466e-09
1.1111112,0.0015496569,9.75096e-07,2.4485662e-09
1.1111112,0.0015457913,9.7547e-07,2.4629132e-09
1.1111112,0.0015360079,9.76194e-07,2.4952231e-09
1.1111112,0.0015620274,9.758162e-07,2.4418814e-09
1.1111112,0.001413762,9.799624e-07,2.7998153e-09
1.1111112,0.0015349541,9.774965e-07,2.5055422e-09
1.1111112,0.0015341504,9.79415e-07,2.573118e-09
1.1111112,0.0015465904,9.787146e-07,2.5335436e-09
1.1111112,0.001548066,9.783078e-07,2.5205062e-09
1.1111112,0.0015323163,9.777685e-07,2.5327587e-09
1.1111112,0.0015464961,9.766391e-07,2.485162e-09
1.1111112,0.0015263361,9.771702e-07,2.5316913e-09
1.1111112,0.0015548131,9.762798e-07,2.4619071e-09
1.1111112,0.0015619753,9.762259e-07,2.450284e-09
1.1111112,0.0015667381,9.757549e-07,2.4326259e-09
1.1111112,0.0015710172,9.753901e-07,2.4196358e-09
1.1111112,0.0015356707,9.761866e-07,2.4967417e-09
1.1111112,0.0015508216,9.758736e-07,2.4631053e-09
1.1111112,0.0015663994,9.760894e-07,2.4446671e-09
1.1111112,0.0015784315,9.763147e-07,2.4331395e-09
1.1111112,0.001564013,9.759907e-07,2.4463522e-09
1.1111112,0.0015634919,9.756873e-07,2.4395677e-09
1.1111112,0.001548425,9.75989e-07,2.4705442e-09
1.1111112,0.0015276361,9.765588e-07,2.517299e-09
1.1111112,0.001552595,9.763484e-07,2.4699451e-09
1.1111112,0.0015667262,9.762385e-07,2.4457867e-09
1.1111112,0.0015662502,9.760226e-07,2.440959e-09
1.1111112,0.0015694187,9.753397e-07,2.419433e-09
1.1111112,0.0015545095,9.754141e-07,2.4458817e-09
1.1111112,0.0015713315,9.749864e-07,2.4088285e-09
1.1111112,0.0015761754,9.750385e-07,2.4034723e-09
1.1111112,0.0015585802,9.754775e-07,2.4432238e-09
1.1111112,0.0015618445,9.752653e-07,2.4317213e-09
1.1111112,0.0015723598,9.750812e-07,2.4097886e-09
1.1111112,0.0015726541,9.75044e-07,2.4084423e-09
1.1111112,0.0015454927,9.75563e-07,2.4655031e-09
1.1111112,0.0015506328,9.75563e-07,2.4561948e-09
1.1111112,0.0015718839,9.755406e-07,2.4218239e-09
1.1111112,0.0015644667,9.758123e-07,2.4404891e-09
1.1111112,0.0015653749,9.752932e-07,2.4255788e-09
1.1111112,0.0015671126,9.750848e-07,2.4180495e-09
1.1111112,0.0015666086,9.750925e-07,2.4191982e-09
1.1111112,0.0015695959,9.749753e-07,2.4117066e-09
1.1111112,0.0015779844,9.74767e-07,2.394472e-09
1.1111112,0.0015728181,9.747745e-07,2.4030509e-09
1.1111112,0.0015694256,9.74793e-07,2.4082498e-09
1.1111112,0.001562395,9.750887e-07,2.427134e-09
1.1111112,0.0015798376,9.74702e-07,2.3896216e-09
1.1111112,0.0015742432,9.747912e-07,2.4013325e-09
1.1111112,0.0015987318,9.741444e-07,2.3460531e-09
1.1111112,0.0016028164,9.739084e-07,2.3359261e-09
1.1111112,0.0016034701,9.733996e-07,2.323595e-09
1.1111112,0.0015803657,9.73589e-07,2.3656639e-09
1.1111112,0.0015636357,9.741983e-07,2.4055744e-09
1.1111112,0.0015607992,9.746462e-07,2.4194615e-09
1.1111112,0.0015166537,9.760228e-07,2.522439e-09
1.1111112,0.001486113,9.770081e-07,2.595097e-09
1.1111112,0.0015460706,9.765944e-07,2.4809135e-09
1.1111112,0.0015269918,9.777053e-07,2.5440052e-09
1.1111112,0.0014861703,9.7836e-07,2.6252767e-09
1.1111112,0.0014808811,9.783806e-07,2.632141e-09
1.1111112,0.0015348066,9.778918e-07,2.5282396e-09
1.1111112,0.0015519728,9.776793e-07,2.4999038e-09
1.1111112,0.001557431,9.769524e-07,2.4731504e-09
1.1111112,0.0015587612,9.76051e-07,2.4495461e-09
1.1111112,0.0015557373,9.755987e-07,2.4455504e-09
1.1111112,0.0015433563,9.757698e-07,2.4711668e-09
1.1111112,0.0015671472,9.753958e-07,2.424237e-09
1.1111112,0.0015552901,9.758853e-07,2.4569489e-09
1.1111112,0.0015623443,9.7563e-07,2.4391724e-09
1.1111112,0.0015392108,9.765588e-07,2.5003826e-09
1.1111112,0.0015573056,9.762274e-07,2.4620945e-09
1.1111112,0.0015559118,9.762477e-07,2.4643547e-09
1.1111112,0.0015737156,9.758343e-07,2.4252678e-09
1.1111112,0.0015648832,9.760597e-07,2.4466693e-09
1.1111112,0.0015828938,9.752166e-07,2.398018e-09
1.1111112,0.0015485015,9.757618e-07,2.4654983e-09
1.1111112,0.0015327892,9.759276e-07,2.4942672e-09
1.1111112,0.0015511911,9.760619e-07,2.465394e-09
1.1111112,0.0015818188,9.756542e-07,2.406632e-09
1.1111112,0.0015573094,9.759725e-07,2.4548084e-09
1.1111112,0.0015717028,9.751686e-07,2.4119546e-09
1.1111112,0.0015511283,9.755445e-07,2.4549258e-09
1.1111112,0.0015674329,9.751241e-07,2.4188196e-09
1.1111112,0.0015593885,9.755798e-07,2.4433167e-09
1.1111112,0.0015776794,9.751501e-07,2.4034352e-09
1.1111112,0.001526621,9.76302e-07,2.5135143e-09
1.1111112,0.001394343,9.802577e-07,2.8408895e-09
1.1111112,0.001519654,9.786214e-07,2.5485463e-09
1.1111112,0.001528208,9.80256e-07,2.5999658e-09
1.1111112,0.0015204268,9.799419e-07,2.6043698e-09
1.1111112,0.0015068928,9.798167e-07,2.6230411e-09
1.1111112,0.001493913,9.79357e-07,2.6344646e-09
1.1111112,0.0015196364,9.781081e-07,2.5588829e-09
1.1111112,0.0014946999,9.786287e-07,2.6169662e-09
1.1111112,0.0015169919,9.781828e-07,2.5668658e-09
1.1111112,0.0015103511,9.785019e-07,2.587734e-09
1.1111112,0.0015082288,9.783843e-07,2.5879865e-09
1.1111112,0.001481688,9.789685e-07,2.6480582e-09
1.1111112,0.0015011724,9.789406e-07,2.6102005e-09
1.1111112,0.001524571,9.788901e-07,2.571942e-09
1.1111112,0.0015556727,9.784735e-07,2.514599e-09
1.1111112,0.0015453381,9.784659e-07,2.533781e-09
1.1111112,0.0015396016,9.771936e-07,2.511035e-09
1.1111112,0.0015453756,9.770501e-07,2.499552e-09
1.1111112,0.0015391154,9.770561e-07,2.5097997e-09
1.1111112,0.0015460857,9.768212e-07,2.4931335e-09
1.1111112,0.0015464886,9.768715e-07,2.4943272e-09
1.1111112,0.0015498279,9.766311e-07,2.4827174e-09
1.1111112,0.0015621777,9.763239e-07,2.4561235e-09
1.1111112,0.0015651558,9.76121e-07,2.446767e-09
1.1111112,0.0015655359,9.759217e-07,2.4414248e-09
1.1111112,0.0015683084,9.757225e-07,2.433252e-09
1.1111112,0.0015547915,9.761245e-07,2.4655256e-09
1.1111112,0.0015611766,9.75797e-07,2.4457552e-09
1.1111112,0.0015487848,9.760578e-07,2.471284e-09
1.1111112,0.0015744636,9.752799e-07,2.4102988e-09
1.1111112,0.0015706447,9.754382e-07,2.4222262e-09
1.1111112,0.0015545997,9.756393e-07,2.4528568e-09
1.1111112,0.0015848902,9.748617e-07,2.3849904e-09
1.1111112,0.0015564241,9.756559e-07,2.450911e-09
1.1111112,0.0015404957,9.758162e-07,2.4785314e-09
1.1111112,0.0015573662,9.755984e-07,2.4458533e-09
1.1111112,0.0015530874,9.760153e-07,2.4628934e-09
1.1111112,0.0015589402,9.757287e-07,2.4452609e-09
1.1111112,0.0015496133,9.75844e-07,2.4637306e-09
1.1111112,0.0015558455,9.756654e-07,2.448897e-09
1.1111112,0.0015605837,9.75632e-07,2.440885e-09
1.1111112,0.0015583821,9.756747e-07,2.445858e-09
1.1111112,0.0015486581,9.75751e-07,2.4632276e-09
1.1111112,0.0015546429,9.756059e-07,2.450238e-09
1.1111112,0.0015642246,9.75444e-07,2.4304878e-09
1.1111112,0.0015319721,9.762406e-07,2.5021534e-09
1.1111112,0.0015605912,9.755872e-07,2.4389397e-09
1.1111112,0.0014944822,9.773845e-07,2.591792e-09
1.1111112,0.0015487922,9.76261e-07,2.4712223e-09
1.1111112,0.0014770702,9.790507e-07,2.6631073e-09
1.1111112,0.0013914113,9.811874e-07,2.8657718e-09
1.1111112,0.0014682983,9.79766e-07,2.6688076e-09
1.1111112,0.001538077,9.793253e-07,2.553639e-09
1.1111112,0.0015460071,9.787706e-07,2.5353228e-09
1.1111112,0.0015528968,9.77487e-07,2.4910274e-09
1.1111112,0.0015547407,9.763578e-07,2.4643974e-09
1.1111112,0.0015354704,9.764733e-07,2.500965e-09
1.1111112,0.0015629962,9.757957e-07,2.4403495e-09
1.1111112,0.0015595602,9.760357e-07,2.4533753e-09
1.1111112,0.0015491323,9.76101e-07,2.4706197e-09
1.1111112,0.0015355112,9.764864e-07,2.5027111e-09
1.1111112,0.001552161,9.761845e-07,2.4675768e-09
1.1111112,0.0015667559,9.762906e-07,2.4490592e-09
1.1111112,0.0015654137,9.762101e-07,2.4491622e-09
1.1111112,0.0015457626,9.762691e-07,2.4805025e-09
1.1111112,0.0015716112,9.762268e-07,2.4415963e-09
1.1111112,0.0015572477,9.758694e-07,2.4531135e-09
1.1111112,0.0015395144,9.762306e-07,2.489927e-09
1.1111112,0.0015648837,9.754997e-07,2.4313915e-09
1.1111112,0.001559771,9.759984e-07,2.452767e-09
1.1111112,0.00156525,9.75829e-07,2.438563e-09
1.1111112,0.0015310606,9.766353e-07,2.5132116e-09
1.1111112,0.0015662996,9.754643e-07,2.426555e-09
1.1111112,0.001561055,9.75965e-07,2.4498215e-09
1.1111112,0.00156698,9.757732e-07,2.434784e-09
1.1111112,0.0015490674,9.761288e-07,2.472279e-09
1.1111112,0.0015697939,9.753453e-07,2.4190083e-09
1.1111112,0.0015524374,9.757622e-07,2.4577413e-09
1.1111112,0.0015513329,9.756524e-07,2.4562323e-09
1.1111112,0.0015609902,9.755985e-07,2.4398656e-09
1.1111112,0.0014747565,9.778339e-07,2.6382638e-09
1.1111112,0.0015457665,9.766335e-07,2.4816138e-09
1.1111112,0.0015605289,9.774012e-07,2.4832463e-09
1.1111112,0.0015649085,9.767266e-07,2.4592217e-09
1.1111112,0.0015797783,9.758924e-07,2.4124553e-09
1.1111112,0.0015708618,9.753229e-07,2.4170348e-09
1.1111112,0.001578436,9.748748e-07,2.3962126e-09
1.1111112,0.0015587524,9.75176e-07,2.4348594e-09
1.1111112,0.0015640028,9.750013e-07,2.4218298e-09
1.1111112,0.0015580689,9.754273e-07,2.441784e-09
1.1111112,0.0015528384,9.756841e-07,2.4564477e-09
1.1111112,0.001545609,9.759651e-07,2.4731235e-09
1.1111112,0.0014974349,9.773715e-07,2.5870253e-09
1.1111112,0.0015435392,9.767249e-07,2.4905238e-09
1.1111112,0.0015422408,9.775187e-07,2.5158622e-09
1.1111112,0.0015618667,9.771719e-07,2.4748108e-09
1.1111112,0.0015494457,9.766463e-07,2.4815572e-09
1.1111112,0.0015549855,9.759165e-07,2.4551596e-09
1.1111112,0.001562096,9.756152e-07,2.4372053e-09
1.1111112,0.0015432826,9.758832e-07,2.4743128e-09
1.1111112,0.0015606759,9.754757e-07,2.435983e-09
1.1111112,0.0015420449,9.760507e-07,2.4808862e-09
1.1111112,0.0015636646,9.754942e-07,2.4327325e-09
1.1111112,0.0015252244,9.76656e-07,2.5240738e-09
1.1111112,0.0015545036,9.759651e-07,2.4572018e-09
1.1111112,0.001561547,9.762368e-07,2.4543252e-09
1.1111112,0.0015633459,9.76084e-07,2.44736e-09
1.1111112,0.0015475684,9.763503e-07,2.4815574e-09
1.1111112,0.0015539129,9.759536e-07,2.4595044e-09
1.1111112,0.0014512572,9.787219e-07,2.7002547e-09
1.1111112,0.001478186,9.781902e-07,2.6279572e-09
1.1111112,0.001479902,9.797755e-07,2.667142e-09
1.1111112,0.001507007,9.794727e-07,2.612047e-09
1.1111112,0.0015389706,9.78666e-07,2.5405902e-09
1.1111112,0.001507325,9.78834e-07,2.6018248e-09
1.1111112,0.001540977,9.773099e-07,2.5070386e-09
1.1111112,0.0015497026,9.772875e-07,2.4959685e-09
1.1111112,0.001560684,9.766148e-07,2.4618547e-09
1.1111112,0.0015467546,9.766316e-07,2.4868596e-09
1.1111112,0.0015516785,9.760394e-07,2.4649145e-09
1.1111112,0.0015652213,9.757957e-07,2.4375348e-09
1.1111112,0.0015423042,9.764193e-07,2.4896556e-09
1.1111112,0.0015389948,9.763969e-07,2.4938955e-09
1.1111112,0.0015561788,9.762683e-07,2.4638236e-09
1.1111112,0.0015789245,9.762083e-07,2.4287947e-09
1.1111112,0.0015793081,9.759365e-07,2.422484e-09
1.1111112,0.0015699073,9.756759e-07,2.4308764e-09
1.1111112,0.0015652475,9.75596e-07,2.4354994e-09
1.1111112,0.0015754076,9.753431e-07,2.412442e-09
1.1111112,0.0015643786,9.756856e-07,2.4388884e-09
1.1111112,0.0015628822,9.754642e-07,2.4353788e-09
1.1111112,0.0015659907,9.754307e-07,2.428852e-09
1.1111112,0.0014588309,9.783245e-07,2.6777691e-09
1.1111112,0.0014340313,9.796465e-07,2.7430358e-09
1.1111112,0.0015178864,9.793812e-07,2.582496e-09
1.1111112,0.0015251723,9.79953e-07,2.5972455e-09
1.1111112,0.0015465373,9.789871e-07,2.5386517e-09
1.1111112,0.001535618,9.785896e-07,2.5482487e-09
1.1111112,0.001522119,9.779476e-07,2.5550642e-09
1.1111112,0.0015270631,9.775616e-07,2.5371925e-09
1.1111112,0.0015098313,9.781791e-07,2.582079e-09
1.1111112,0.0015256502,9.77959e-07,2.5490081e-09
1.1111112,0.0015470255,9.77627e-07,2.5071814e-09
1.1111112,0.0015658583,9.76941e-07,2.4605538e-09
1.1111112,0.0015560515,9.766578e-07,2.4710192e-09
1.1111112,0.001561165,9.759707e-07,2.4470754e-09
1.1111112,0.0015618013,9.759666e-07,2.4490832e-09
1.1111112,0.0015479311,9.768733e-07,2.4951834e-09
1.1111112,0.0015554653,9.767521e-07,2.479281e-09
1.1111112,0.0015508651,9.764093e-07,2.4760491e-09
1.1111112,0.0015321637,9.7689e-07,2.5179376e-09
1.1111112,0.0015602359,9.760467e-07,2.4503257e-09
1.1111112,0.0015626374,9.762384e-07,2.4532205e-09
1.1111112,0.0015609164,9.761156e-07,2.4530245e-09
1.1111112,0.001537428,9.764991e-07,2.5006448e-09
1.1111112,0.0015530045,9.761955e-07,2.4673226e-09
1.1111112,0.0015573173,9.76285e-07,2.4625126e-09
1.1111112,0.0015678045,9.757639e-07,2.4321198e-09
1.1111112,0.0015658311,9.755016e-07,2.4298712e-09
1.1111112,0.0015602338,9.755296e-07,2.439731e-09
1.1111112,0.0015436958,9.758907e-07,2.4759979e-09
1.1111112,0.001543812,9.761828e-07,2.481979e-09
1.1111112,0.0015475194,9.765515e-07,2.484252e-09
1.1111112,0.0015655288,9.761233e-07,2.443223e-09
1.1111112,0.0015584524,9.759948e-07,2.453605e-09
1.1111112,0.0015623965,9.757305e-07,2.4410574e-09
1.1111112,0.0015632373,9.755164e-07,2.4342088e-09
1.1111112,0.0015534017,9.756486e-07,2.452988e-09
1.1111112,0.0015715187,9.752151e-07,2.4140672e-09
1.1111112,0.0015649899,9.75522e-07,2.433605e-09
1.1111112,0.0015773947,9.750049e-07,2.400613e-09
1.1111112,0.0015708272,9.750496e-07,2.4125855e-09
1.1111112,0.0015727164,9.74849e-07,2.4040228e-09
1.1111112,0.0015703838,9.748896e-07,2.4094582e-09
1.1111112,0.0015714214,9.749436e-07,2.409876e-09
1.1111112,0.0015597993,9.754252e-07,2.440243e-09
1.1111112,0.0015621078,9.754365e-07,2.435644e-09
1.1111112,0.0015664621,9.753826e-07,2.4269113e-09
1.1111112,0.0015602851,9.754569e-07,2.4378284e-09
1.1111112,0.0015611249,9.753976e-07,2.43517e-09
1.1111112,0.0015191612,9.76492e-07,2.5302829e-09
1.1111112,0.0015430829,9.761532e-07,2.479386e-09
1.1111112,0.0015489958,9.765739e-07,2.4813112e-09
1.1111112,0.0015331996,9.767789e-07,2.511716e-09
1.1111112,0.0015428155,9.765145e-07,2.488397e-09
1.1111112,0.001548903,9.764343e-07,2.476975e-09
1.1111112,0.0015563745,9.761643e-07,2.4591051e-09
1.1111112,0.0015460424,9.762834e-07,2.479126e-09
1.1111112,0.0015713113,9.75537e-07,2.4204296e-09
1.1111112,0.0015698852,9.755687e-07,2.425398e-09
1.1111112,0.001558949,9.756134e-07,2.4438156e-09
1.1111112,0.0015838991,9.748228e-07,2.3851e-09
1.1111112,0.0015660656,9.751948e-07,2.4239832e-09
1.1111112,0.0015751686,9.748303e-07,2.4001738e-09
1.1111112,0.0015653557,9.752151e-07,2.4258424e-09
1.1111112,0.0015641517,9.754049e-07,2.4331501e-09
1.1111112,0.001569728,9.753007e-07,2.4206697e-09
1.1111112,0.0015651289,9.754438e-07,2.4313687e-09
1.1111112,0.0015556157,9.75764e-07,2.4546305e-09
1.1111112,0.0015657298,9.755928e-07,2.433396e-09
1.1111112,0.0015475403,9.761568e-07,2.4761155e-09
1.1111112,0.0015539848,9.760302e-07,2.4618272e-09
1.1111112,0.0015439237,9.766094e-07,2.4914604e-09
1.1111112,0.0015603823,9.760694e-07,2.4501203e-09
1.1111112,0.0015717237,9.757975e-07,2.4253883e-09
1.1111112,0.0015863806,9.750236e-07,2.3855e-09
1.1111112,0.001564653,9.750757e-07,2.4223472e-09
1.1111112,0.0015653111,9.749436e-07,2.4179618e-09
1.1111112,0.0015748843,9.748433e-07,2.4005995e-09
1.1111112,0.0015683325,9.750497e-07,2.4165832e-09
1.1111112,0.0015612727,9.75165e-07,2.430405e-09
1.1111112,0.0015345039,9.758609e-07,2.4908202e-09
1.1111112,0.0015500302,9.759743e-07,2.466283e-09
1.1111112,0.0015648705,9.761457e-07,2.4468279e-09
1.1111112,0.0015589638,9.761643e-07,2.4563254e-09
1.1111112,0.0015455992,9.762758e-07,2.4813307e-09
1.1111112,0.0015640764,9.758701e-07,2.4411129e-09
1.1111112,0.0015349789,9.767099e-07,2.5089486e-09
1.1111112,0.0015639514,9.757509e-07,2.436285e-09
1.1111112,0.0015493175,9.761383e-07,2.4709588e-09
1.1111112,0.0015572708,9.757473e-07,2.447225e-09
1.1111112,0.0015443839,9.761329e-07,2.479386e-09
1.1111112,0.0015809927,9.752598e-07,2.3986129e-09
1.1111112,0.0015708841,9.754011e-07,2.4205267e-09
1.1111112,0.0015790991,9.749474e-07,2.3953715e-09
1.1111112,0.0015825622,9.747113e-07,2.3862332e-09
1.1111112,0.0015899711,9.744806e-07,2.3699218e-09
1.1111112,0.0015630438,9.748916e-07,2.4223892e-09
1.1111112,0.0015695867,9.745811e-07,2.4044085e-09
1.1111112,0.0015780649,9.748636e-07,2.3975473e-09
1.1111112,0.001594757,9.745272e-07,2.3628757e-09
1.1111112,0.0015839767,9.744657e-07,2.379089e-09
1.1111112,0.0015859094,9.742575e-07,2.371247e-09
1.1111112,0.001569217,9.745531e-07,2.4047573e-09
1.1111112,0.0015755285,9.744992e-07,2.393335e-09
1.1111112,0.0015797294,9.746648e-07,2.3904014e-09
1.1111112,0.0015924503,9.743525e-07,2.3617361e-09
1.1111112,0.0015556137,9.748395e-07,2.4325155e-09
1.1111112,0.0015608438,9.747336e-07,2.4204447e-09
1.1111112,0.0015077305,9.764885e-07,2.5484812e-09
1.1111112,0.0015249922,9.762855e-07,2.5104476e-09
1.1111112,0.0015306595,9.768909e-07,2.516809e-09
1.1111112,0.0015661424,9.762949e-07,2.445171e-09
1.1111112,0.001579606,9.757491e-07,2.411563e-09
1.1111112,0.0015899591,9.747131e-07,2.370894e-09
1.1111112,0.0015749705,9.74427e-07,2.3906617e-09
1.1111112,0.0015611292,9.746984e-07,2.4192586e-09
1.1111112,0.0015587627,9.749216e-07,2.428139e-09
1.1111112,0.0015429095,9.756136e-07,2.4702524e-09
1.1111112,0.0015594695,9.753828e-07,2.4366058e-09
1.1111112,0.0015445848,9.759187e-07,2.4733215e-09
1.1111112,0.0015682043,9.752582e-07,2.4188702e-09
1.1111112,0.001519688,9.767956e-07,2.5375564e-09
1.1111112,0.0015731156,9.756376e-07,2.4203322e-09
1.1111112,0.0015785553,9.762199e-07,2.4302498e-09
1.1111112,0.0015727911,9.759816e-07,2.4320403e-09
1.1111112,0.0015712791,9.755889e-07,2.4218658e-09
1.1111112,0.0015424611,9.756989e-07,2.4717426e-09
1.1111112,0.0015404685,9.756376e-07,2.4716293e-09
1.1111112,0.001547436,9.757903e-07,2.4640452e-09
1.1111112,0.0015105418,9.769301e-07,2.5533755e-09
1.1111112,0.001480243,9.778825e-07,2.625197e-09
1.1111112,0.0015364029,9.771144e-07,2.5085838e-09
1.1111112,0.0015522462,9.773808e-07,2.4946596e-09
1.1111112,0.0015700145,9.764622e-07,2.4435343e-09
1.1111112,0.0015714541,9.759185e-07,2.4285545e-09
1.1111112,0.0015824448,9.749938e-07,2.3905697e-09
1.1111112,0.0015750845,9.750272e-07,2.406197e-09
1.1111112,0.0015431725,9.754458e-07,2.4669613e-09
1.1111112,0.001544981,9.755909e-07,2.4654843e-09
1.1111112,0.0015598899,9.758218e-07,2.447197e-09
1.1111112,0.0015562596,9.761065e-07,2.4600015e-09
1.1111112,0.0015515352,9.762741e-07,2.4719766e-09
1.1111112,0.0015466389,9.764268e-07,2.482817e-09
1.1111112,0.0015695629,9.759034e-07,2.4326297e-09
1.1111112,0.0015567931,9.763874e-07,2.467106e-09
1.1111112,0.0015788028,9.756e-07,2.4128464e-09
1.1111112,0.0015642201,9.755906e-07,2.4356528e-09
1.1111112,0.0015517679,9.755405e-07,2.453947e-09
1.1111112,0.0015283646,9.761457e-07,2.5048277e-09
1.1111112,0.0015543386,9.757232e-07,2.4521873e-09
1.1111112,0.0015631109,9.76023e-07,2.446912e-09
1.1111112,0.0015741885,9.758106e-07,2.424033e-09
1.1111112,0.0015554586,9.76183e-07,2.462997e-09
1.1111112,0.0015715547,9.753844e-07,2.4169466e-09
1.1111112,0.0015829835,9.749045e-07,2.3891291e-09
1.1111112,0.0015793337,9.748283e-07,2.394024e-09
1.1111112,0.0015578277,9.752002e-07,2.4369686e-09
1.1111112,0.0015337188,9.757323e-07,2.4887308e-09
1.1111112,0.0015512147,9.756504e-07,2.4557827e-09
1.1111112,0.0015569623,9.759725e-07,2.4550046e-09
1.1111112,0.0014724632,9.77972e-07,2.6437954e-09
1.1111112,0.0015305765,9.768218e-07,2.5105134e-09
1.1111112,0.0015365895,9.779496e-07,2.5344098e-09
1.1111112,0.0015503803,9.775224e-07,2.5006957e-09
1.1111112,0.001517522,9.778563e-07,2.5623266e-09
1.1111112,0.0015465313,9.766875e-07,2.4843088e-09
1.1111112,0.0015695362,9.76317e-07,2.441154e-09
1.1111112,0.0015563375,9.764044e-07,2.4657136e-09
1.1111112,0.0015557669,9.758255e-07,2.452108e-09
1.1111112,0.0015472379,9.758776e-07,2.467375e-09
1.1111112,0.001542238,9.760917e-07,2.4805549e-09
1.1111112,0.0015609829,9.758478e-07,2.4452607e-09
1.1111112,0.0015530076,9.762183e-07,2.4683489e-09
1.1111112,0.001558365,9.757771e-07,2.4484532e-09
1.1111112,0.0015560484,9.760093e-07,2.458397e-09
1.1111112,0.0015789705,9.757416e-07,2.4163052e-09
1.1111112,0.0015430916,9.762776e-07,2.4868316e-09
1.1111112,0.0015393957,9.760466e-07,2.4855282e-09
1.1111112,0.0015288922,9.767098e-07,2.5180673e-09
1.1111112,0.0015394397,9.767936e-07,2.5027294e-09
1.1111112,0.001556278,9.76479e-07,2.4670586e-09
1.1111112,0.0015477579,9.765255e-07,2.4816098e-09
1.1111112,0.0015584703,9.760432e-07,2.452379e-09
1.1111112,0.0015434048,9.762667e-07,2.4838167e-09
1.1111112,0.0015342571,9.764137e-07,2.5019429e-09
1.1111112,0.0015548072,9.761121e-07,2.4607287e-09
1.1111112,0.0015624634,9.759873e-07,2.446212e-09
1.1111112,0.0015576468,9.759426e-07,2.4525801e-09
1.1111112,0.0015598238,9.755761e-07,2.4411415e-09
1.1111112,0.001558238,9.755947e-07,2.4442677e-09
1.1111112,0.0015552351,9.756134e-07,2.4492195e-09
1.1111112,0.0015773263,9.75241e-07,2.4058662e-09
1.1111112,0.0015680651,9.754532e-07,2.427527e-09
1.1111112,0.001575668,9.750903e-07,2.4061602e-09
1.1111112,0.0015797005,9.749062e-07,2.3953852e-09
1.1111112,0.0015774352,9.747297e-07,2.3944537e-09
1.1111112,0.0015557461,9.751426e-07,2.4395548e-09
1.1111112,0.0015456339,9.754998e-07,2.4632374e-09
1.1111112,0.0015479939,9.758775e-07,2.4679963e-09
1.1111112,0.0015686679,9.75643e-07,2.4289621e-09
1.1111112,0.0015725994,9.754123e-07,2.4172742e-09
1.1111112,0.0015561862,9.755034e-07,2.4451678e-09
1.1111112,0.0015531497,9.754347e-07,2.4488507e-09
1.1111112,0.0015705447,9.75219e-07,2.415808e-09
1.1111112,0.0015545755,9.756803e-07,2.4529359e-09
1.1111112,0.0015785292,9.749418e-07,2.3961437e-09
1.1111112,0.0015662311,9.751724e-07,2.422347e-09
1.1111112,0.0015843079,9.74596e-07,2.3788258e-09
1.1111112,0.0015827123,9.744602e-07,2.3796745e-09
1.1111112,0.0015622119,9.747057e-07,2.4182483e-09
1.1111112,0.0015765493,9.744491e-07,2.3890796e-09
1.1111112,0.0015689122,9.749828e-07,2.414984e-09
1.1111112,0.0015796407,9.747187e-07,2.3908162e-09
1.1111112,0.0015690062,9.748692e-07,2.4124105e-09
1.1111112,0.0015704265,9.747429e-07,2.4053763e-09
1.1111112,0.001576676,9.746369e-07,2.393253e-09
1.1111112,0.0015198978,9.761774e-07,2.5220581e-09
1.1111112,0.0014737891,9.774312e-07,2.6268057e-09
1.1111112,0.0015063353,9.773734e-07,2.563496e-09
1.1111112,0.0014951221,9.785933e-07,2.6156786e-09
1.1111112,0.0014113806,9.807142e-07,2.8157907e-09
1.1111112,0.001535175,9.782556e-07,2.5203286e-09
1.1111112,0.0015330886,9.79234e-07,2.568617e-09
1.1111112,0.0015407539,9.783676e-07,2.5338682e-09
1.1111112,0.0015528168,9.777334e-07,2.4985025e-09
1.1111112,0.0015614086,9.767044e-07,2.4607798e-09
1.1111112,0.0015675635,9.758925e-07,2.4338649e-09
1.1111112,0.0015637972,9.755574e-07,2.4332294e-09
1.1111112,0.0015754888,9.75046e-07,2.4034539e-09
1.1111112,0.0015790465,9.748321e-07,2.3942115e-09
1.1111112,0.0015357219,9.758367e-07,2.4881375e-09
1.1111112,0.0015300291,9.764973e-07,2.5151825e-09
1.1111112,0.0015558113,9.770879e-07,2.4866353e-09
1.1111112,0.0015309056,9.781335e-07,2.5524083e-09
1.1111112,0.0015528692,9.775868e-07,2.4989693e-09
1.1111112,0.0015494922,9.77824e-07,2.5117044e-09
1.1111112,0.0015585354,9.76443e-07,2.4620006e-09
1.1111112,0.0015271633,9.770952e-07,2.5308855e-09
1.1111112,0.0015492466,9.763131e-07,2.4745996e-09
1.1111112,0.0015548137,9.765589e-07,2.4723963e-09
1.1111112,0.0015289389,9.770919e-07,2.5262696e-09
1.1111112,0.0015549033,9.762834e-07,2.4623295e-09
1.1111112,0.0015222845,9.771535e-07,2.538873e-09
1.1111112,0.0015470491,9.763152e-07,2.4761106e-09
1.1111112,0.0015351136,9.770044e-07,2.5142226e-09
1.1111112,0.0015286128,9.773323e-07,2.5325027e-09
1.1111112,0.0014947725,9.782144e-07,2.6111278e-09
1.1111112,0.001556361,9.76732e-07,2.4683997e-09
1.1111112,0.0015309028,9.777796e-07,2.541425e-09
1.1111112,0.0015327468,9.771719e-07,2.5198348e-09
1.1111112,0.0015336265,9.770396e-07,2.5166746e-09
1.1111112,0.0015493616,9.767845e-07,2.4851095e-09
1.1111112,0.0015442559,9.770732e-07,2.501846e-09
1.1111112,0.0015473061,9.766763e-07,2.4856266e-09
1.1111112,0.0015594901,9.761399e-07,2.4539184e-09
1.1111112,0.0015377362,9.766819e-07,2.5035656e-09
1.1111112,0.0015639444,9.757825e-07,2.4381581e-09
1.1111112,0.0015767757,9.756914e-07,2.4175364e-09
1.1111112,0.0015767711,9.753024e-07,2.4086257e-09
1.1111112,0.001556865,9.7552e-07,2.4460403e-09
1.1111112,0.0015497289,9.757395e-07,2.4638431e-09
1.1111112,0.0015788538,9.75427e-07,2.4094202e-09
1.1111112,0.0015822406,9.752465e-07,2.399798e-09
1.1111112,0.0015098469,9.769184e-07,2.557553e-09
1.1111112,0.0015358928,9.763893e-07,2.4974942e-09
1.1111112,0.0015089527,9.778879e-07,2.5793427e-09
1.1111112,0.0014440662,9.795829e-07,2.7302776e-09
1.1111112,0.0014658947,9.793624e-07,2.6768732e-09
1.1111112,0.0014558382,9.804635e-07,2.7247815e-09
1.1111112,0.0014705206,9.802297e-07,2.6903038e-09
1.1111112,0.001499568,9.798988e-07,2.634197e-09
1.1111112,0.0015118817,9.793644e-07,2.6024538e-09
1.1111112,0.0015432548,9.780875e-07,2.5191176e-09
1.1111112,0.0015329097,9.777128e-07,2.531599e-09
1.1111112,0.0015527518,9.767285e-07,2.4767481e-09
1.1111112,0.001518078,9.774685e-07,2.554295e-09
1.1111112,0.0015135731,9.772522e-07,2.5528826e-09
1.1111112,0.0015307185,9.773211e-07,2.5266402e-09
1.1111112,0.0015383302,9.777201e-07,2.5265667e-09
1.1111112,0.0015377266,9.774923e-07,2.5221278e-09
1.1111112,0.001552209,9.77117e-07,2.4904856e-09
1.1111112,0.0015702214,9.768878e-07,2.458072e-09
1.1111112,0.0015739208,9.76407e-07,2.4415214e-09
1.1111112,0.0015542073,9.765728e-07,2.477712e-09
1.1111112,0.001556908,9.762714e-07,2.4647073e-09
1.1111112,0.0015800564,9.756964e-07,2.413316e-09
1.1111112,0.0015768914,9.755645e-07,2.4161395e-09
1.1111112,0.0015872888,9.749322e-07,2.3829398e-09
1.1111112,0.0015697698,9.750978e-07,2.4165554e-09
1.1111112,0.0015792688,9.747705e-07,2.3937456e-09
1.1111112,0.0015663517,9.75429e-07,2.4309792e-09
1.1111112,0.0015624365,9.755404e-07,2.4380933e-09
1.1111112,0.0015727326,9.751776e-07,2.4128473e-09
1.1111112,0.0015390952,9.761008e-07,2.4893236e-09
1.1111112,0.0015483313,9.759053e-07,2.4675393e-09
1.1111112,0.001547217,9.762311e-07,2.4766542e-09
1.1111112,0.0015660266,9.757118e-07,2.4329456e-09
1.1111112,0.0015408962,9.762573e-07,2.48891e-09
1.1111112,0.0015709786,9.756263e-07,2.4240747e-09
1.1111112,0.0015561559,9.760879e-07,2.4602593e-09
1.1111112,0.0015592104,9.756338e-07,2.4420588e-09
1.1111112,0.0015836396,9.749697e-07,2.3882865e-09
1.1111112,0.0015588473,9.754275e-07,2.4403919e-09
1.1111112,0.0015650704,9.751782e-07,2.4232945e-09
1.1111112,0.0015635128,9.75284e-07,2.4289586e-09
1.1111112,0.0015430321,9.758496e-07,2.4762248e-09
1.1111112,0.0015160703,9.767342e-07,2.5399198e-09
1.1111112,0.0015300051,9.767584e-07,2.5150624e-09
1.1111112,0.001558129,9.767676e-07,2.4710332e-09
1.1111112,0.0015614408,9.766186e-07,2.4621272e-09
1.1111112,0.0015664904,9.758757e-07,2.4369353e-09
1.1111112,0.0015834987,9.751891e-07,2.3939875e-09
1.1111112,0.0015852904,9.749622e-07,2.3877078e-09
1.1111112,0.001572845,9.748451e-07,2.4044449e-09
1.1111112,0.001584347,9.74425e-07,2.3767757e-09
1.1111112,0.0015840332,9.744565e-07,2.3784081e-09
1.1111112,0.0015478618,9.751203e-07,2.451015e-09
1.1111112,0.001566043,9.748767e-07,2.4159381e-09
1.1111112,0.0015600161,9.755073e-07,2.4408804e-09
1.1111112,0.001571607,9.752524e-07,2.4150526e-09
1.1111112,0.0015476807,9.759668e-07,2.4724722e-09
1.1111112,0.0015534868,9.759593e-07,2.4618227e-09
1.1111112,0.0015637777,9.758178e-07,2.4410758e-09
1.1111112,0.0015662011,9.756019e-07,2.4308449e-09
1.1111112,0.0015143654,9.765776e-07,2.5393296e-09
1.1111112,0.001544242,9.759223e-07,2.4712419e-09
1.1111112,0.001552768,9.762462e-07,2.466777e-09
1.1111112,0.0015413512,9.764383e-07,2.4898026e-09
1.1111112,0.0015175641,9.768928e-07,2.539566e-09
1.1111112,0.0015591821,9.759858e-07,2.4479014e-09
1.1111112,0.0015318866,9.769652e-07,2.5192681e-09
1.1111112,0.0015414496,9.766858e-07,2.4956508e-09
1.1111112,0.0015588985,9.763561e-07,2.4592317e-09
1.1111112,0.0015679592,9.759632e-07,2.435411e-09
1.1111112,0.0015590343,9.757306e-07,2.4460867e-09
1.1111112,0.001573748,9.753156e-07,2.4132336e-09
1.1111112,0.0015512176,9.758106e-07,2.4624993e-09
1.1111112,0.0015435055,9.758645e-07,2.4740627e-09
1.1111112,0.0015641963,9.756598e-07,2.435574e-09
1.1111112,0.0015458188,9.76464e-07,2.4872295e-09
1.1111112,0.0015510648,9.761046e-07,2.4678077e-09
1.1111112,0.0015598155,9.759909e-07,2.4507658e-09
1.1111112,0.0015738084,9.757417e-07,2.4224616e-09
1.1111112,0.0015334346,9.765384e-07,2.508317e-09
1.1111112,0.0015007363,9.770824e-07,2.5740947e-09
1.1111112,0.001548237,9.770414e-07,2.4915305e-09
1.1111112,0.0015479106,9.777407e-07,2.5120876e-09
1.1111112,0.0015622334,9.769409e-07,2.4666065e-09
1.1111112,0.0015548856,9.766354e-07,2.4711422e-09
1.1111112,0.0014880837,9.77793e-07,2.6116473e-09
1.1111112,0.0015554336,9.762406e-07,2.4575249e-09
1.1111112,0.0015308512,9.777725e-07,2.541483e-09
1.1111112,0.0015409513,9.772355e-07,2.5094116e-09
1.1111112,0.0015517983,9.769911e-07,2.4860574e-09
1.1111112,0.0015526173,9.770023e-07,2.4860527e-09
1.1111112,0.0015767376,9.761308e-07,2.4240745e-09
1.1111112,0.0015747029,9.755109e-07,2.4143434e-09
1.1111112,0.0015683295,9.751166e-07,2.417284e-09
1.1111112,0.001570312,9.75269e-07,2.419304e-09
1.1111112,0.0015682451,9.754699e-07,2.4287126e-09
1.1111112,0.001560643,9.754418e-07,2.4386002e-09
1.1111112,0.0015466344,9.758104e-07,2.4683777e-09
1.1111112,0.0015565049,9.755424e-07,2.4449764e-09
1.1111112,0.0015727753,9.754121e-07,2.417509e-09
1.1111112,0.0015625036,9.758942e-07,2.447337e-09
1.1111112,0.0015508505,9.757416e-07,2.4608935e-09
1.1111112,0.0015573233,9.757955e-07,2.4516635e-09
1.1111112,0.0015492516,9.762368e-07,2.474869e-09
1.1111112,0.0015320418,9.765383e-07,2.5080875e-09
1.1111112,0.0015357131,9.763933e-07,2.497242e-09
1.1111112,0.0015110268,9.770212e-07,2.55301e-09
1.1111112,0.001542659,9.765014e-07,2.486608e-09
1.1111112,0.0015239147,9.773958e-07,2.5412805e-09
1.1111112,0.0015540901,9.764343e-07,2.4676001e-09
1.1111112,0.0015432606,9.768348e-07,2.4973743e-09
1.1111112,0.0015523836,9.764306e-07,2.4718776e-09
1.1111112,0.0015572716,9.762834e-07,2.4609257e-09
1.1111112,0.0015498716,9.761494e-07,2.4700115e-09
1.1111112,0.0015437665,9.761029e-07,2.4781854e-09
1.1111112,0.0015743963,9.754831e-07,2.415223e-09
1.1111112,0.0015709694,9.756692e-07,2.4273599e-09
1.1111112,0.0015711902,9.753602e-07,2.418685e-09
1.1111112,0.0015622803,9.754774e-07,2.4363223e-09
1.1111112,0.0015503537,9.758254e-07,2.4642564e-09
1.1111112,0.0015483763,9.760599e-07,2.4724205e-09
1.1111112,0.0015812592,9.755388e-07,2.4067515e-09
1.1111112,0.0015792575,9.754307e-07,2.4085798e-09
1.1111112,0.0015659787,9.754048e-07,2.4287916e-09
1.1111112,0.0015646939,9.751965e-07,2.4257407e-09
1.1111112,0.0015681651,9.752672e-07,2.4213676e-09
1.1111112,0.0015685477,9.751947e-07,2.4197655e-09
1.1111112,0.0015421435,9.758346e-07,2.4766922e-09
1.1111112,0.0015669785,9.753118e-07,2.4234375e-09
1.1111112,0.0015593639,9.757641e-07,2.447608e-09
1.1111112,0.0015603185,9.754644e-07,2.4371218e-09
1.1111112,0.0015478177,9.757473e-07,2.464351e-09
1.1111112,0.0015681615,9.75323e-07,2.4213442e-09
1.1111112,0.0015578603,9.757455e-07,2.4492426e-09
1.1111112,0.0015539405,9.757641e-07,2.4554356e-09
1.1111112,0.0015665203,9.75416e-07,2.4269342e-09
1.1111112,0.0015619255,9.754124e-07,2.4339024e-09
1.1111112,0.0015704475,9.751222e-07,2.4131008e-09
1.1111112,0.0015721413,9.751074e-07,2.4112876e-09
1.1111112,0.001555844,9.75377e-07,2.4439555e-09
1.1111112,0.0015720949,9.749456e-07,2.4067432e-09
1.1111112,0.0015660297,9.752412e-07,2.4250468e-09
1.1111112,0.0015701856,9.752004e-07,2.417399e-09
1.1111112,0.0015529824,9.755464e-07,2.4522766e-09
1.1111112,0.0015605993,9.753379e-07,2.43465e-09
1.1111112,0.0015623993,9.75537e-07,2.437247e-09
1.1111112,0.001559318,9.756916e-07,2.4452422e-09
1.1111112,0.0015559656,9.756227e-07,2.4476223e-09
1.1111112,0.0014701196,9.778937e-07,2.647454e-09
1.1111112,0.001504953,9.777389e-07,2.5744966e-09
1.1111112,0.0015124793,9.786177e-07,2.5861644e-09
1.1111112,0.0015345346,9.781436e-07,2.5370268e-09
1.1111112,0.001532218,9.777482e-07,2.5317246e-09
1.1111112,0.001543307,9.76751e-07,2.4915887e-09
1.1111112,0.0015491478,9.765182e-07,2.4786813e-09
1.1111112,0.0015566739,9.760694e-07,2.4562739e-09
1.1111112,0.0015586038,9.759056e-07,2.4501208e-09
1.1111112,0.0015670396,9.755594e-07,2.4289581e-09
1.1111112,0.0015767587,9.752636e-07,2.406991e-09
1.1111112,0.0015876638,9.747131e-07,2.3773377e-09
1.1111112,0.0015824938,9.74542e-07,2.3824993e-09
1.1111112,0.0015481744,9.752449e-07,2.4542706e-09
1.1111112,0.0015555861,9.753508e-07,2.4446596e-09
1.1111112,0.0015675976,9.759257e-07,2.4408702e-09
1.1111112,0.0015822299,9.754676e-07,2.4051594e-09
1.1111112,0.0015781804,9.75198e-07,2.4045728e-09
1.1111112,0.0015943923,9.743485e-07,2.3588547e-09
1.1111112,0.0015946507,9.74133e-07,2.3548137e-09
1.1111112,0.0015996804,9.737541e-07,2.3379902e-09
1.1111112,0.0016044765,9.734181e-07,2.322536e-09
1.1111112,0.0015871952,9.735833e-07,2.3544593e-09
1.1111112,0.0015740927,9.73862e-07,2.382296e-09
1.1111112,0.001555353,9.74661e-07,2.4290616e-09
1.1111112,0.0015751581,9.744306e-07,2.3903468e-09
1.1111112,0.0015513919,9.752378e-07,2.447674e-09
1.1111112,0.0015538605,9.752378e-07,2.4431588e-09
1.1111112,0.0015490763,9.758794e-07,2.4665938e-09
1.1111112,0.0015577892,9.757437e-07,2.4482008e-09
1.1111112,0.0015502606,9.758627e-07,2.462579e-09
1.1111112,0.0015481922,9.757268e-07,2.4612647e-09
1.1111112,0.0014979177,9.76876e-07,2.5719853e-09
1.1111112,0.0015256328,9.762929e-07,2.5083031e-09
1.1111112,0.0015240135,9.772115e-07,2.5352047e-09
1.1111112,0.0015204994,9.773624e-07,2.5431817e-09
1.1111112,0.001501402,9.777558e-07,2.5845834e-09
1.1111112,0.00152512,9.775433e-07,2.5385625e-09
1.1111112,0.0015530394,9.772244e-07,2.4874898e-09
1.1111112,0.0015419782,9.772839e-07,2.5084401e-09
1.1111112,0.0015431696,9.765852e-07,2.4890239e-09
1.1111112,0.0015593476,9.761903e-07,2.454803e-09
1.1111112,0.0015596759,9.761029e-07,2.4533846e-09
1.1111112,0.0015522462,9.759873e-07,2.4628142e-09
1.1111112,0.0015290175,9.764008e-07,2.5106102e-09
1.1111112,0.0015398328,9.763075e-07,2.489551e-09
1.1111112,0.0015360707,9.768477e-07,2.5095943e-09
1.1111112,0.0015572727,9.765625e-07,2.4686873e-09
1.1111112,0.0015469658,9.766873e-07,2.488867e-09
1.1111112,0.0015089967,9.773972e-07,2.568366e-09
1.1111112,0.0015525962,9.765996e-07,2.4745144e-09
1.1111112,0.0015561846,9.769835e-07,2.4813813e-09
1.1111112,0.0015344819,9.77032e-07,2.5160025e-09
1.1111112,0.0015337354,9.766146e-07,2.5060742e-09
1.1111112,0.0015588828,9.762442e-07,2.4568267e-09
1.1111112,0.001546161,9.765776e-07,2.4865987e-09
1.1111112,0.0015546028,9.759538e-07,2.4578113e-09
1.1111112,0.0015404047,9.764547e-07,2.4933433e-09
1.1111112,0.0015456773,9.764008e-07,2.4824949e-09
1.1111112,0.0015638433,9.761046e-07,2.446884e-09
1.1111112,0.0015681674,9.758215e-07,2.4339624e-09
1.1111112,0.0015671827,9.755368e-07,2.4286388e-09
1.1111112,0.0015613543,9.753843e-07,2.4350817e-09
1.1111112,0.0015741427,9.751648e-07,2.409761e-09
1.1111112,0.0015558512,9.757919e-07,2.4554498e-09
1.1111112,0.0015634135,9.752931e-07,2.4295932e-09
1.1111112,0.0015646953,9.754568e-07,2.4317306e-09
1.1111112,0.0015498163,9.759594e-07,2.467794e-09
1.1111112,0.0015720178,9.753453e-07,2.4165316e-09
1.1111112,0.0015619099,9.75565e-07,2.4389493e-09
1.1111112,0.0015647757,9.754401e-07,2.4305526e-09
1.1111112,0.0015577491,9.756058e-07,2.4459512e-09
1.1111112,0.0015644727,9.754383e-07,2.430919e-09
1.1111112,0.001562383,9.754514e-07,2.4355973e-09
1.1111112,0.0015709365,9.751798e-07,2.4145552e-09
1.1111112,0.0015618833,9.75379e-07,2.4332805e-09
1.1111112,0.0015571269,9.753492e-07,2.440257e-09
1.1111112,0.0015619963,9.753063e-07,2.4313969e-09
1.1111112,0.0015646098,9.752598e-07,2.4263145e-09
1.1111112,0.0015564234,9.755296e-07,2.4461708e-09
1.1111112,0.001536694,9.759278e-07,2.487544e-09
1.1111112,0.0015580184,9.756376e-07,2.4445472e-09
1.1111112,0.0015536556,9.760861e-07,2.463401e-09
1.1111112,0.001566308,9.755036e-07,2.4281661e-09
1.1111112,0.0015592875,9.756283e-07,2.4434847e-09
1.1111112,0.0015799926,9.750014e-07,2.3955817e-09
1.1111112,0.001557092,9.75537e-07,2.4461102e-09
1.1111112,0.0015651769,9.751482e-07,2.422666e-09
1.1111112,0.0015521295,9.75604e-07,2.455244e-09
1.1111112,0.0015627624,9.753678e-07,2.4316145e-09
1.1111112,0.0015640355,9.755445e-07,2.434394e-09
1.1111112,0.0015711461,9.753436e-07,2.41744e-09
1.1111112,0.001559924,9.75379e-07,2.4368196e-09
1.1111112,0.0015718659,9.74979e-07,2.4077076e-09
1.1111112,0.0015612579,9.75325e-07,2.4347706e-09
1.1111112,0.0015739736,9.750831e-07,2.4084328e-09
1.1111112,0.0015423057,9.758162e-07,2.476419e-09
1.1111112,0.0015435944,9.757397e-07,2.4715674e-09
1.1111112,0.0015555966,9.759483e-07,2.4563909e-09
1.1111112,0.0015614221,9.759558e-07,2.447197e-09
1.1111112,0.0015548575,9.759e-07,2.455267e-09
1.1111112,0.0015643275,9.754942e-07,2.4312528e-09
1.1111112,0.0015532708,9.757046e-07,2.4549818e-09
1.1111112,0.0015579034,9.755425e-07,2.443615e-09
1.1111112,0.0015712746,9.752858e-07,2.4160431e-09
1.1111112,0.0014423034,9.788062e-07,2.7195304e-09
1.1111112,0.0015302099,9.775431e-07,2.5207905e-09
1.1111112,0.0015131091,9.801007e-07,2.62304e-09
1.1111112,0.0015303673,9.797027e-07,2.5803677e-09
1.1111112,0.0015307908,9.794225e-07,2.571976e-09
1.1111112,0.001557181,9.77461e-07,2.4834268e-09
1.1111112,0.0015690974,9.766652e-07,2.450297e-09
1.1111112,0.001573284,9.760375e-07,2.4299072e-09
1.1111112,0.0015556972,9.759054e-07,2.454944e-09
1.1111112,0.00157384,9.751388e-07,2.4078497e-09
1.1111112,0.0015521841,9.75725e-07,2.4581819e-09
1.1111112,0.0015624366,9.75351e-07,2.4322548e-09
1.1111112,0.0015585362,9.757491e-07,2.4484859e-09
1.1111112,0.0015614416,9.756468e-07,2.4407407e-09
1.1111112,0.0015737888,9.755108e-07,2.418791e-09
1.1111112,0.0015803386,9.757451e-07,2.4162268e-09
1.1111112,0.0015620035,9.757468e-07,2.444892e-09
1.1111112,0.0015649413,9.754694e-07,2.4330897e-09
1.1111112,0.0015531968,9.758324e-07,2.45972e-09
1.1111112,0.001574058,9.752576e-07,2.4106712e-09
1.1111112,0.0015462103,9.758328e-07,2.4700875e-09
1.1111112,0.0015519786,9.755091e-07,2.4514677e-09
1.1111112,0.0015586967,9.756506e-07,2.4442304e-09
1.1111112,0.0015717356,9.754032e-07,2.4175966e-09
1.1111112,0.0015632627,9.75351e-07,2.4305251e-09
1.1111112,0.0015774434,9.748952e-07,2.3977214e-09
1.1111112,0.0015675338,9.75111e-07,2.4193687e-09
1.1111112,0.0015724946,9.748544e-07,2.4046833e-09
1.1111112,0.0015586157,9.751817e-07,2.4353188e-09
1.1111112,0.0015637695,9.75044e-07,2.4228786e-09
1.1111112,0.001551658,9.755594e-07,2.4546494e-09
1.1111112,0.0015570512,9.755798e-07,2.4458486e-09
1.1111112,0.001573192,9.752858e-07,2.413192e-09
1.1111112,0.001590493,9.747894e-07,2.3743691e-09
1.1111112,0.0015696057,9.748896e-07,2.4111506e-09
1.1111112,0.0015868249,9.743896e-07,2.3726356e-09
1.1111112,0.001538066,9.757641e-07,2.483538e-09
1.1111112,0.0015263202,9.759594e-07,2.5037625e-09
1.1111112,0.001473229,9.777799e-07,2.6355484e-09
1.1111112,0.0015083208,9.774107e-07,2.561213e-09
1.1111112,0.0014436179,9.799177e-07,2.738356e-09
1.1111112,0.0015044387,9.787484e-07,2.59307e-09
1.1111112,0.0015567628,9.782835e-07,2.5029756e-09
1.1111112,0.0015588221,9.777314e-07,2.490808e-09
1.1111112,0.001569767,9.764623e-07,2.4417128e-09
1.1111112,0.0015562137,9.760525e-07,2.4570754e-09
1.1111112,0.0015444488,9.759558e-07,2.4742182e-09
1.1111112,0.0015500946,9.757398e-07,2.4592888e-09
1.1111112,0.0015565642,9.757156e-07,2.4488922e-09
1.1111112,0.0015544682,9.759467e-07,2.4585898e-09
1.1111112,0.0015741728,9.75392e-07,2.4139104e-09
1.1111112,0.0015643633,9.75857e-07,2.442911e-09
1.1111112,0.0015787194,9.754382e-07,2.4092872e-09
1.1111112,0.0015690629,9.757281e-07,2.4337254e-09
1.1111112,0.0015702139,9.754394e-07,2.424283e-09
1.1111112,0.0015747522,9.755364e-07,2.420074e-09
1.1111112,0.0015603591,9.754957e-07,2.4401219e-09
1.1111112,0.0015646566,9.752131e-07,2.4257913e-09
1.1111112,0.0015557446,9.754458e-07,2.4450515e-09
1.1111112,0.001560025,9.753714e-07,2.4360576e-09
1.1111112,0.0015758091,9.75178e-07,2.4070554e-09
1.1111112,0.0015650003,9.754664e-07,2.431902e-09
1.1111112,0.001558675,9.753713e-07,2.4397355e-09
1.1111112,0.0015604098,9.7547e-07,2.4384375e-09
1.1111112,0.0015577937,9.756506e-07,2.446511e-09
1.1111112,0.0015478368,9.7579e-07,2.4650184e-09
1.1111112,0.0015583085,9.75591e-07,2.4434519e-09
1.1111112,0.0015541647,9.7579e-07,2.4552813e-09
1.1111112,0.0015826181,9.751203e-07,2.3929148e-09
1.1111112,0.0015436929,9.758869e-07,2.4757336e-09
1.1111112,0.0015773113,9.748339e-07,2.3952893e-09
1.1111112,0.0015632613,9.75524e-07,2.4361502e-09
1.1111112,0.0015632292,9.753101e-07,2.4295934e-09
1.1111112,0.0015483765,9.756803e-07,2.4628988e-09
1.1111112,0.001560051,9.754515e-07,2.437568e-09
1.1111112,0.0015473409,9.758627e-07,2.4676718e-09
1.1111112,0.001544634,9.759353e-07,2.473449e-09
1.1111112,0.0015611287,9.757007e-07,2.441495e-09
1.1111112,0.0015709798,9.754999e-07,2.4215518e-09
1.1111112,0.0015711625,9.753101e-07,2.4169282e-09
1.1111112,0.0015757702,9.749641e-07,2.4020743e-09
1.1111112,0.0015777327,9.747373e-07,2.3939741e-09
1.1111112,0.0015368478,9.756059e-07,2.4804092e-09
1.1111112,0.0015566228,9.751316e-07,2.4353515e-09
1.1111112,0.0015670314,9.756283e-07,2.4325884e-09
1.1111112,0.0015585993,9.75751e-07,2.44744e-09
1.1111112,0.0015507701,9.757753e-07,2.4597815e-09
1.1111112,0.001551067,9.757882e-07,2.4598281e-09
1.1111112,0.0015710683,9.754253e-07,2.4196265e-09
1.1111112,0.0015568623,9.757231e-07,2.4499855e-09
1.1111112,0.0015711564,9.751965e-07,2.4140716e-09
1.1111112,0.0015688487,9.752579e-07,2.4204254e-09
1.1111112,0.0015737726,9.748917e-07,2.4033395e-09
1.1111112,0.0015688629,9.748991e-07,2.411256e-09
1.1111112,0.001560826,9.750106e-07,2.4270694e-09
1.1111112,0.0015687261,9.749009e-07,2.4114306e-09
1.1111112,0.001547517,9.75563e-07,2.461584e-09
1.1111112,0.001559563,9.754813e-07,2.4402054e-09
1.1111112,0.001556287,9.757027e-07,2.4503874e-09
1.1111112,0.0015669113,9.753211e-07,2.42359e-09
1.1111112,0.0015688532,9.753305e-07,2.4214968e-09
1.1111112,0.0015586633,9.754775e-07,2.4416351e-09
1.1111112,0.0015641822,9.752561e-07,2.427032e-09
1.1111112,0.0015542136,9.754942e-07,2.4483182e-09
1.1111112,0.0015640847,9.752711e-07,2.4274485e-09
1.1111112,0.0015647223,9.753398e-07,2.4281155e-09
1.1111112,0.0015535669,9.755352e-07,2.4506073e-09
1.1111112,0.0015661012,9.752318e-07,2.423179e-09
1.1111112,0.0015752083,9.751966e-07,2.4084192e-09
1.1111112,0.0015534795,9.756618e-07,2.4541111e-09
1.1111112,0.0015731627,9.749808e-07,2.4056417e-09
1.1111112,0.0015590923,9.7555e-07,2.4433446e-09
1.1111112,0.0015707735,9.751147e-07,2.4132063e-09
1.1111112,0.0015709673,9.751222e-07,2.4132434e-09
1.1111112,0.0015603579,9.75178e-07,2.4317541e-09
1.1111112,0.001557979,9.752505e-07,2.4368987e-09
1.1111112,0.0015483839,9.756972e-07,2.4635e-09
1.1111112,0.0015679876,9.75379e-07,2.4234699e-09
1.1111112,0.0015506763,9.759558e-07,2.4657563e-09
1.1111112,0.0015665742,9.753993e-07,2.4250697e-09
1.1111112,0.0015685864,9.753323e-07,2.4219262e-09
1.1111112,0.0015517066,9.756841e-07,2.45746e-09
1.1111112,0.0015606551,9.753305e-07,2.4338835e-09
1.1111112,0.0015523955,9.756933e-07,2.4558249e-09
1.1111112,0.0015679196,9.753956e-07,2.4234375e-09
1.1111112,0.0015452903,9.758329e-07,2.4708178e-09
1.1111112,0.0015729389,9.75085e-07,2.407804e-09
1.1111112,0.001555339,9.75604e-07,2.4493174e-09
1.1111112,0.0015581171,9.752822e-07,2.4378426e-09
1.1111112,0.0015529883,9.758049e-07,2.4587772e-09
1.1111112,0.0015650785,9.756618e-07,2.4347286e-09
1.1111112,0.0015700856,9.75539e-07,2.423285e-09
1.1111112,0.001553095,9.755278e-07,2.4515283e-09
1.1111112,0.0015606685,9.75379e-07,2.4352862e-09
1.1111112,0.0015558529,9.755929e-07,2.447809e-09
1.1111112,0.0015632977,9.753528e-07,2.4299736e-09
1.1111112,0.0015261007,9.763934e-07,2.5165219e-09
1.1111112,0.0015555574,9.757529e-07,2.4522104e-09
1.1111112,0.0015439781,9.768162e-07,2.4975741e-09
1.1111112,0.001536397,9.77023e-07,2.5120703e-09
1.1111112,0.0015557003,9.766187e-07,2.4704114e-09
1.1111112,0.0015231522,9.772747e-07,2.5400644e-09
1.1111112,0.0015516875,9.764678e-07,2.4725142e-09
1.1111112,0.0015688854,9.763374e-07,2.4441265e-09
1.1111112,0.0015641828,9.761513e-07,2.4475377e-09
1.1111112,0.0015452005,9.761345e-07,2.476494e-09
1.1111112,0.0015556365,9.756412e-07,2.4480518e-09
1.1111112,0.0015515012,9.76006e-07,2.4650133e-09
1.1111112,0.0015624173,9.756767e-07,2.438893e-09
1.1111112,0.0015735343,9.753659e-07,2.4138e-09
1.1111112,0.0015679264,9.752802e-07,2.4220053e-09
1.1111112,0.0015516771,9.756784e-07,2.4582945e-09
1.1111112,0.0015903614,9.746256e-07,2.3706226e-09
1.1111112,0.0015968905,9.745158e-07,2.3600562e-09
1.1111112,0.0015996319,9.740477e-07,2.344966e-09
1.1111112,0.0015916193,9.738897e-07,2.3540907e-09
1.1111112,0.001601794,9.735815e-07,2.3318798e-09
1.1111112,0.0015885954,9.737764e-07,2.357398e-09
1.1111112,0.0015763644,9.739678e-07,2.3796658e-09
1.1111112,0.0015817842,9.740273e-07,2.3728126e-09
1.1111112,0.0015654049,9.747503e-07,2.4158509e-09
1.1111112,0.0015587346,9.74953e-07,2.429645e-09
1.1111112,0.0015634011,9.750348e-07,2.4237707e-09
1.1111112,0.0015666086,9.750794e-07,2.4195443e-09
1.1111112,0.0015511512,9.75457e-07,2.452291e-09
1.1111112,0.0015446796,9.756654e-07,2.468147e-09
1.1111112,0.001565806,9.755445e-07,2.4304643e-09
1.1111112,0.001558932,9.75578e-07,2.4418445e-09
1.1111112,0.0015537208,9.754442e-07,2.4460545e-09
1.1111112,0.0015452196,9.756544e-07,2.4653006e-09
1.1111112,0.0015735028,9.751132e-07,2.4068898e-09
1.1111112,0.0015445686,9.758369e-07,2.4718223e-09
1.1111112,0.0015621644,9.752694e-07,2.4287317e-09
1.1111112,0.0015643798,9.754461e-07,2.430854e-09
1.1111112,0.0015486581,9.757066e-07,2.4617013e-09
1.1111112,0.0015639819,9.753082e-07,2.4278421e-09
1.1111112,0.0015568297,9.756561e-07,2.448416e-09
1.1111112,0.0015570861,9.754999e-07,2.4435922e-09
1.1111112,0.0015545059,9.755947e-07,2.4499716e-09
1.1111112,0.0015512974,9.757789e-07,2.4601239e-09
1.1111112,0.0015117866,9.768813e-07,2.5517441e-09
1.1111112,0.0015511164,9.761138e-07,2.4648439e-09
1.1111112,0.0015575244,9.765852e-07,2.4689604e-09
1.1111112,0.0015553565,9.765367e-07,2.4702984e-09
1.1111112,0.0015584525,9.761438e-07,2.4549671e-09
1.1111112,0.0015548893,9.758162e-07,2.4533617e-09
1.1111112,0.0015273867,9.764697e-07,2.5149625e-09
1.1111112,0.0015371031,9.762462e-07,2.4921172e-09
1.1111112,0.001523069,9.76982e-07,2.532856e-09
1.1111112,0.001530569,9.769373e-07,2.51824e-09
1.1111112,0.0015568474,9.763486e-07,2.4616673e-09
1.1111112,0.0015403798,9.767361e-07,2.4995381e-09
1.1111112,0.0015627476,9.759334e-07,2.4425895e-09
1.1111112,0.0015634183,9.758346e-07,2.4410058e-09
1.1111112,0.0015726325,9.753826e-07,2.417025e-09
1.1111112,0.0015543076,9.759146e-07,2.4604567e-09
1.1111112,0.0015357188,9.760673e-07,2.4922124e-09
1.1111112,0.001438995,9.788339e-07,2.7237927e-09
1.1111112,0.0015350331,9.772261e-07,2.5061209e-09
1.1111112,0.0015248789,9.786287e-07,2.569564e-09
1.1111112,0.0015543896,9.775075e-07,2.4912357e-09
1.1111112,0.0015465085,9.774218e-07,2.5041473e-09
1.1111112,0.0015442207,9.767172e-07,2.4918312e-09
1.1111112,0.0015552394,9.763074e-07,2.4650835e-09
1.1111112,0.0015643623,9.759855e-07,2.443605e-09
1.1111112,0.0015742056,9.754848e-07,2.4158402e-09
1.1111112,0.0015438162,9.76032e-07,2.4789277e-09
1.1111112,0.0015443664,9.757993e-07,2.4703652e-09
1.1111112,0.001569693,9.754309e-07,2.4210114e-09
1.1111112,0.0015287314,9.765182e-07,2.514727e-09
1.1111112,0.0015471559,9.760637e-07,2.472449e-09
1.1111112,0.0015680696,9.761975e-07,2.4443223e-09
1.1111112,0.0015539897,9.768866e-07,2.484749e-09
1.1111112,0.0015328212,9.766294e-07,2.5098914e-09
1.1111112,0.0015482885,9.762178e-07,2.473958e-09
1.1111112,0.0015168111,9.771104e-07,2.5472795e-09
1.1111112,0.001454664,9.787575e-07,2.6923035e-09
1.1111112,0.0014886799,9.785279e-07,2.6192688e-09
1.1111112,0.001519112,9.787108e-07,2.5753883e-09
1.1111112,0.0014870651,9.794745e-07,2.6505536e-09
1.1111112,0.0014867112,9.790022e-07,2.6358173e-09
1.1111112,0.001525122,9.78291e-07,2.5547857e-09
1.1111112,0.0015126553,9.78472e-07,2.5842317e-09
1.1111112,0.001489825,9.785074e-07,2.6225533e-09
1.1111112,0.0014837787,9.789965e-07,2.6445293e-09
1.1111112,0.0015212707,9.783114e-07,2.5619886e-09
1.1111112,0.0015542015,9.775745e-07,2.4925666e-09
1.1111112,0.0015295768,9.778022e-07,2.5419826e-09
1.1111112,0.0015227369,9.774684e-07,2.5446514e-09
1.1111112,0.0015087187,9.77815e-07,2.5762599e-09
1.1111112,0.0015417474,9.77386e-07,2.5122227e-09
1.1111112,0.001514922,9.787793e-07,2.594148e-09
1.1111112,0.0015395216,9.776355e-07,2.5213096e-09
1.1111112,0.00153984,9.777641e-07,2.5258249e-09
1.1111112,0.0014830525,9.791415e-07,2.6552907e-09
1.1111112,0.0014681597,9.793733e-07,2.6817384e-09
1.1111112,0.0015253943,9.784751e-07,2.5579745e-09
1.1111112,0.0015061395,9.795208e-07,2.623141e-09
1.1111112,0.0015607998,9.778912e-07,2.4898428e-09
1.1111112,0.0015598977,9.775965e-07,2.4872853e-09
1.1111112,0.0015540445,9.765233e-07,2.4708546e-09
1.1111112,0.0015309524,9.765829e-07,2.5115152e-09
1.1111112,0.0015612881,9.7603e-07,2.4493727e-09
1.1111112,0.0015671813,9.76285e-07,2.448223e-09
1.1111112,0.0015701167,9.759814e-07,2.4357125e-09
1.1111112,0.001561074,9.75879e-07,2.447561e-09
1.1111112,0.0015644868,9.757061e-07,2.438772e-09
1.1111112,0.0015669859,9.756502e-07,2.432983e-09
1.1111112,0.00159428,9.74956e-07,2.3724493e-09
1.1111112,0.0015965757,9.748277e-07,2.3687872e-09
1.1111112,0.0015846329,9.746957e-07,2.3855047e-09
1.1111112,0.0015552364,9.751104e-07,2.4417566e-09
1.1111112,0.0015651797,9.750679e-07,2.4227769e-09
1.1111112,0.0015717027,9.750903e-07,2.4119455e-09
1.1111112,0.0015733604,9.750124e-07,2.406665e-09
1.1111112,0.0015604835,9.752281e-07,2.4337403e-09
1.1111112,0.0015690841,9.751315e-07,2.4171363e-09
1.1111112,0.0015738821,9.749473e-07,2.405119e-09
1.1111112,0.0015664676,9.750365e-07,2.4188613e-09
1.1111112,0.0015475177,9.754701e-07,2.4593971e-09
1.1111112,0.0015645256,9.752412e-07,2.426495e-09
1.1111112,0.0015603058,9.756654e-07,2.4437128e-09
1.1111112,0.0015632083,9.754738e-07,2.4323943e-09
1.1111112,0.0015493382,9.755183e-07,2.4554785e-09
1.1111112,0.0015524414,9.754517e-07,2.448617e-09
1.1111112,0.001562177,9.75474e-07,2.434478e-09
1.1111112,0.0015678905,9.754422e-07,2.4256435e-09
1.1111112,0.0015420435,9.758589e-07,2.4771134e-09
1.1111112,0.0015588874,9.753436e-07,2.4362294e-09
1.1111112,0.0015533242,9.758347e-07,2.4579192e-09
1.1111112,0.0015683402,9.755055e-07,2.4261106e-09
1.1111112,0.0015610623,9.756636e-07,2.4418025e-09
1.1111112,0.0015541285,9.756506e-07,2.4515887e-09
1.1111112,0.0015793699,9.750738e-07,2.398599e-09
1.1111112,0.0015764681,9.752896e-07,2.41034e-09
1.1111112,0.0015913013,9.746481e-07,2.369858e-09
1.1111112,0.0015942802,9.742782e-07,2.3566602e-09
1.1111112,0.0015779289,9.74267e-07,2.3839088e-09
1.1111112,0.001576812,9.742856e-07,2.3863336e-09
1.1111112,0.0015607873,9.74849e-07,2.4248807e-09
1.1111112,0.0015474301,9.752617e-07,2.4546172e-09
1.1111112,0.0015502931,9.75485e-07,2.4544153e-09
1.1111112,0.0015563776,9.757287e-07,2.451299e-09
1.1111112,0.0015554676,9.758087e-07,2.453844e-09
1.1111112,0.0015494488,9.759073e-07,2.4648585e-09
1.1111112,0.0015565108,9.75617e-07,2.447972e-09
1.1111112,0.0015634993,9.757696e-07,2.4404752e-09
1.1111112,0.0015613576,9.758534e-07,2.445643e-09
1.1111112,0.001564177,9.755204e-07,2.431545e-09
1.1111112,0.0015490977,9.756859e-07,2.46034e-09
1.1111112,0.0015573814,9.75353e-07,2.4385634e-09
1.1111112,0.001555373,9.755856e-07,2.4476596e-09
1.1111112,0.0015588993,9.755763e-07,2.4426412e-09
1.1111112,0.0015708408,9.75353e-07,2.4186022e-09
1.1111112,0.0015730839,9.753361e-07,2.4157485e-09
1.1111112,0.0015816742,9.75046e-07,2.3944806e-09
1.1111112,0.0015622298,9.752337e-07,2.4308036e-09
1.1111112,0.0015830651,9.745736e-07,2.381395e-09
1.1111112,0.0015929022,9.7441e-07,2.3632771e-09
1.1111112,0.0014796145,9.774274e-07,2.6235856e-09
1.1111112,0.0014829707,9.78248e-07,2.6247504e-09
1.1111112,0.0014974236,9.793775e-07,2.626401e-09
1.1111112,0.001490539,9.802765e-07,2.6609317e-09
1.1111112,0.0015188286,9.796261e-07,2.595602e-09
1.1111112,0.0014993636,9.802411e-07,2.647379e-09
1.1111112,0.0015140834,9.795326e-07,2.6022948e-09
1.1111112,0.0015209803,9.792019e-07,2.5849898e-09
1.1111112,0.001504473,9.793739e-07,2.6180234e-09
1.1111112,0.0015017109,9.792114e-07,2.6166906e-09
1.1111112,0.001470144,9.802224e-07,2.69526e-09
1.1111112,0.0014302311,9.817004e-07,2.7984288e-09
1.1111112,0.0015336757,9.798672e-07,2.5646854e-09
1.1111112,0.00148583,9.812212e-07,2.6954117e-09
1.1111112,0.0015047467,9.801623e-07,2.6322127e-09
