0.7182488,0.37532824,0.2594914,0.51947427
0.7182688,0.37533525,0.2594978,0.5194775
0.71828896,0.37534198,0.25950384,0.51948065
0.71830904,0.37534872,0.25950986,0.51948375
0.71832925,0.37535533,0.25951573,0.5194869
0.7183494,0.37536195,0.25952163,0.51948994
0.7183753,0.37536737,0.25952542,0.51949286
0.7183912,0.37537274,0.2595306,0.51949567
0.7184105,0.37537992,0.2595369,0.5194989
0.7184307,0.37538657,0.25954205,0.519502
0.71845686,0.37539196,0.25954577,0.5195049
0.7184727,0.3753974,0.25955108,0.5195077
0.7184921,0.37540466,0.2595571,0.5195109
0.71851206,0.3754115,0.25956312,0.5195141
0.7185321,0.37541825,0.2595689,0.5195171
0.71855223,0.37542474,0.25957465,0.51952016
0.7185725,0.37543112,0.25958022,0.51952326
0.7185927,0.37543765,0.2595858,0.51952624
0.71861285,0.37544402,0.25959128,0.51952934
0.7186331,0.3754503,0.2595967,0.5195323
0.7186533,0.37545663,0.25960204,0.5195353
0.7186795,0.37546182,0.2596055,0.51953816
0.7186953,0.37546694,0.25961044,0.51954097
0.7187148,0.37547395,0.2596163,0.5195441
0.71873456,0.37548077,0.25962225,0.5195472
0.71875465,0.37548742,0.259628,0.51955026
0.7187747,0.37549403,0.25963378,0.51955336
0.7188008,0.37549916,0.25963724,0.5195561
0.7188345,0.3755009,0.25963607,0.5195584
0.7188586,0.37550113,0.25963464,0.51956034
0.71887505,0.3755046,0.259637,0.51956296
0.7188829,0.3755129,0.25964537,0.5195663
0.7189056,0.37552255,0.2596531,0.51956993
0.7189317,0.3755282,0.25965744,0.51957273
0.71895343,0.37553254,0.25966093,0.5195753
0.71901,0.37553024,0.25965235,0.519577
0.71901053,0.37552786,0.259652,0.5195783
0.71901006,0.37553942,0.25966358,0.51958257
0.7190301,0.37555274,0.2596753,0.51958674
0.71904284,0.37556335,0.2596868,0.5195902
0.71906656,0.3755727,0.2596953,0.5195937
0.71956295,0.3754844,0.25953782,0.51958185
0.7195799,0.37533313,0.259391,0.51955533
0.71931165,0.37533253,0.25940984,0.5195603
0.71929926,0.37541085,0.25947168,0.51957744
0.7192723,0.3754617,0.25953034,0.5195855
0.71996605,0.37536418,0.25933993,0.519572
0.7194523,0.37526622,0.2593313,0.51955134
0.7193694,0.37538424,0.2594318,0.5195815
0.71933615,0.37546867,0.2595236,0.5195944
0.71932596,0.37552688,0.2595954,0.51960486
0.7193536,0.37556243,0.25963905,0.51961225
0.71935225,0.3755848,0.25967202,0.5196176
0.7193526,0.37560835,0.2597023,0.5196237
0.7193584,0.3756305,0.25972903,0.51962936
0.71938974,0.37564528,0.25974467,0.5196339
0.71940464,0.37565392,0.2597562,0.51963717
0.7194168,0.37566468,0.25976878,0.51964116
0.7194336,0.375676,0.25978085,0.51964515
0.719475,0.37568128,0.25978363,0.5196481
0.71948785,0.37568337,0.25978726,0.51965034
0.7195063,0.37569022,0.25979334,0.5196537
0.71955,0.37569135,0.25978908,0.51965594
0.7195529,0.3756929,0.25979185,0.519658
0.71956325,0.37570408,0.25980258,0.51966214
0.7195679,0.3757172,0.25981668,0.5196662
0.7195824,0.37573132,0.2598313,0.51967055
0.7196013,0.37574086,0.25983918,0.51967394
0.7196198,0.37574995,0.25984868,0.5196774
0.7196388,0.3757582,0.25985688,0.5196807
0.7196582,0.37576553,0.25986397,0.51968384
0.7196776,0.3757727,0.25987065,0.51968694
0.7197152,0.3757759,0.2598705,0.5196895
0.7197455,0.37577435,0.25986692,0.51969105
0.71977544,0.37577292,0.2598625,0.5196929
0.72015566,0.37570187,0.25973698,0.51968366
0.71989876,0.37564078,0.25971746,0.51967245
0.71986455,0.3756987,0.2597626,0.51968867
0.71991706,0.37573054,0.25978687,0.5196943
0.7198756,0.3757511,0.2598201,0.51969856
0.7198855,0.37578106,0.25985196,0.51970583
0.7203022,0.37572122,0.25973672,0.51969814
0.7200757,0.37565038,0.25970775,0.5196849
0.7200091,0.37570348,0.25975418,0.5197003
0.72000176,0.37575352,0.25980398,0.5197094
0.72000194,0.3757882,0.25984514,0.51971626
0.72001845,0.37581244,0.2598741,0.5197219
0.7200164,0.37583214,0.2599006,0.51972693
0.7200345,0.3758504,0.259921,0.519732
0.7200453,0.3758643,0.25993812,0.5197361
0.7200616,0.37587708,0.2599526,0.5197403
0.72008497,0.37588668,0.25996244,0.5197438
0.72011065,0.3758926,0.25996813,0.5197468
0.7201257,0.37589848,0.25997466,0.51974964
0.72014415,0.37590596,0.25998148,0.519753
0.7201628,0.37591338,0.2599885,0.51975614
0.7201772,0.37592044,0.2599949,0.51975936
0.7202008,0.37592837,0.26000145,0.5197626
0.72042865,0.3758932,0.2599356,0.51975906
0.720344,0.37585112,0.25990993,0.5197524
0.7203206,0.37587184,0.2599257,0.51976
0.7203487,0.37589154,0.25994,0.5197648
0.7204404,0.37588543,0.2599227,0.5197653
0.72036076,0.37588888,0.259941,0.51976705
0.72035867,0.37592313,0.25997385,0.5197758
0.72036666,0.375948,0.26000148,0.5197812
0.7203807,0.37596625,0.26002282,0.5197859
0.72039694,0.37598002,0.26003885,0.51979
0.72042024,0.3759899,0.2600493,0.51979345
0.72043407,0.37599808,0.26005897,0.5197967
0.72045195,0.37600717,0.2600681,0.51980025
0.7204824,0.376013,0.26007223,0.51980317
0.72050464,0.37601596,0.26007462,0.5198055
0.7205134,0.37602246,0.26008156,0.5198086
0.7205304,0.376032,0.26009035,0.51981217
0.7205485,0.3760404,0.26009852,0.5198154
0.7205673,0.37604815,0.26010615,0.5198186
0.72058636,0.37605536,0.26011297,0.5198217
0.7206053,0.37606224,0.26011947,0.5198248
0.7206369,0.37606612,0.26012033,0.51982737
0.72065365,0.37606904,0.26012298,0.5198297
0.7206672,0.37607574,0.26012918,0.51983273
0.7206852,0.3760838,0.26013613,0.51983607
0.7207162,0.37608853,0.26013818,0.5198387
0.72073853,0.37609094,0.26013958,0.51984084
0.72075355,0.37609568,0.2601438,0.5198436
0.7207783,0.3761013,0.26014724,0.5198465
0.720799,0.37610555,0.2601504,0.51984906
0.7208193,0.3761104,0.26015404,0.5198517
0.7208392,0.37611565,0.2601581,0.5198545
0.72085905,0.37612128,0.26016262,0.5198573
0.72087276,0.37612814,0.26016933,0.5198603
0.7208909,0.3761363,0.26017657,0.51986355
0.72090966,0.37614363,0.2601833,0.5198666
0.7209228,0.37615168,0.26019177,0.5198698
0.7210057,0.37614766,0.26017767,0.5198711
0.72100025,0.37613887,0.26017264,0.51987106
0.7210054,0.37614784,0.26018,0.519875
0.72100866,0.3761613,0.26019394,0.5198791
0.72102296,0.37617537,0.26020798,0.5198833
0.7210399,0.37618655,0.26021972,0.51988685
0.72106373,0.37619478,0.2602274,0.51989
0.72123796,0.37617037,0.26018023,0.51988804
0.7212278,0.37613124,0.2601462,0.5198824
0.72129756,0.37611613,0.26011553,0.5198833
0.721373,0.37608868,0.260075,0.5198802
0.72145385,0.37605423,0.26002628,0.51987636
0.7215074,0.37602067,0.25998148,0.51987267
0.72154254,0.37599778,0.25994894,0.5198709
0.72155935,0.37598723,0.2599317,0.51987106
0.72157556,0.37598655,0.25992566,0.5198727
0.7215957,0.37598953,0.25992486,0.51987493
0.72140294,0.37603524,0.25999948,0.51988375
0.72137195,0.37612006,0.26008818,0.5199009
0.7213693,0.37617534,0.2601547,0.5199104
0.72136945,0.3762125,0.26020378,0.51991796
0.7213729,0.3762408,0.26024097,0.5199244
0.72140193,0.37625948,0.260263,0.5199294
0.7214092,0.3762718,0.2602807,0.5199332
0.72142434,0.3762852,0.26029626,0.5199376
0.72144073,0.3762966,0.26030937,0.5199415
0.72145796,0.37630647,0.2603203,0.5199451
0.7214697,0.3763166,0.26033217,0.5199488
0.7214864,0.37632677,0.26034272,0.51995254
0.72150373,0.3763359,0.26035228,0.51995593
0.72152174,0.37634414,0.26036057,0.5199593
0.72155195,0.37634927,0.26036373,0.5199621
0.721562,0.37635395,0.26036912,0.5199647
0.72157943,0.376362,0.26037592,0.5199681
0.72160953,0.3763669,0.2603782,0.5199708
0.7216318,0.37636903,0.2603788,0.5199729
0.72165865,0.37637112,0.26037815,0.51997524
0.7216807,0.37637272,0.26037762,0.51997733
0.72171897,0.37637275,0.26037332,0.51997924
0.7220818,0.37630445,0.26025274,0.5199702
0.72191584,0.3762303,0.26020667,0.5199573
0.72191024,0.3762537,0.26021463,0.5199669
0.72188747,0.37627852,0.26023975,0.51997167
0.72190636,0.37630203,0.2602618,0.5199772
0.7219935,0.3763019,0.26025325,0.51997864
0.7220064,0.37629023,0.26024392,0.51997787
0.7219926,0.376297,0.26025268,0.5199813
0.72203344,0.37630683,0.26025662,0.519985
0.7221398,0.3762919,0.26022872,0.51998395
0.7220117,0.37629637,0.2602545,0.51998585
0.72199786,0.37634465,0.2603014,0.51999724
0.7220295,0.37637326,0.26033032,0.5200029
0.72210115,0.37637594,0.26032943,0.52000475
0.72210383,0.37637153,0.26033,0.5200056
0.7221215,0.37637815,0.2603353,0.5200091
0.72236466,0.37634104,0.26026398,0.52000505
0.7221889,0.37631172,0.26026458,0.5200002
0.72215945,0.37636095,0.26030883,0.5200132
0.7221563,0.3763996,0.26035038,0.5200204
0.72222966,0.37641418,0.26036057,0.52002436
0.7221957,0.3764207,0.26037815,0.5200265
0.7221612,0.37645164,0.26041615,0.5200342
0.7221623,0.37648466,0.26045275,0.5200415
0.7222666,0.37649018,0.26044887,0.5200441
0.7222109,0.3764901,0.26046374,0.5200451
0.7222264,0.37651336,0.2604846,0.520052
0.72222835,0.37653044,0.26050517,0.5200563
0.72224164,0.3765468,0.2605232,0.52006096
0.7222572,0.3765595,0.26053753,0.5200648
0.7222745,0.3765695,0.26054835,0.52006835
0.72229195,0.37657863,0.2605582,0.52007174
0.72231567,0.37658554,0.26056457,0.5200748
0.7223295,0.37659207,0.26057172,0.52007765
0.7223591,0.37659734,0.26057476,0.52008057
0.7223686,0.3766023,0.26058054,0.5200831
0.7229127,0.37650818,0.26040715,0.5200703
0.72331595,0.37626708,0.2601117,0.5200291
0.72284496,0.3761709,0.2600661,0.5200158
0.7227708,0.37627017,0.26013717,0.5200405
0.72283965,0.3763221,0.2601763,0.5200479
0.7232145,0.37626463,0.26007214,0.5200387
0.7228491,0.37623173,0.26010138,0.52003205
0.7227722,0.3763358,0.26020095,0.520056
0.7229885,0.3763654,0.26020494,0.5200608
0.72289085,0.3763554,0.26022366,0.52005816
0.7228174,0.3764035,0.26028258,0.5200699
0.7228171,0.3764533,0.26033655,0.52007973
0.72282326,0.37648523,0.26037636,0.52008605
0.7228645,0.376502,0.26039514,0.5200905
0.7230404,0.37647772,0.26035148,0.52008843
0.7231072,0.37642384,0.26029292,0.52008057
0.72307813,0.37640303,0.26027274,0.52007985
0.72309595,0.37640923,0.26027092,0.5200836
0.7229892,0.3764392,0.26031682,0.5200899
0.72308683,0.3764706,0.26033437,0.5200978
0.7231944,0.37645036,0.26030654,0.5200949
0.7230749,0.37645018,0.26032692,0.5200964
0.7230585,0.37649402,0.26036835,0.5201071
0.72293556,0.37655202,0.26044932,0.5201175
0.72291225,0.37662324,0.26052976,0.52013165
0.7229022,0.37667292,0.26059243,0.5201408
0.72290754,0.37670743,0.26063624,0.5201481
0.72293496,0.3767292,0.26066315,0.5201535
0.7229464,0.37674236,0.26068223,0.5201575
0.7229506,0.37675646,0.26070005,0.520162
0.722964,0.37677115,0.2607166,0.52016646
0.7229853,0.37678215,0.26072866,0.5201702
0.7229973,0.3767915,0.26074007,0.52017367
0.72302526,0.37679905,0.26074654,0.52017695
0.72303945,0.3768045,0.26075292,0.5201796
0.72305155,0.37681237,0.26076087,0.52018297
0.72306824,0.3768212,0.2607688,0.5201864
0.72309166,0.37682793,0.2607744,0.5201893
0.7231114,0.37683287,0.2607784,0.52019197
0.72313035,0.37683812,0.2607829,0.5201947
0.7231436,0.3768445,0.26078892,0.5201976
0.72316724,0.37685066,0.26079264,0.5202005
0.7231811,0.37685636,0.26079828,0.5202032
0.72321093,0.37686124,0.26080027,0.5202059
0.72323227,0.3768636,0.26080176,0.520208
0.72325814,0.376866,0.26080188,0.52021027
0.72326154,0.3768716,0.26080856,0.5202129
0.7232829,0.37688062,0.26081565,0.52021635
0.72329545,0.3768882,0.26082355,0.52021927
0.72331274,0.3768966,0.2608315,0.5202225
0.72333646,0.376903,0.26083672,0.5202252
0.72335035,0.3769087,0.26084286,0.52022797
0.72337395,0.3769148,0.26084742,0.5202309
0.7234232,0.3769137,0.2608411,0.5202324
0.72342086,0.37691313,0.26084304,0.52023387
0.723442,0.37692106,0.26084808,0.5202374
0.72345465,0.3769281,0.26085502,0.5202402
0.72347784,0.376935,0.2608603,0.5202431
0.72349143,0.37694114,0.26086673,0.52024585
0.7235089,0.37694857,0.2608735,0.52024895
0.72352695,0.37695554,0.26087987,0.52025175
0.7235454,0.37696207,0.26088586,0.5202547
0.7235638,0.37696832,0.26089162,0.5202575
0.7235765,0.37697548,0.26089898,0.52026045
0.7235935,0.37698373,0.26090667,0.5202636
0.7236113,0.37699106,0.2609136,0.5202666
0.7236295,0.37699783,0.26092002,0.52026945
0.7236478,0.3770043,0.260926,0.5202723
0.7236662,0.37701055,0.26093164,0.5202752
0.7236906,0.3770154,0.26093498,0.52027774
0.7237108,0.37701935,0.260938,0.5202801
0.7237361,0.37702262,0.26093933,0.5202825
0.72374487,0.37702757,0.26094472,0.520285
0.72448915,0.3768959,0.2607027,0.52026594
0.7240144,0.37676007,0.26064476,0.52023995
0.72392845,0.3768492,0.26071194,0.5202651
0.72389346,0.3769201,0.26078516,0.5202759
0.72388375,0.3769708,0.26084566,0.5202849
0.72388226,0.37700698,0.2608921,0.52029204
0.72389084,0.37703353,0.26092595,0.5202979
0.7239031,0.37705252,0.26095024,0.52030265
0.7239238,0.3770659,0.26096615,0.5203066
0.72394127,0.377075,0.26097718,0.5203099
0.72395897,0.3770832,0.2609862,0.52031314
0.72403574,0.37707937,0.26097366,0.5203144
0.7240046,0.3770765,0.2609787,0.5203153
0.7240133,0.37709305,0.26099327,0.52032065
0.72402686,0.37710643,0.26100713,0.5203244
0.72404283,0.3771172,0.2610188,0.52032787
0.72406554,0.37712523,0.26102674,0.520331
0.7240785,0.37713227,0.26103505,0.52033395
0.72409505,0.37714058,0.26104355,0.52033716
0.7241125,0.37714803,0.26105076,0.5203402
0.7241296,0.37715515,0.26105797,0.5203432
0.7241494,0.37715992,0.26106012,0.5203458
0.72417957,0.37716383,0.2610615,0.5203482
0.72423655,0.37715852,0.26104975,0.5203491
0.7242189,0.377157,0.26105267,0.52035034
0.72425413,0.37716544,0.2610553,0.5203541
0.7246832,0.37708926,0.2609166,0.5203433
0.7247295,0.37695432,0.2607787,0.5203203
0.72454774,0.3769331,0.26076743,0.5203212
0.7244406,0.37699792,0.26083207,0.5203353
0.7243939,0.37706876,0.2609098,0.5203477
0.7243797,0.37712342,0.2609753,0.5203575
0.7243823,0.37716153,0.2610235,0.52036494
0.7243911,0.37718776,0.26105782,0.52037066
0.72440356,0.3772068,0.26108238,0.52037543
0.72450644,0.3772042,0.26106995,0.5203769
0.7244574,0.37719908,0.26107755,0.5203773
0.72448057,0.3772167,0.26109087,0.52038306
0.72452027,0.37722185,0.26109302,0.52038527
0.7245145,0.37722695,0.26110226,0.52038777
0.7245391,0.37723732,0.26111063,0.5203916
0.7245516,0.3772447,0.26111907,0.52039444
0.7245919,0.37724864,0.2611194,0.52039695
0.7245977,0.3772509,0.2611237,0.5203989
0.7246019,0.3772611,0.26113477,0.5204026
0.72462153,0.37727183,0.2611448,0.5204062
0.72463876,0.37727964,0.2611529,0.52040917
0.7246631,0.37728435,0.26115558,0.5204118
0.7246717,0.37729,0.26116142,0.5204144
0.72468776,0.37729883,0.26116917,0.5204177
0.72469896,0.3773078,0.26117882,0.52042085
0.72473264,0.37731367,0.26118207,0.5204236
0.72474265,0.3773174,0.26118714,0.5204258
0.7247477,0.37732705,0.26119766,0.52042925
0.72476786,0.37733725,0.2612068,0.5204328
0.7247857,0.37734437,0.26121405,0.5204356
0.72480386,0.37735087,0.2612201,0.5204383
0.72482777,0.37735602,0.261224,0.52044094
0.72484154,0.37736103,0.26122922,0.5204435
0.7248707,0.37736532,0.26123095,0.52044606
0.7248798,0.37736952,0.26123586,0.5204484
0.72490233,0.37737617,0.2612405,0.52045137
0.7249271,0.37737978,0.26124254,0.52045363
0.7249356,0.37738484,0.26124817,0.5204562
0.7249812,0.37738746,0.26124534,0.52045846
0.7250004,0.37738493,0.26124215,0.52045953
0.72500294,0.3773899,0.2612477,0.5204623
0.72500575,0.37740186,0.2612602,0.520466
0.7250841,0.3774024,0.26125076,0.52046794
0.72513473,0.37738502,0.26122895,0.52046627
0.72508883,0.37738535,0.2612364,0.5204682
0.7251757,0.37739134,0.26122743,0.5204717
0.72514427,0.37738892,0.2612328,0.5204721
0.72513,0.37740982,0.2612554,0.52047795
0.7251547,0.37742814,0.26127216,0.5204826
0.72625434,0.37723175,0.26091376,0.5204524
0.72584295,0.37696898,0.26072237,0.52040344
0.7254918,0.37703973,0.2607959,0.5204276
0.72535044,0.37718555,0.2609427,0.52045304
0.72532916,0.3772928,0.261063,0.5204699
0.7253267,0.37735546,0.26114464,0.52048004
0.7253129,0.37739852,0.2612057,0.52048826
0.72531086,0.3774335,0.2612524,0.52049565
0.7253422,0.37745532,0.26127866,0.52050096
0.7254367,0.3774513,0.26126784,0.520502
0.7253684,0.3774515,0.2612838,0.52050334
0.7253794,0.37747803,0.26130834,0.52051073
0.7253906,0.37749547,0.26132828,0.5205149
0.7253992,0.37750995,0.26134613,0.520519
0.7254131,0.37752292,0.2613611,0.52052295
0.72544616,0.3775302,0.26136717,0.520526
0.72562605,0.3775027,0.26131618,0.52052325
0.7255166,0.37747937,0.26131287,0.52052027
0.7255112,0.3775092,0.261338,0.52052903
0.7255052,0.37753403,0.2613657,0.5205342
0.7255785,0.37754306,0.26136798,0.52053744
0.72557575,0.37753838,0.26136604,0.52053773
0.72557974,0.3775486,0.2613758,0.52054167
0.7264492,0.37739834,0.2610954,0.5205193
0.72603667,0.3772116,0.26097828,0.52048427
0.72585744,0.37728074,0.26103514,0.52050644
0.7258398,0.3773616,0.26110813,0.52052003
0.72580725,0.3774149,0.26117414,0.52052855
0.72595346,0.3774294,0.26117593,0.52053225
0.72597015,0.37740853,0.2611626,0.52052903
0.72592396,0.3774165,0.26117828,0.52053285
0.7259495,0.37743744,0.26119518,0.5205385
0.7261075,0.3774208,0.26115826,0.52053696
0.7258796,0.37742957,0.26120588,0.52053905
0.72597075,0.37748343,0.26124096,0.5205522
0.72596467,0.37749463,0.26126242,0.5205536
0.726013,0.377504,0.2612693,0.5205573
0.72598416,0.37751278,0.2612868,0.5205601
0.7259671,0.3775386,0.26131734,0.5205665
0.7259842,0.37756154,0.26134193,0.520572
0.7259747,0.3775804,0.26136804,0.52057654
0.7268635,0.37743428,0.26109165,0.520555
0.7267607,0.3771858,0.26086816,0.52050996
0.72708315,0.37705848,0.26065522,0.5204984
0.7265129,0.3770373,0.26069587,0.52049404
0.7262393,0.3772282,0.26089758,0.52053267
0.7261614,0.37739584,0.2610851,0.52055895
0.7261582,0.3774973,0.26121253,0.52057475
0.72613084,0.37756017,0.26130375,0.5205855
0.7261223,0.3776087,0.26137042,0.52059513
0.7261079,0.3776471,0.26142403,0.5206031
0.7261059,0.37768003,0.26146728,0.52061033
0.7261192,0.3777041,0.261498,0.5206162
0.7261209,0.3777226,0.2615231,0.520621
0.72670346,0.37763256,0.26135007,0.52060866
0.7266037,0.37748268,0.26122305,0.52058214
0.7263627,0.3775021,0.26125652,0.52059203
0.7268384,0.3774869,0.26115525,0.520593
0.7264689,0.37744263,0.26117635,0.52058214
0.726488,0.37752345,0.26123923,0.5206027
0.7263627,0.37758437,0.26132613,0.5206116
0.72632056,0.37766024,0.26141658,0.52062625
0.7263122,0.37771335,0.26148129,0.52063584
0.72632694,0.37774736,0.2615242,0.5206427
0.72632265,0.3777703,0.26155567,0.520648
0.7263554,0.3777878,0.26157483,0.5206528
0.7263677,0.3777968,0.26158828,0.5206558
0.726366,0.37780958,0.26160553,0.52065986
0.7264482,0.37781122,0.26159787,0.5206621
0.72641057,0.3778102,0.26160687,0.5206632
0.72641706,0.37782934,0.26162532,0.5206689
0.72643423,0.37784335,0.26164004,0.52067274
0.72645587,0.37785238,0.26165003,0.52067584
0.72646177,0.37786096,0.26166123,0.520679
0.7264755,0.37787187,0.26167315,0.52068275
0.72649187,0.37787983,0.26168045,0.52068573
0.72650886,0.37788716,0.26168722,0.52068865
0.72652555,0.37789422,0.26169452,0.5206916
0.72654396,0.3778995,0.2616979,0.52069414
0.7265672,0.3779043,0.26170135,0.52069664
0.7265808,0.37790886,0.26170552,0.520699
0.72659767,0.37791523,0.2617112,0.5207019
0.726615,0.37792146,0.2617168,0.5207045
0.72665596,0.37792295,0.2617141,0.5207065
0.72665626,0.37792447,0.26171768,0.5207082
0.7266828,0.377931,0.26172107,0.52071124
0.726702,0.3779342,0.2617234,0.5207133
0.72670895,0.3779404,0.26173022,0.520716
0.7267239,0.3779493,0.26173845,0.5207193
0.7267404,0.37795693,0.2617457,0.5207221
0.72675747,0.37796375,0.2617523,0.5207249
0.72677475,0.3779702,0.26175836,0.5207275
0.7267921,0.3779762,0.26176393,0.5207302
0.72691554,0.3779623,0.26173306,0.52072966
0.7268614,0.3779472,0.26172894,0.5207282
0.7268907,0.3779596,0.26173362,0.5207331
0.72689676,0.37796646,0.26174092,0.5207354
0.72690624,0.3779768,0.2617515,0.5207388
0.7269093,0.37798893,0.26176554,0.52074236
0.7269223,0.37800166,0.26177895,0.5207461
0.7269375,0.37801188,0.26178992,0.52074933
0.72695965,0.37801927,0.26179698,0.5207522
0.72698385,0.37802336,0.26180017,0.52075446
0.7269972,0.37802756,0.26180458,0.5207568
0.72700834,0.37803474,0.26181176,0.52075976
0.72702414,0.3780428,0.26181945,0.5207628
0.72704065,0.37805012,0.26182655,0.5207656
0.7270578,0.37805668,0.2618328,0.5207683
0.7270927,0.37805963,0.26183268,0.5207705
0.72709703,0.37806228,0.26183704,0.52077246
0.7271122,0.37807032,0.26184413,0.5207757
0.7271344,0.37807655,0.26184887,0.5207783
0.72714704,0.3780821,0.26185483,0.52078074
0.7271692,0.378088,0.2618593,0.5207835
0.72718793,0.37809202,0.26186234,0.52078575
0.7272002,0.37809777,0.26186812,0.5207884
0.7272164,0.3781049,0.26187438,0.5207912
0.727251,0.37810794,0.26187444,0.5207933
0.727273,0.37810758,0.26187277,0.5207948
0.7272928,0.3781091,0.26187268,0.52079684
0.7272939,0.3781153,0.26187986,0.5207995
0.72730756,0.37812573,0.26188952,0.52080303
0.72732306,0.3781344,0.26189813,0.52080595
0.7273397,0.3781419,0.26190555,0.5208088
0.7274035,0.37813988,0.2618961,0.5208101
0.72738624,0.3781373,0.26189882,0.520811
0.7274034,0.3781482,0.2619069,0.520815
0.7274135,0.37815702,0.26191613,0.52081794
0.7274346,0.37816495,0.2619231,0.52082086
0.7274642,0.37816823,0.26192442,0.52082294
0.7274674,0.3781726,0.2619305,0.5208252
0.7274818,0.37818167,0.2619389,0.52082855
0.7274977,0.37818956,0.2619466,0.5208314
0.7275261,0.37819445,0.26194948,0.52083385
0.72758746,0.37818885,0.26193675,0.5208345
0.7275702,0.37818536,0.26193795,0.52083534
0.727599,0.37819353,0.26194113,0.5208389
0.727624,0.3781955,0.26194105,0.5208406
0.7276325,0.3781992,0.26194504,0.5208428
0.7276424,0.37820745,0.26195306,0.5208459
0.7276516,0.37821728,0.26196343,0.52084917
0.7276604,0.3782281,0.2619753,0.5208525
0.72768664,0.37823638,0.26198217,0.5208555
0.72769374,0.37824285,0.26199043,0.520858
0.72781426,0.37823212,0.26196328,0.5208581
0.7277529,0.3782201,0.26196367,0.52085704
0.7279617,0.3782021,0.26191047,0.52085704
0.72794443,0.37815678,0.26187044,0.5208495
0.7279888,0.3781446,0.26184487,0.5208507
0.72796756,0.37814185,0.2618424,0.5208516
0.7279841,0.37815258,0.2618483,0.5208553
0.7279002,0.3781786,0.26188844,0.52086073
0.7279142,0.37821758,0.261927,0.52086926
0.727918,0.37824035,0.26195592,0.5208737
0.7282174,0.3782045,0.2618797,0.5208695
0.7283196,0.37810856,0.26177394,0.5208536
0.7296657,0.377804,0.26125392,0.5208071
0.7302107,0.3772535,0.2606149,0.5207107
0.72900856,0.37712428,0.26060143,0.5206976
0.72863686,0.37743387,0.2608839,0.52076274
0.7284738,0.37768152,0.2611601,0.5207977
0.72848046,0.3778339,0.26134503,0.52082026
0.72834665,0.37793604,0.26150265,0.5208359
0.7282712,0.3780406,0.26164243,0.5208549
0.72821194,0.3781276,0.26176065,0.5208701
0.72817254,0.37819925,0.26185766,0.5208832
0.72815174,0.37825635,0.26193523,0.52089417
0.7281559,0.37829736,0.2619897,0.5209026
0.7281568,0.37832627,0.26203045,0.52090913
0.7281652,0.3783491,0.26206106,0.52091485
0.72817606,0.37836674,0.26208466,0.5209197
0.72819424,0.37838006,0.26210162,0.5209239
0.7282088,0.37839052,0.26211584,0.52092755
0.7282464,0.37839615,0.26212093,0.5209305
0.72826636,0.37839735,0.26212433,0.5209325
0.7282607,0.37840456,0.26213488,0.5209358
0.72826475,0.3784185,0.26215002,0.5209402
0.7282788,0.37842828,0.2621572,0.5209436
0.72829705,0.37843454,0.26215935,0.52094626
0.7283132,0.37844202,0.26216665,0.5209491
0.7284706,0.37842268,0.2621253,0.5209477
0.7286833,0.3783475,0.26201957,0.5209362
0.72859204,0.37829137,0.26197326,0.52092844
0.72846746,0.3783229,0.26201108,0.5209375
0.7284512,0.37837762,0.26206422,0.5209482
0.7284573,0.37841278,0.26210463,0.52095443
0.72845525,0.3784375,0.2621374,0.5209596
0.7284704,0.37845677,0.26216066,0.52096426
0.72847855,0.37847072,0.262179,0.52096796
0.7284921,0.3784831,0.26219356,0.52097166
0.72850686,0.37849316,0.26220518,0.52097493
0.7285284,0.37850037,0.2622125,0.52097774
0.72854614,0.3785057,0.26221812,0.52098024
0.7285691,0.37851003,0.26222122,0.5209826
0.72858196,0.37851432,0.26222584,0.52098495
0.7285982,0.37852055,0.26223132,0.5209877
0.72861475,0.37852666,0.26223698,0.5209904
0.72862554,0.37853375,0.26224467,0.5209931
0.7286467,0.37854066,0.26225063,0.520996
0.72865814,0.37854683,0.26225764,0.52099854
0.72867376,0.37855417,0.26226476,0.52100134
0.7286959,0.3785595,0.2622686,0.5210039
0.72872066,0.37856182,0.2622687,0.52100587
0.72873425,0.37856472,0.262271,0.5210079
0.7287451,0.37857115,0.26227728,0.52101064
0.72876626,0.3785777,0.2622823,0.5210134
0.728784,0.37858227,0.26228625,0.5210156
0.7288016,0.3785871,0.26229036,0.521018
0.72881305,0.3785931,0.26229653,0.5210206
0.72883445,0.37859923,0.2623012,0.5210232
0.72885233,0.37860364,0.26230505,0.5210255
0.72886395,0.3786094,0.26231095,0.52102804
0.7288913,0.37861422,0.2623134,0.5210305
0.728905,0.37861738,0.26231664,0.52103245
0.72891587,0.37862387,0.26232296,0.5210352
0.72893715,0.37863022,0.26232788,0.5210379
0.728955,0.37863487,0.26233193,0.5210402
0.7289781,0.37863848,0.26233393,0.52104235
0.7289853,0.3786434,0.2623396,0.52104473
0.7290001,0.37865138,0.26234692,0.5210477
0.72901595,0.37865832,0.2623536,0.5210504
0.72903246,0.37866488,0.26235986,0.521053
0.72904915,0.37867075,0.2623654,0.5210556
0.7290718,0.3786754,0.26236865,0.5210579
0.7290903,0.37867877,0.26237127,0.52106005
0.7291021,0.37868392,0.26237628,0.52106243
0.72945803,0.3786279,0.26226643,0.521055
0.7292775,0.37856156,0.26223114,0.52104366
0.7294232,0.37856132,0.26219356,0.5210489
0.72943854,0.37853068,0.2621594,0.5210435
0.72928256,0.37855262,0.26220104,0.5210494
0.7294377,0.3785804,0.26220134,0.5210565
0.7293643,0.3785772,0.2622172,0.5210552
0.7294168,0.37859505,0.26222688,0.521061
0.7294033,0.37860215,0.26224017,0.5210629
0.7293786,0.37862352,0.26226747,0.5210682
0.72938836,0.37864688,0.26229253,0.5210736
0.7293827,0.37866578,0.26231727,0.52107793
0.7293803,0.37868634,0.26234272,0.52108294
0.72941315,0.3787002,0.26235616,0.5210867
0.7294144,0.3787084,0.262369,0.5210894
0.7294565,0.37871456,0.26237175,0.52109224
0.72944355,0.37871993,0.26238266,0.52109444
0.7294886,0.37872767,0.2623851,0.5210977
0.72947,0.37873366,0.2623975,0.5211
0.7294845,0.3787486,0.26241177,0.52110445
0.7295157,0.3787559,0.2624178,0.521107
0.72952455,0.37875956,0.26242256,0.52110916
0.72953945,0.37876698,0.26242974,0.52111214
0.729532,0.37877774,0.26244372,0.5211155
0.7295483,0.37879133,0.26245666,0.5211195
0.7295921,0.37879556,0.26245755,0.52112156
0.72957486,0.37879983,0.26246735,0.52112365
0.7295898,0.37881368,0.26248002,0.5211279
0.7296394,0.3788167,0.26247808,0.5211298
0.72964096,0.37881595,0.26248002,0.521131
0.7296614,0.37882194,0.26248378,0.5211339
0.7296963,0.37882313,0.26248133,0.5211356
0.7296887,0.37882677,0.26248792,0.5211377
0.7297004,0.37883812,0.26249853,0.5211414
0.7297088,0.37884846,0.26250994,0.5211445
0.7297461,0.3788543,0.26251245,0.521147
0.729756,0.37885603,0.26251554,0.52114874
0.7297544,0.378865,0.26252642,0.52115196
0.72981876,0.37886742,0.2625205,0.5211539
0.72981185,0.37886423,0.26252142,0.5211546
0.72981924,0.37887353,0.26252985,0.52115816
0.7298268,0.37888414,0.26254082,0.5211614
0.72987574,0.37888792,0.2625394,0.5211635
0.7298709,0.37888867,0.26254374,0.5211649
0.72988963,0.3788971,0.2625502,0.52116823
0.72989416,0.37890518,0.26255974,0.521171
0.7299136,0.37891406,0.26256764,0.521174
0.72993594,0.37891915,0.262572,0.52117634
0.7299482,0.37892392,0.26257724,0.5211786
0.7299524,0.37893227,0.2625868,0.52118164
0.72997725,0.37894025,0.26259306,0.52118456
0.72998923,0.3789455,0.262599,0.5211868
0.73001695,0.37894997,0.26260114,0.5211892
0.73004204,0.3789508,0.26260027,0.5211908
0.73005575,0.3789526,0.26260164,0.5211927
0.7300783,0.37895614,0.2626029,0.52119493
0.730079,0.3789619,0.2626102,0.5211974
0.73009205,0.37897182,0.26261955,0.5212007
0.73011833,0.37897804,0.26262406,0.52120316
0.7301256,0.37898296,0.26263025,0.5212054
0.73014015,0.37899092,0.26263776,0.5212084
0.7301499,0.3789989,0.26264653,0.5212112
0.7301644,0.3790074,0.2626551,0.5212141
0.73018587,0.37901363,0.26266038,0.5212167
0.73020923,0.3790169,0.26266247,0.5212187
0.73021615,0.37902147,0.2626681,0.52122104
0.73023653,0.37902814,0.2626732,0.5212238
0.73025954,0.37903175,0.26267534,0.5212258
0.7308229,0.37893513,0.26249218,0.52121156
0.7304342,0.37883908,0.26245967,0.5211942
0.73045063,0.37890056,0.26249343,0.52121234
0.73038083,0.3789405,0.26254478,0.5212178
0.73036766,0.37898636,0.26259702,0.5212269
0.73037535,0.37901756,0.2626351,0.52123284
0.73042613,0.3790304,0.26264763,0.52123606
0.730467,0.37902686,0.2626439,0.5212367
0.7304268,0.3790335,0.26265976,0.52123946
0.7310099,0.37895015,0.2624855,0.52122796
0.730605,0.3788575,0.26246125,0.5212106
0.73054737,0.37893796,0.26252657,0.521232
0.73051506,0.3789975,0.2625926,0.52124107
0.7305238,0.37903827,0.2626412,0.5212485
0.73052037,0.37906516,0.2626782,0.5212539
0.73053426,0.37908575,0.26270422,0.5212587
0.730541,0.37910074,0.26272452,0.5212626
0.73055345,0.37911385,0.26274073,0.52126634
0.73056686,0.3791245,0.26275373,0.5212697
0.73058146,0.37913346,0.26276398,0.5212728
0.7306021,0.37914017,0.26277086,0.5212755
0.73064375,0.37913957,0.2627651,0.52127695
0.73064905,0.3791391,0.2627662,0.52127844
0.7306584,0.37914586,0.26277238,0.52128136
0.73067254,0.3791539,0.26278013,0.52128416
0.7310799,0.37908992,0.26265424,0.5212752
0.73086584,0.37901348,0.26261464,0.52126205
0.7307888,0.37905768,0.26265433,0.52127516
0.7307961,0.37910023,0.26269373,0.5212828
0.7307862,0.3791275,0.262729,0.5212878
0.7307945,0.379149,0.26275373,0.5212927
0.7307997,0.3791663,0.26277587,0.52129686
0.7308055,0.37918165,0.2627952,0.5213008
0.73081756,0.37919492,0.26281086,0.5213045
0.73084307,0.37920308,0.26281893,0.5213073
0.7308494,0.37920973,0.26282802,0.52130985
0.73086315,0.3792185,0.26283714,0.521313
0.73087806,0.37922618,0.2628452,0.52131575
0.7308937,0.37923312,0.26285237,0.52131844
0.73090947,0.37923947,0.26285884,0.52132106
0.7309253,0.37924552,0.26286474,0.52132356
0.73094136,0.3792513,0.26287043,0.5213261
0.73095745,0.37925693,0.2628758,0.52132857
0.7309734,0.3792626,0.2628812,0.521331
0.73098946,0.37926805,0.2628863,0.52133346
0.73100543,0.37927347,0.26289153,0.5213359
0.73102254,0.3792779,0.2628942,0.5213382
0.7310449,0.37928188,0.26289648,0.52134037
0.7310745,0.37928265,0.26289454,0.521342
0.7310889,0.37928307,0.26289427,0.5213436
0.7311119,0.3792855,0.26289415,0.52134556
0.73112434,0.3792884,0.26289648,0.5213475
0.7311345,0.37929448,0.26290244,0.52135015
0.731155,0.3793007,0.26290697,0.52135265
0.73116624,0.379306,0.2629127,0.5213549
0.7311932,0.37931055,0.2629149,0.5213573
0.7312004,0.37931454,0.26291975,0.52135926
0.7312208,0.3793206,0.26292422,0.5213619
0.7312613,0.3793206,0.26292,0.5213633
0.73125505,0.379322,0.26292425,0.5213649
0.731267,0.37933162,0.26293275,0.5213683
0.73128706,0.3793388,0.2629388,0.5213709
0.731298,0.3793448,0.26294553,0.5213734
0.7313072,0.3793529,0.2629542,0.5213762
0.73132133,0.37936133,0.26296288,0.52137905
0.73134226,0.37936762,0.26296824,0.52138156
0.7313536,0.379373,0.26297444,0.52138394
0.7313688,0.37937966,0.2629808,0.5213866
0.7313844,0.37938592,0.26298675,0.52138907
0.73140043,0.37939164,0.26299205,0.5213916
0.7314165,0.37939712,0.26299724,0.52139395
0.7314326,0.37940246,0.263002,0.52139634
0.7314489,0.37940764,0.26300678,0.5213987
0.73147666,0.3794107,0.26300752,0.5214007
0.73148423,0.37941366,0.2630112,0.52140266
0.7314991,0.37942025,0.2630168,0.5214054
0.7315205,0.37942517,0.26302034,0.52140766
0.7315321,0.37942985,0.26302525,0.52140987
0.73154753,0.37943596,0.26303077,0.52141243
0.7315632,0.37944168,0.26303583,0.5214148
0.7315792,0.37944713,0.26304093,0.5214172
0.7315954,0.37945238,0.26304558,0.5214196
0.7316116,0.37945762,0.26305032,0.52142185
0.7316279,0.37946257,0.26305476,0.52142423
0.7316499,0.37946674,0.2630573,0.5214264
0.73166186,0.37947062,0.26306129,0.5214285
0.7316773,0.3794764,0.26306626,0.52143097
0.73169327,0.37948188,0.26307112,0.52143335
0.7317151,0.3794861,0.26307392,0.52143556
0.7317327,0.37948915,0.26307622,0.5214375
0.7317498,0.37949285,0.263079,0.5214397
0.73176634,0.379497,0.26308212,0.5214418
0.7317887,0.37950036,0.2630838,0.5214439
0.73179495,0.379505,0.2630891,0.5214461
0.73180896,0.3795126,0.26309597,0.52144897
0.7318299,0.37951827,0.26310048,0.5214513
0.731847,0.37952211,0.26310396,0.5214534
0.7318579,0.37952745,0.2631094,0.52145576
0.73187864,0.37953305,0.26311356,0.52145815
0.73188984,0.379538,0.26311886,0.5214605
0.73190504,0.37954432,0.26312473,0.52146304
0.7319207,0.37955043,0.2631303,0.5214655
0.73195976,0.37955168,0.2631275,0.52146715
0.7319878,0.3795476,0.26312095,0.5214678
0.7320029,0.37954608,0.26311806,0.5214692
0.73200816,0.37955043,0.26312196,0.5214715
0.73203945,0.37955472,0.26312244,0.52147377
0.7320417,0.37955812,0.2631275,0.5214756
0.73204917,0.37956735,0.26313686,0.5214788
0.73208004,0.37957337,0.26314008,0.52148116
0.7320993,0.3795746,0.26314083,0.52148265
0.73212284,0.37957606,0.26314017,0.5214845
0.7321531,0.37957513,0.26313597,0.52148587
0.7321736,0.3795734,0.26313213,0.52148694
0.7321979,0.37957293,0.26312867,0.5214885
0.73219365,0.37957707,0.26313445,0.52149063
0.7321935,0.37958935,0.2631476,0.5214942
0.7322219,0.3795989,0.2631548,0.5214972
0.7322283,0.37960452,0.26316252,0.52149934
0.7322248,0.3796158,0.26317656,0.5215028
0.73224074,0.3796282,0.26318884,0.5215063
0.7322495,0.37963763,0.26320028,0.52150923
0.7322805,0.37964377,0.2632044,0.5215117
0.732329,0.37963995,0.26319572,0.52151245
0.7323893,0.3796256,0.26317355,0.5215115
0.7334032,0.37943292,0.2628201,0.5214811
0.73283654,0.37921852,0.2626943,0.52144253
0.73289025,0.37926564,0.26268375,0.5214626
0.73283994,0.37928286,0.26269946,0.5214632
0.73272014,0.37933147,0.26276508,0.5214724
0.7327261,0.3793883,0.26282418,0.52148294
0.7327591,0.37941438,0.26285458,0.52148724
0.73267704,0.37944245,0.26290414,0.5214928
0.73265475,0.37948847,0.26295862,0.52150226
0.732706,0.37951383,0.26298404,0.52150726
0.7327967,0.37950635,0.26297045,0.52150685
0.73271596,0.37950647,0.26298797,0.52150816
0.73269325,0.37954023,0.26302502,0.5215163
0.7326762,0.37957224,0.26306424,0.5215227
0.732697,0.37959608,0.26309133,0.5215279
0.73267514,0.37961546,0.26312113,0.52153224
0.7326737,0.37963963,0.26315093,0.521538
0.73266345,0.37966242,0.2631816,0.5215431
0.7327042,0.3796776,0.26319635,0.52154714
0.7326826,0.3796882,0.26321638,0.5215502
0.7326819,0.3797082,0.26324034,0.5215555
0.7327392,0.37971422,0.26323926,0.5215579
0.73271704,0.37971798,0.26325074,0.5215597
0.73275393,0.37972787,0.26325595,0.5215634
0.73276156,0.37973118,0.26326102,0.52156514
0.73274094,0.37974438,0.26327953,0.521569
0.7327407,0.3797643,0.26330152,0.52157396
0.73276156,0.37977844,0.2633161,0.52157766
0.73282343,0.37977827,0.26331034,0.52157885
0.73288584,0.379762,0.2632874,0.52157754
0.7328526,0.37975585,0.26328683,0.52157813
0.73285955,0.37976912,0.26329693,0.5215825
0.73287696,0.3797788,0.26330552,0.5215853
0.73288095,0.37978745,0.2633161,0.521588
0.73287594,0.37980065,0.2633325,0.5215917
0.73288536,0.37981516,0.26334825,0.52159554
0.7328978,0.37982634,0.2633609,0.5215987
0.73302835,0.37981448,0.26333147,0.52159816
0.7329573,0.37980062,0.263332,0.52159667
0.7329632,0.37982038,0.26334786,0.52160275
0.7329844,0.37983227,0.26335853,0.5216057
0.7329946,0.37983972,0.26336774,0.5216082
0.733149,0.37982255,0.26332837,0.5216068
0.7330784,0.37980044,0.2633201,0.5216039
0.73305136,0.37982258,0.2633422,0.5216105
0.7331111,0.3798361,0.2633473,0.5216139
0.7330947,0.3798397,0.26335782,0.5216152
0.73309803,0.37985435,0.26337367,0.5216195
0.73310876,0.3798672,0.2633878,0.52162296
0.73313934,0.37987402,0.2633931,0.5216254
0.73312926,0.37988088,0.26340455,0.5216278
0.7331621,0.37989,0.26341045,0.521631
0.733175,0.37989315,0.2634146,0.52163273
0.73316735,0.37990224,0.26342702,0.5216358
0.7331826,0.37991485,0.26343906,0.5216394
0.73319656,0.37992325,0.26344848,0.5216421
0.73321134,0.3799305,0.2634564,0.5216447
0.7333252,0.37991935,0.26342958,0.5216443
0.73328537,0.37990364,0.26342252,0.5216427
0.73327523,0.37991825,0.26343623,0.5216476
0.73328227,0.3799343,0.26345232,0.5216515
0.733294,0.3799463,0.26346567,0.5216547
0.7333191,0.37995383,0.26347253,0.5216573
0.7333834,0.37994874,0.26345995,0.5216578
0.73337156,0.379943,0.2634582,0.5216581
0.73338884,0.37994987,0.263462,0.52166116
0.73339844,0.37995577,0.26346767,0.5216635
0.73342437,0.37996066,0.2634702,0.5216657
0.73359984,0.37993476,0.2634182,0.5216627
0.73351276,0.37990662,0.2634056,0.5216588
0.7335995,0.37990978,0.26338872,0.5216625
0.73354316,0.3799083,0.26339692,0.5216627
0.7335562,0.37992802,0.26341304,0.52166814
0.7335272,0.37994698,0.26343971,0.5216722
0.7335477,0.37996793,0.26346058,0.5216771
0.7335553,0.3799798,0.26347625,0.52168006
0.7336032,0.3799842,0.26347694,0.5216822
0.73357373,0.3799896,0.26349056,0.5216843
0.7335852,0.38000622,0.2635064,0.52168894
0.73360884,0.38001567,0.26351547,0.5216916
0.73360217,0.38002464,0.26352912,0.5216944
0.7336061,0.38003898,0.2635455,0.52169836
0.7336228,0.38005054,0.2635578,0.52170163
0.73364896,0.3800563,0.26356295,0.52170396
0.7336553,0.38006088,0.2635695,0.5217061
0.7336803,0.3800664,0.26357308,0.5217086
0.7337152,0.38006595,0.2635695,0.52170986
0.7337072,0.38006833,0.26357508,0.5217117
0.7337119,0.38007957,0.2635866,0.52171534
0.7337412,0.38008696,0.2635911,0.52171785
0.7337536,0.38009018,0.2635952,0.52171963
0.7337691,0.3800951,0.2635993,0.52172196
0.73385435,0.38008782,0.26358023,0.5217222
0.7338885,0.38006753,0.2635562,0.52171993
0.7338728,0.38006288,0.26355278,0.52172107
0.73387694,0.3800728,0.26356032,0.5217245
0.7338713,0.3800856,0.26357523,0.5217278
0.73389816,0.38009664,0.2635841,0.521731
0.7339035,0.38010323,0.26359305,0.5217332
0.7339109,0.3801129,0.26360396,0.5217364
0.73398757,0.3801108,0.26359203,0.52173734
0.73401856,0.38009548,0.26357448,0.52173585
0.7339839,0.3800973,0.26358148,0.521738
0.7339998,0.38011247,0.26359335,0.52174234
0.73398393,0.3801265,0.2636125,0.5217456
0.7340025,0.38014227,0.2636281,0.52174973
0.7340107,0.3801524,0.26364088,0.52175254
0.73401207,0.3801639,0.26365545,0.5217559
0.7340289,0.38017496,0.26366696,0.52175915
0.7340375,0.3801835,0.26367754,0.52176183
0.7340506,0.38019216,0.26368704,0.5217647
0.7340706,0.38019863,0.26369312,0.52176714
0.73409253,0.380202,0.26369587,0.5217691
0.734104,0.38020536,0.26369935,0.5217711
0.73411894,0.3802106,0.2637038,0.5217735
0.734134,0.3802158,0.26370835,0.5217758
0.7341436,0.38022193,0.26371503,0.5217782
0.7341573,0.38022903,0.26372203,0.52178085
0.73418355,0.3802333,0.26372433,0.52178293
0.73420745,0.3802338,0.26372325,0.52178437
0.7342316,0.38023335,0.26372054,0.52178574
0.7342268,0.38023734,0.26372644,0.5217879
0.7342495,0.3802451,0.2637313,0.52179074
0.73426586,0.3802491,0.26373503,0.5217926
0.73427033,0.38025537,0.26374233,0.5217951
0.7342946,0.38026175,0.26374665,0.5217976
0.7343058,0.38026574,0.2637513,0.5217995
0.7343148,0.38027242,0.26375845,0.52180207
0.7343285,0.38027984,0.26376566,0.5218047
0.73435456,0.3802844,0.26376823,0.5218068
0.7343784,0.38028494,0.26376736,0.52180827
0.73438495,0.38028765,0.2637706,0.5218101
0.73440456,0.3802929,0.26377386,0.5218125
0.73440915,0.38029858,0.26378074,0.52181476
0.7344278,0.38030568,0.26378667,0.5218174
0.7344435,0.3803106,0.26379132,0.5218195
0.734459,0.38031536,0.26379576,0.5218217
0.7344744,0.38032025,0.26380005,0.5218239
0.734484,0.3803259,0.26380625,0.52182627
0.7345037,0.38033178,0.26381084,0.52182865
0.7345198,0.38033578,0.2638144,0.5218306
0.73452985,0.38034102,0.2638199,0.52183294
0.7345439,0.38034746,0.26382586,0.52183545
0.7345703,0.38035125,0.26382768,0.5218374
0.7345767,0.3803546,0.26383203,0.52183926
0.73460203,0.38035902,0.26383397,0.5218416
0.73460793,0.3803629,0.26383895,0.52184343
0.73462147,0.38037002,0.26384538,0.5218461
0.73464745,0.3803742,0.26384744,0.5218482
0.7346538,0.38037762,0.26385203,0.52185005
0.7346675,0.38038436,0.2638582,0.5218527
0.73468775,0.3803893,0.26386192,0.5218548
0.73469836,0.38039386,0.26386687,0.5218569
0.7347127,0.38039982,0.26387233,0.52185935
0.73472756,0.38040537,0.26387748,0.5218616
0.7347659,0.3804065,0.2638745,0.52186316
0.73477554,0.38040516,0.2638737,0.52186424
0.73480254,0.3804067,0.26387167,0.5218661
0.7348211,0.38040653,0.2638698,0.5218674
0.73484397,0.3804071,0.2638677,0.5218689
0.7348503,0.38040963,0.2638704,0.5218707
0.73485816,0.3804168,0.26387736,0.52187335
0.73488873,0.38042143,0.26387882,0.52187544
0.73489016,0.38042492,0.26388422,0.5218773
0.73489106,0.38043487,0.2638956,0.52188045
0.7350938,0.38041234,0.26384228,0.521878
0.7349657,0.3803858,0.2638392,0.52187407
0.73495513,0.3804166,0.26386532,0.5218826
0.7349577,0.38043925,0.2638898,0.521887
0.7349673,0.3804554,0.26390895,0.52189064
0.73498505,0.38046616,0.26392138,0.5218936
0.734994,0.3804744,0.26393193,0.52189624
0.7350128,0.38048157,0.26393914,0.5218989
0.73504585,0.3804836,0.2639386,0.52190053
0.7350598,0.3804833,0.2639384,0.5219019
0.7350757,0.38048613,0.26393998,0.5219039
0.73508567,0.3804908,0.2639444,0.521906
0.73509383,0.38049787,0.26395178,0.52190864
0.73510116,0.38050658,0.26396132,0.52191144
0.7351253,0.38051325,0.26396647,0.5219139
0.73546803,0.3804595,0.2638596,0.52190614
0.7365404,0.38017628,0.26340488,0.5218588
0.7360474,0.37989596,0.26318848,0.5218118
0.7355409,0.3799927,0.26330543,0.52184045
0.7354401,0.38017106,0.26347902,0.5218709
0.7353847,0.38028443,0.2636191,0.52188647
0.7353606,0.38036007,0.26372054,0.5218985
0.7353596,0.3804097,0.26378933,0.52190703
0.73531604,0.38044977,0.26385096,0.5219145
0.7353457,0.3804826,0.2638895,0.52192134
0.7353815,0.3804934,0.2639044,0.521924
0.7353539,0.38050455,0.26392654,0.5219273
0.73535174,0.38052607,0.26395223,0.5219328
0.7353764,0.3805407,0.2639679,0.5219365
0.7353684,0.38055196,0.2639856,0.52193964
0.73538816,0.38056487,0.2639992,0.52194345
0.7353905,0.38057464,0.2640129,0.5219464
0.7353955,0.3805869,0.2640282,0.52194995
0.73540604,0.38059866,0.2640425,0.5219534
0.7354178,0.38060865,0.26405507,0.52195644
0.7354303,0.3806171,0.26406538,0.52195936
0.73544353,0.38062403,0.26407266,0.521962
0.73546565,0.38062665,0.26407143,0.5219639
0.7354771,0.38063014,0.26407418,0.5219659
0.73549116,0.38063592,0.2640796,0.5219683
0.7355057,0.38064125,0.2640846,0.5219705
0.73552644,0.38064545,0.26408747,0.5219726
0.7355545,0.3806462,0.26408577,0.5219741
0.7356838,0.38062638,0.2640463,0.5219721
0.7356253,0.38060617,0.2640366,0.52196974
0.7356115,0.38062295,0.26405144,0.52197516
0.7356109,0.38064125,0.26407054,0.5219792
0.73563737,0.38065317,0.26408136,0.52198225
0.7356713,0.38065505,0.26408145,0.5219836
0.73569155,0.38065326,0.26407897,0.5219847
0.73568004,0.38065872,0.2640876,0.5219871
0.735689,0.38067102,0.26409957,0.5219906
0.73570096,0.38068068,0.26411003,0.5219934
0.7357202,0.38068756,0.26411667,0.52199584
0.7357243,0.38069427,0.26412538,0.5219982
0.7357363,0.38070294,0.26413435,0.5220011
0.73574984,0.38071024,0.2641421,0.5220036
0.735764,0.38071662,0.2641488,0.522006
0.7357785,0.38072243,0.2641546,0.5220083
0.73579895,0.3807268,0.264158,0.5220104
0.7358151,0.38072985,0.26416066,0.5220122
0.73585397,0.38072965,0.2641559,0.5220136
0.7358579,0.3807283,0.26415566,0.5220146
0.73587155,0.38073328,0.2641591,0.522017
0.7358922,0.38073698,0.26416072,0.52201897
0.73589694,0.3807417,0.2641664,0.52202106
0.73590386,0.3807502,0.2641754,0.52202386
0.7359219,0.38075772,0.26418218,0.5220264
0.73593134,0.3807638,0.2641892,0.5220287
0.7359507,0.38076973,0.26419413,0.52203107
0.73596054,0.3807746,0.26419967,0.5220331
0.73598015,0.38077977,0.26420373,0.5220354
0.7359903,0.38078445,0.26420885,0.52203745
0.73601586,0.38078842,0.26421052,0.52203953
0.7361087,0.38077673,0.26418558,0.52203876
0.7360579,0.38076723,0.26418585,0.5220384
0.73606646,0.38078272,0.26419792,0.52204317
0.73607725,0.3807935,0.26420897,0.5220459
0.7360904,0.38080195,0.26421797,0.52204853
0.73609835,0.38080993,0.2642275,0.52205116
0.7361111,0.38081795,0.26423606,0.52205384
0.73613065,0.38082394,0.26424143,0.52205604
0.73614067,0.38082886,0.26424718,0.52205825
0.73616016,0.38083413,0.26425126,0.52206045
0.73617595,0.3808377,0.26425442,0.5220623
0.7361856,0.3808425,0.26425955,0.5220645
0.7361992,0.3808487,0.26426533,0.52206695
0.7362135,0.38085443,0.2642709,0.52206916
0.73624545,0.3808567,0.26427004,0.5220708
0.73626477,0.38085562,0.26426774,0.52207196
0.7362818,0.38085625,0.26426688,0.5220735
0.73630375,0.38085735,0.26426557,0.52207506
0.73630935,0.38086033,0.2642689,0.5220769
0.73632234,0.3808667,0.2642743,0.5220794
0.73633635,0.3808725,0.26427963,0.5220816
0.73633957,0.38087955,0.26428807,0.52208406
0.73635685,0.3808876,0.2642953,0.52208674
0.73637164,0.38089296,0.26430082,0.5220888
0.73638654,0.38089803,0.26430577,0.5220911
0.73639554,0.38090393,0.26431227,0.52209336
0.73642033,0.3809087,0.26431495,0.5220955
0.7364258,0.3809125,0.26432022,0.5220974
0.7364445,0.3809185,0.26432475,0.5220998
0.7364772,0.3809194,0.26432258,0.5221012
0.736497,0.38091755,0.26431924,0.5221022
0.73649687,0.38092074,0.26432353,0.5221042
0.7365027,0.38092968,0.2643326,0.5221071
0.73651457,0.3809386,0.2643416,0.52210987
0.73652786,0.38094604,0.26434946,0.5221123
0.73654765,0.38095123,0.26435405,0.52211446
0.7365693,0.38095385,0.26435536,0.5221162
0.7365861,0.38095558,0.26435632,0.52211785
0.7365903,0.38096026,0.2643617,0.52212
0.7366026,0.38096777,0.2643688,0.5221226
0.7366162,0.3809743,0.2643752,0.52212495
0.7366305,0.38098004,0.26438093,0.52212715
0.7366448,0.3809854,0.26438603,0.52212936
0.73666525,0.38098937,0.2643889,0.5221313
0.7366814,0.38099217,0.26439106,0.5221331
0.7366969,0.38099548,0.2643935,0.522135
0.7367062,0.38100028,0.26439855,0.52213717
0.7367255,0.3810054,0.26440215,0.5221394
0.73674697,0.38100782,0.26440316,0.52214104
0.7367521,0.3810116,0.2644078,0.52214295
0.73676485,0.3810184,0.26441407,0.52214545
0.7367787,0.38102433,0.26441976,0.5221478
0.736793,0.38102984,0.26442498,0.52215
0.7368074,0.3810349,0.26442993,0.5221521
0.736822,0.38103983,0.26443443,0.5221543
0.73684245,0.3810435,0.2644368,0.5221561
0.73685867,0.38104615,0.2644387,0.5221579
0.73686844,0.3810503,0.26444304,0.52215993
0.73688215,0.38105604,0.26444802,0.5221622
0.73690206,0.38106036,0.26445106,0.5221642
0.736924,0.3810623,0.26445135,0.52216583
0.73694074,0.38106364,0.26445177,0.5221674
0.73695654,0.38106608,0.2644529,0.5221691
0.7369604,0.38107127,0.26445898,0.5221713
0.73697245,0.38107896,0.26446626,0.522174
0.7369974,0.38108364,0.26446903,0.52217597
0.73701465,0.38108522,0.26447004,0.5221775
0.7370189,0.38108978,0.26447555,0.5221796
0.73703116,0.38109723,0.26448253,0.5221822
0.7370736,0.38109863,0.26447907,0.5221837
0.7370665,0.381099,0.26448277,0.5221849
0.73707706,0.38110766,0.26449063,0.52218795
0.73708975,0.38111508,0.26449794,0.52219033
0.7371036,0.38112143,0.26450443,0.5221927
0.7371292,0.3811251,0.26450625,0.52219456
0.7371523,0.38112506,0.2645046,0.5221958
0.73716986,0.3811252,0.26450333,0.5221972
0.7371686,0.3811299,0.26450938,0.52219933
0.7371796,0.38113874,0.26451775,0.52220225
0.7371924,0.3811462,0.26452523,0.52220464
0.73720616,0.3811524,0.26453176,0.5222069
0.7372261,0.38115707,0.2645354,0.5222089
0.73724186,0.3811601,0.26453814,0.5222108
0.7372514,0.38116467,0.26454294,0.5222129
0.73727053,0.38116962,0.2645465,0.522215
0.73728603,0.38117293,0.2645493,0.5222168
0.7372954,0.38117778,0.2645543,0.52221894
0.7373087,0.38118374,0.26455986,0.52222127
0.73732847,0.3811882,0.26456317,0.5222233
0.7373443,0.38119122,0.2645657,0.522225
0.7373596,0.3811947,0.26456845,0.5222269
0.7373918,0.38119557,0.26456565,0.5222284
0.737388,0.38119748,0.26456976,0.52222997
0.737399,0.3812058,0.26457736,0.52223283
0.73741764,0.38121182,0.2645824,0.52223504
0.7374328,0.38121593,0.2645863,0.52223694
0.737442,0.381221,0.26459178,0.5222391
0.7374552,0.3812272,0.26459768,0.5222414
0.7374691,0.38123283,0.26460317,0.5222437
0.7375006,0.38123503,0.2646024,0.5222453
0.73750806,0.38123575,0.2646039,0.52224666
0.7375159,0.3812415,0.26460952,0.52224904
0.73767924,0.38122252,0.26456526,0.5222471
0.7375994,0.38119796,0.2645554,0.52224374
0.7376508,0.3812064,0.26455048,0.5222479
0.7376488,0.38120538,0.26455066,0.5222484
0.7376728,0.3812097,0.26455128,0.5222506
0.7376431,0.38121906,0.26456702,0.5222533
0.7376642,0.38123485,0.26458082,0.5222574
0.73766625,0.38124454,0.26459375,0.52225983
0.73768294,0.3812539,0.26460338,0.5222627
0.7376854,0.38126206,0.26461428,0.5222652
0.7376849,0.3812737,0.26462853,0.5222685
0.7376946,0.3812856,0.26464185,0.5222717
0.73771214,0.38129398,0.26465067,0.5222742
0.73772085,0.38130045,0.2646588,0.5222766
0.73773944,0.38130674,0.26466462,0.52227896
0.73775434,0.381311,0.26466897,0.5222809
0.7377632,0.38131627,0.26467502,0.5222831
0.73777604,0.3813228,0.26468164,0.5222856
0.73780113,0.38132668,0.26468354,0.5222874
0.7378066,0.38132995,0.26468822,0.5222893
0.73782474,0.3813355,0.26469257,0.5222916
0.7378342,0.38134006,0.26469728,0.5222935
0.73784745,0.38134605,0.26470295,0.5222959
0.73786145,0.3813515,0.26470813,0.52229804
0.7378755,0.38135648,0.26471284,0.52230024
0.7378898,0.3813612,0.26471704,0.5223022
0.73790413,0.3813658,0.26472148,0.5223043
0.7381619,0.38132894,0.2646438,0.52229935
0.7382231,0.38125023,0.2645559,0.5222866
0.73813236,0.3812266,0.26453704,0.52228576
0.73806363,0.38125664,0.26456892,0.5222932
0.7380244,0.38129875,0.26461744,0.52230096
0.73801976,0.38133457,0.26465976,0.52230746
0.73802406,0.38135874,0.26469088,0.52231216
0.7380325,0.38137564,0.2647132,0.5223159
0.7380431,0.38138804,0.26472923,0.52231914
0.7380552,0.38139755,0.2647411,0.52232194
0.7380852,0.3814025,0.2647445,0.522324
0.73809725,0.38140395,0.26474705,0.52232546
0.73810595,0.38140893,0.26475242,0.5223278
0.73811287,0.38141614,0.26476043,0.52233034
0.7381249,0.38142398,0.26476863,0.5223329
0.7381379,0.38143072,0.26477566,0.5223353
0.7381515,0.38143662,0.26478198,0.52233756
0.7381652,0.38144216,0.26478776,0.52233976
0.7381848,0.38144648,0.26479128,0.5223418
0.73820025,0.38144958,0.2647941,0.5223436
0.7382206,0.38145208,0.2647954,0.52234536
0.738237,0.38145357,0.2647952,0.52234685
0.73825264,0.38145566,0.26479572,0.5223486
0.7382619,0.38145962,0.2647994,0.52235055
0.73827523,0.3814653,0.2648042,0.52235276
0.738289,0.3814705,0.26480916,0.52235484
0.73830897,0.38147438,0.2648116,0.52235675
0.7383189,0.38147786,0.26481554,0.5223585
0.73833245,0.3814831,0.26482022,0.52236074
0.7383463,0.381488,0.26482472,0.5223628
0.73843575,0.38147998,0.2648039,0.52236265
0.7383946,0.38147065,0.26480302,0.5223621
0.73839915,0.38148418,0.2648142,0.52236646
0.738403,0.3814957,0.2648269,0.5223694
0.73841965,0.38150528,0.2648365,0.5223721
0.73842776,0.38151237,0.26484528,0.5223744
0.73844594,0.38151884,0.2648513,0.5223767
0.73846066,0.3815232,0.26485574,0.5223787
0.7384693,0.38152853,0.2648618,0.5223808
0.7384879,0.38153392,0.26486602,0.522383
0.73849714,0.3815385,0.2648714,0.522385
0.7385102,0.3815444,0.264877,0.52238727
0.7385354,0.38154775,0.2648782,0.5223891
0.73854667,0.3815497,0.26488048,0.5223906
0.73855495,0.38155475,0.26488563,0.5223928
0.7385676,0.38156107,0.26489156,0.52239513
0.7385812,0.38156664,0.2648971,0.5223973
0.7386007,0.38157082,0.26490006,0.5223992
0.73862207,0.38157266,0.2649005,0.52240074
0.73863274,0.38157496,0.2649028,0.52240247
0.7386521,0.38157824,0.26490432,0.5224043
0.73865646,0.38158247,0.26490927,0.5224062
0.73866826,0.38158947,0.26491588,0.5224088
0.7386815,0.38159564,0.26492193,0.5224109
0.7386952,0.38160113,0.26492733,0.5224131
0.7387148,0.38160518,0.26493028,0.522415
0.73874193,0.38160586,0.26492855,0.5224163
0.73874253,0.38160795,0.26493225,0.52241796
0.7387541,0.38161492,0.26493847,0.52242047
0.7387728,0.3816201,0.26494247,0.5224225
0.73878795,0.38162363,0.26494563,0.5224243
0.7387969,0.3816283,0.26495066,0.52242637
0.73880976,0.3816342,0.2649562,0.5224286
0.7388291,0.38163853,0.26495945,0.52243054
0.7388387,0.3816425,0.2649638,0.5224324
0.7388519,0.38164783,0.2649689,0.52243465
0.7388656,0.38165295,0.26497358,0.5224367
0.7388795,0.38165763,0.26497802,0.5224387
0.7388936,0.38166225,0.2649823,0.52244073
0.7389077,0.3816667,0.26498634,0.5224427
0.7389276,0.3816702,0.26498842,0.52244455
0.73894334,0.3816724,0.26498985,0.52244616
0.7389583,0.3816754,0.26499203,0.52244794
0.7389728,0.38167894,0.26499465,0.52244973
0.7389814,0.3816836,0.26499954,0.5224518
0.73899424,0.3816895,0.26500508,0.522454
0.7390077,0.38169494,0.26501027,0.52245617
0.7390216,0.3816998,0.26501486,0.5224582
0.7390355,0.3817045,0.26501927,0.5224602
0.7390495,0.38170904,0.26502356,0.5224622
0.7390635,0.38171342,0.2650275,0.52246416
0.7390777,0.38171774,0.26503143,0.5224661
0.7391034,0.38172013,0.26503134,0.5224678
0.7391205,0.38172042,0.2650306,0.52246904
0.7391246,0.38172382,0.26503474,0.52247095
0.7391366,0.38173053,0.2650407,0.5224734
0.7391496,0.38173628,0.2650463,0.5224755
0.7391633,0.38174158,0.26505136,0.52247757
0.7391829,0.38174546,0.26505408,0.5224795
0.7391926,0.381749,0.26505813,0.52248126
0.7392057,0.38175416,0.26506278,0.52248335
0.7392194,0.38175914,0.26506728,0.52248544
0.7392392,0.38176274,0.26506966,0.5224872
0.7392546,0.38176525,0.26507148,0.5224889
0.73926944,0.38176814,0.2650736,0.5224906
0.7392897,0.38177073,0.26507437,0.52249235
0.739294,0.38177428,0.2650788,0.52249414
0.7393059,0.381781,0.265085,0.5224965
0.739319,0.38178682,0.2650907,0.5224987
0.73933256,0.38179207,0.2650959,0.52250075
0.7393463,0.3817969,0.26510045,0.5225028
0.73936015,0.38180158,0.26510498,0.5225048
0.7393741,0.38180605,0.26510906,0.52250683
0.7393881,0.38181037,0.26511306,0.52250874
0.73940206,0.38181475,0.26511687,0.52251065
0.73941624,0.38181898,0.26512066,0.5225127
0.739436,0.38182232,0.26512265,0.5225144
0.73945147,0.38182458,0.26512408,0.522516
0.73946065,0.38182843,0.26512793,0.5225179
0.73947346,0.3818337,0.2651328,0.52252007
0.7394927,0.3818378,0.26513547,0.5225219
0.7395081,0.38184047,0.2651376,0.5225236
0.7395169,0.38184467,0.26514208,0.52252555
0.73952985,0.38185015,0.26514697,0.5225277
0.7395432,0.38185528,0.26515192,0.5225298
0.7395686,0.38185808,0.26515248,0.52253145
0.7395738,0.3818606,0.2651559,0.52253306
0.7395862,0.38186643,0.26516113,0.5225353
0.7395995,0.38187158,0.26516598,0.52253735
0.73961306,0.3818766,0.26517072,0.52253944
0.739627,0.38188118,0.265175,0.5225414
0.7396408,0.3818856,0.26517913,0.5225434
0.73965466,0.38189,0.26518318,0.5225453
0.7396743,0.38189334,0.26518512,0.5225471
0.73968405,0.3818965,0.26518854,0.5225488
0.73970884,0.38189957,0.26518905,0.52255064
0.73973125,0.3818992,0.26518676,0.5225518
0.7397308,0.38190186,0.26519084,0.52255344
0.7397417,0.38190934,0.26519758,0.522556
0.73976004,0.38191462,0.26520187,0.5225581
0.7397748,0.38191825,0.26520514,0.5225598
0.7397892,0.38192192,0.26520833,0.52256167
0.7397975,0.38192672,0.26521355,0.5225637
0.73981005,0.3819327,0.26521927,0.5225659
0.7399215,0.38192174,0.26519153,0.5225652
0.7400534,0.38187674,0.2651262,0.52255845
0.7399139,0.3818581,0.2651274,0.5225571
0.739949,0.38188475,0.2651413,0.52256435
0.74024,0.3818455,0.26505587,0.5225576
0.7399977,0.3818089,0.265061,0.52255195
0.7399619,0.38186508,0.2651129,0.5225656
0.73995763,0.38190362,0.26515654,0.5225716
0.73996204,0.38192838,0.26518837,0.5225763
0.7399643,0.38194618,0.2652128,0.5225801
0.7399729,0.38196057,0.26523125,0.52258354
0.73998916,0.38197026,0.265243,0.52258635
0.7399967,0.3819777,0.26525295,0.52258873
0.7400083,0.38198546,0.2652618,0.5225913
0.740021,0.38199216,0.26526925,0.5225936
0.7400338,0.38199806,0.26527563,0.5225959
0.740047,0.3820034,0.26528138,0.52259797
0.7400604,0.38200843,0.26528656,0.5226001
0.74007374,0.38201332,0.2652916,0.52260214
0.74009293,0.38201737,0.26529467,0.52260405
0.7401078,0.38201997,0.26529697,0.5226057
0.74012214,0.38202313,0.26529938,0.5226075
0.7401308,0.38202748,0.2653038,0.52260953
0.7401431,0.3820333,0.2653092,0.52261174
0.7401617,0.38203764,0.2653125,0.52261364
0.74017155,0.38204074,0.26531526,0.5226154
0.74019605,0.38204408,0.26531616,0.52261716
0.7402125,0.38204488,0.26531613,0.5226185
0.7402392,0.38204488,0.26531306,0.5226197
0.7402337,0.38204736,0.26531765,0.52262133
0.74024343,0.382056,0.2653257,0.5226242
0.7402612,0.38206217,0.26533103,0.5226263
0.7402698,0.38206717,0.2653369,0.5226282
0.74028236,0.38207316,0.26534286,0.52263045
0.7403012,0.38207752,0.2653463,0.52263236
0.7403103,0.3820814,0.2653507,0.5226342
0.7403289,0.38208574,0.26535368,0.5226361
0.74034375,0.3820886,0.26535612,0.5226378
0.74035215,0.38209292,0.26536077,0.5226397
0.74036473,0.38209862,0.265366,0.5226419
0.7403837,0.3821028,0.265369,0.5226438
0.7403929,0.38210648,0.26537317,0.52264553
0.74040574,0.38211155,0.26537785,0.5226477
0.74042475,0.38211557,0.26538062,0.5226495
0.7404514,0.38211614,0.26537874,0.5226507
0.7404515,0.38211823,0.26538235,0.5226523
0.7404683,0.3821241,0.2653866,0.52265465
0.74048233,0.38212794,0.26538998,0.52265644
0.7404905,0.38213295,0.26539543,0.52265847
0.74050856,0.3821379,0.2653991,0.52266043
0.7405173,0.38214213,0.26540408,0.52266234
0.7405358,0.38214687,0.26540747,0.5226643
0.74055046,0.38214985,0.26541,0.522666
0.7405589,0.38215426,0.2654147,0.5226679
0.7405714,0.38215983,0.26542005,0.5226701
0.74059594,0.3821631,0.26542115,0.52267176
0.74061245,0.38216388,0.26542112,0.5226731
0.7406218,0.3821666,0.26542377,0.52267474
0.74062896,0.38217223,0.26542947,0.522677
0.7406407,0.38217878,0.26543596,0.52267927
0.7406536,0.38218454,0.26544154,0.5226813
0.7406726,0.38218862,0.26544467,0.5226832
0.74068165,0.38219228,0.2654489,0.522685
0.74069434,0.38219738,0.2654537,0.5226871
0.7407077,0.38220233,0.26545826,0.52268904
0.7407211,0.3822068,0.26546243,0.522691
0.74074054,0.3822102,0.26546466,0.5226927
0.74076134,0.3822115,0.26546425,0.5226941
0.74077153,0.3822134,0.26546603,0.5226956
0.7407848,0.3822173,0.26546904,0.52269757
0.74079835,0.3822215,0.2654725,0.5226994
0.74081194,0.3822255,0.26547602,0.52270126
0.7408199,0.38223055,0.26548153,0.5227033
0.7408322,0.3822365,0.2654873,0.52270555
0.740845,0.38224193,0.26549265,0.5227075
0.74085826,0.3822468,0.26549745,0.5227095
0.7408717,0.38225144,0.2655018,0.52271146
0.7408852,0.38225582,0.2655058,0.52271336
0.7408987,0.38226005,0.26550978,0.5227153
0.7409124,0.3822643,0.2655137,0.5227172
0.7409259,0.3822685,0.26551732,0.522719
0.74093956,0.38227254,0.26552102,0.5227209
0.74095315,0.38227668,0.26552477,0.5227228
0.74096674,0.38228077,0.26552844,0.5227246
0.7409803,0.38228485,0.26553202,0.52272654
0.74099386,0.38228893,0.26553562,0.5227284
0.7410132,0.38229197,0.26553738,0.5227301
0.7410284,0.38229412,0.2655387,0.5227316
0.7410428,0.3822968,0.2655405,0.5227333
0.74105674,0.38230005,0.2655429,0.52273506
0.74106497,0.38230434,0.26554748,0.5227369
0.74107724,0.38231003,0.2655527,0.52273905
0.7410901,0.38231522,0.2655577,0.5227411
0.74110353,0.38231993,0.2655623,0.522743
0.7411169,0.3823243,0.26556647,0.52274495
0.741136,0.38232777,0.26556852,0.5227466
0.74115103,0.38232985,0.26557,0.5227482
0.7411597,0.38233376,0.26557392,0.52275
0.7411721,0.38233897,0.26557872,0.52275217
0.7411851,0.38234383,0.26558328,0.5227541
0.7411985,0.38234833,0.26558745,0.52275604
0.74121195,0.38235277,0.2655916,0.5227579
0.7412253,0.382357,0.2655955,0.5227598
0.7412387,0.38236114,0.26559934,0.52276164
0.74125224,0.38236526,0.26560307,0.5227635
0.7412658,0.38236937,0.26560676,0.52276534
0.74127936,0.3823734,0.26561043,0.52276725
0.7412929,0.3823775,0.26561397,0.52276903
0.74130636,0.38238153,0.2656175,0.5227709
0.74131995,0.3823856,0.2656211,0.5227727
0.7413335,0.3823896,0.26562464,0.5227746
0.74135274,0.3823927,0.26562628,0.52277625
0.74136204,0.3823955,0.26562944,0.52277786
0.7413806,0.3823994,0.26563168,0.52277976
0.74139524,0.3824018,0.26563343,0.5227813
0.74140376,0.38240585,0.26563755,0.52278316
0.74142176,0.38241014,0.26564044,0.5227851
0.7414304,0.38241395,0.26564467,0.52278686
0.74144286,0.38241926,0.2656496,0.5227889
0.7414559,0.38242412,0.26565424,0.52279085
0.7414691,0.38242862,0.26565847,0.52279276
0.7414825,0.38243294,0.2656625,0.52279466
0.74149585,0.38243717,0.26566637,0.5227965
0.7415094,0.3824413,0.26567015,0.5227984
0.7415227,0.3824454,0.26567373,0.5228002
0.7415419,0.3824485,0.26567551,0.5228019
0.7415512,0.38245144,0.26567873,0.5228036
0.7415639,0.38245618,0.26568285,0.5228056
0.741577,0.38246065,0.26568696,0.5228075
0.7415904,0.38246495,0.26569098,0.5228093
0.7416036,0.38246918,0.26569486,0.5228112
0.74161696,0.38247323,0.26569843,0.522813
0.74163043,0.3824773,0.2657022,0.5228149
0.74164397,0.3824814,0.26570576,0.5228167
0.7416573,0.38248533,0.26570934,0.5228185
0.7416706,0.38248932,0.26571286,0.52282035
0.74169,0.38249242,0.26571453,0.5228221
0.7417049,0.3824944,0.26571572,0.5228235
0.7417191,0.38249698,0.26571745,0.5228252
0.7417386,0.38249928,0.2657178,0.5228267
0.7417424,0.3825025,0.26572213,0.5228284
0.7417596,0.38250792,0.26572603,0.52283055
0.74177915,0.3825105,0.26572716,0.52283204
0.74179435,0.38251215,0.265728,0.5228334
0.74179715,0.3825164,0.26573336,0.5228354
0.7418139,0.3825224,0.26573804,0.5228376
0.74182177,0.38252732,0.26574373,0.5228395
0.74183375,0.38253322,0.26574945,0.52284163
0.7418523,0.38253748,0.2657528,0.5228434
0.7418667,0.38254026,0.26575524,0.52284503
0.74187493,0.38254443,0.2657597,0.52284694
0.74188703,0.38254988,0.26576486,0.522849
0.74189985,0.38255486,0.26576963,0.522851
0.74191296,0.38255945,0.26577407,0.5228529
0.7419261,0.38256383,0.26577812,0.52285475
0.74193925,0.3825681,0.2657821,0.5228566
0.7419525,0.38257217,0.2657859,0.52285844
0.74196583,0.38257626,0.26578966,0.5228603
0.7419792,0.38258028,0.2657933,0.52286214
0.7419924,0.38258436,0.26579684,0.5228639
0.7420058,0.38258824,0.26580033,0.5228657
0.74203056,0.38259044,0.26580015,0.52286726
0.7420354,0.38259226,0.26580286,0.5228687
0.74204725,0.38259763,0.26580748,0.52287084
0.74206,0.38260245,0.26581204,0.5228728
0.742073,0.382607,0.26581633,0.52287465
0.74208623,0.3826113,0.26582032,0.5228765
0.74210507,0.38261455,0.2658223,0.52287817
0.7421141,0.38261765,0.26582566,0.52287984
0.74212664,0.38262227,0.26582977,0.5228818
0.74213964,0.38262683,0.2658339,0.5228837
0.7421527,0.38263103,0.26583785,0.5228855
0.742166,0.38263518,0.26584166,0.52288735
0.7421793,0.38263932,0.2658453,0.5228892
0.74219817,0.38264233,0.26584706,0.52289087
0.742213,0.3826443,0.2658483,0.52289224
0.7422213,0.38264802,0.26585203,0.5228941
0.7422392,0.382652,0.26585466,0.522896
0.7422535,0.38265482,0.2658568,0.52289754
0.74226165,0.38265884,0.26586106,0.5228994
0.74227357,0.3826643,0.26586634,0.5229015
0.7422862,0.38266912,0.26587096,0.5229033
0.7422993,0.38267368,0.26587516,0.52290523
0.7423124,0.38267794,0.2658793,0.52290714
0.74232554,0.38268209,0.2658831,0.52290887
0.7423445,0.3826853,0.26588488,0.5229106
0.74235344,0.38268822,0.26588818,0.5229122
0.74236596,0.38269293,0.26589233,0.52291423
0.7423788,0.38269734,0.26589635,0.522916
0.742392,0.38270155,0.2659003,0.52291787
0.7424107,0.3827048,0.2659021,0.52291954
0.7424255,0.3827068,0.26590347,0.522921
0.7424336,0.3827105,0.26590726,0.5229228
0.74244577,0.3827156,0.26591194,0.52292484
0.7424584,0.38272032,0.2659164,0.5229267
0.7424887,0.38272184,0.26591477,0.52292806
0.74248904,0.382723,0.2659176,0.5229294
0.74249995,0.38272905,0.26592296,0.5229317
0.74251205,0.38273454,0.26592827,0.5229336
0.7425306,0.38273847,0.26593104,0.5229354
0.74255073,0.38274005,0.2659312,0.5229367
0.74256027,0.38274193,0.2659331,0.5229382
0.74256736,0.38274685,0.26593822,0.5229403
0.7425846,0.38275188,0.26594198,0.52294225
0.7425985,0.3827552,0.26594493,0.52294385
0.7426062,0.38275957,0.26594982,0.52294576
0.74261814,0.38276517,0.26595515,0.52294785
0.74263066,0.38277012,0.26595998,0.52294976
0.7426434,0.3827747,0.26596448,0.5229516
0.74265635,0.38277906,0.26596865,0.52295345
0.74266946,0.38278332,0.26597258,0.52295536
0.74268246,0.38278738,0.26597637,0.52295715
0.7426956,0.38279134,0.26597992,0.52295893
0.7427088,0.38279536,0.26598358,0.5229607
0.74272174,0.38279933,0.2659871,0.5229625
0.742735,0.3828032,0.26599073,0.5229643
0.7427481,0.3828071,0.26599416,0.5229661
0.7427612,0.38281107,0.26599762,0.5229679
0.74277437,0.38281494,0.2660011,0.52296966
0.7427874,0.38281882,0.26600456,0.52297145
0.74280065,0.38282263,0.266008,0.5229732
0.74281377,0.38282654,0.2660114,0.52297497
0.74282694,0.38283035,0.2660148,0.52297676
0.74284005,0.3828343,0.2660182,0.52297854
0.7428532,0.38283804,0.26602164,0.5229803
0.74287206,0.3828411,0.2660231,0.5229819
0.7428868,0.3828429,0.2660243,0.5229833
0.7428948,0.38284636,0.26602787,0.5229851
0.74291253,0.38285053,0.26603046,0.52298695
0.7429267,0.3828531,0.26603252,0.52298844
0.74293464,0.38285705,0.26603672,0.5229902
0.74294657,0.3828624,0.26604167,0.5229923
0.7429648,0.3828663,0.26604435,0.52299404
0.7429791,0.38286868,0.2660463,0.5229955
0.7430848,0.38285676,0.26601788,0.5229945
0.7430245,0.38284412,0.26601642,0.5229934
0.7430244,0.38286033,0.26603028,0.5229982
0.74303126,0.38287273,0.2660435,0.523001
0.7430416,0.38288203,0.26605418,0.52300346
0.74305314,0.38288936,0.2660625,0.5230057
0.7430652,0.38289535,0.2660691,0.52300775
0.7430776,0.38290057,0.26607472,0.52300966
0.74309015,0.38290527,0.26607955,0.5230116
0.7431029,0.3829097,0.26608393,0.5230135
0.7431158,0.38291395,0.26608798,0.5230153
0.7431287,0.3829181,0.2660919,0.5230171
0.74314153,0.38292208,0.26609564,0.5230189
0.74315464,0.38292605,0.26609924,0.52302074
0.7431675,0.38293007,0.26610285,0.5230225
0.7431806,0.38293397,0.26610637,0.52302426
0.74319345,0.38293788,0.26611,0.52302605
0.74320644,0.38294184,0.2661136,0.52302784
0.74321944,0.38294575,0.2661172,0.52302957
0.7432324,0.3829496,0.26612064,0.5230314
0.74324536,0.3829535,0.26612407,0.52303314
0.74326426,0.38295624,0.26612517,0.5230347
0.7432731,0.382959,0.26612818,0.52303624
0.7432853,0.3829635,0.26613218,0.5230382
0.74333245,0.38296223,0.26612452,0.52303904
0.74331987,0.38296002,0.2661262,0.5230397
0.7433284,0.38296813,0.26613304,0.5230425
0.74333924,0.38297477,0.2661397,0.5230446
0.7433512,0.38298047,0.2661456,0.5230466
0.7433694,0.38298458,0.26614872,0.52304834
0.74339515,0.3829852,0.26614708,0.5230495
0.74340594,0.38298517,0.2661469,0.5230506
0.7434077,0.38298973,0.26615214,0.5230526
0.7434236,0.3829958,0.26615694,0.5230548
0.7434311,0.38300076,0.26616272,0.5230566
0.7434484,0.38300562,0.26616657,0.52305853
0.7434563,0.38300976,0.2661714,0.52306026
0.7434739,0.38301417,0.26617467,0.52306217
0.7434992,0.3830151,0.26617333,0.52306336
0.7435098,0.38301522,0.26617327,0.5230645
0.74352306,0.383018,0.26617497,0.52306616
0.7435247,0.38302305,0.26618105,0.52306813
0.7435348,0.3830304,0.26618835,0.5230705
0.7435464,0.38303664,0.2661948,0.52307254
0.7435643,0.38304093,0.26619834,0.5230743
0.7435841,0.38304275,0.26619893,0.52307576
0.7435932,0.38304478,0.266201,0.5230772
0.7436057,0.3830488,0.26620442,0.52307904
0.74361837,0.38305277,0.266208,0.52308077
0.7436312,0.38305673,0.2662114,0.52308255
0.7436728,0.38305593,0.26620528,0.5230835
0.7436702,0.3830535,0.26620498,0.5230841
0.743681,0.38305876,0.2662088,0.52308637
0.7436929,0.38306367,0.26621306,0.5230882
0.7436998,0.38306895,0.26621905,0.5230902
0.7437052,0.3830761,0.26622722,0.52309245
0.7437159,0.38308337,0.26623487,0.5230948
0.74373317,0.3830886,0.26623958,0.5230966
0.74374104,0.3830928,0.2662447,0.5230984
0.7437528,0.3830981,0.26625,0.5231004
0.743765,0.38310292,0.26625484,0.52310234
0.7437775,0.38310742,0.26625922,0.52310413
0.7438017,0.38310984,0.26625943,0.5231056
0.7438116,0.38311085,0.26626062,0.5231069
0.74382436,0.38311428,0.2662632,0.5231086
0.74384874,0.3831159,0.26626235,0.52311003
0.7438474,0.38311842,0.26626655,0.52311146
0.7438573,0.38312545,0.26627317,0.5231139
0.74386865,0.38313138,0.26627925,0.5231159
0.7438809,0.3831364,0.26628447,0.52311784
0.74389327,0.38314125,0.2662892,0.5231197
0.74390596,0.38314545,0.26629323,0.5231215
0.7439186,0.38314962,0.26629716,0.52312326
0.7439371,0.38315266,0.2662989,0.5231249
0.74394554,0.38315544,0.26630208,0.5231265
0.7439576,0.38316,0.26630613,0.52312833
0.7439701,0.38316432,0.26631007,0.5231301
0.7439885,0.38316754,0.26631206,0.5231317
0.7439969,0.38317046,0.2663154,0.52313334
0.7440089,0.38317508,0.26631945,0.5231352
0.7440213,0.3831794,0.26632354,0.52313703
0.744034,0.38318348,0.26632732,0.52313876
0.7440524,0.3831865,0.26632914,0.5231404
0.744061,0.38318932,0.26633227,0.5231419
0.7440729,0.38319394,0.26633626,0.5231438
0.7440854,0.38319823,0.26634035,0.5231456
0.744098,0.3832022,0.26634398,0.52314734
0.74411064,0.3832061,0.2663476,0.52314913
0.7441234,0.3832101,0.26635113,0.52315086
0.7441361,0.3832139,0.26635462,0.5231526
0.7441489,0.38321772,0.266358,0.52315426
0.7441617,0.38322148,0.26636136,0.523156
0.7441745,0.38322523,0.26636475,0.5231578
0.7441871,0.38322896,0.2663681,0.52315944
0.7442,0.3832327,0.2663713,0.5231612
0.74421275,0.38323635,0.26637462,0.52316284
0.7442255,0.38324022,0.26637807,0.5231646
0.74423826,0.3832439,0.2663814,0.5231663
0.7442568,0.38324675,0.2663828,0.5231678
0.74427104,0.38324848,0.2663838,0.5231692
0.7442788,0.38325185,0.26638725,0.5231709
0.744302,0.38325486,0.26638785,0.5231725
0.74431705,0.38325536,0.26638752,0.52317363
0.7443197,0.3832588,0.26639175,0.5231753
0.7443301,0.38326514,0.2663977,0.52317756
0.74434185,0.3832705,0.26640314,0.5231794
0.7443598,0.38327435,0.26640588,0.52318114
0.7443737,0.38327685,0.26640803,0.5231826
0.744387,0.3832797,0.26641026,0.5231842
0.7443943,0.38328373,0.26641464,0.52318597
0.7444056,0.38328907,0.2664197,0.52318794
0.7444177,0.38329384,0.26642442,0.5231898
0.74443,0.38329822,0.26642868,0.5231916
0.7444425,0.3833024,0.26643267,0.52319336
0.7444551,0.38330638,0.2664363,0.5231951
0.7444677,0.38331032,0.26643997,0.5231968
0.7444803,0.38331413,0.26644343,0.52319854
0.74449307,0.38331795,0.26644695,0.5232003
0.7445056,0.38332167,0.26645038,0.52320194
0.74452406,0.38332453,0.26645178,0.52320355
0.74453247,0.38332722,0.26645476,0.52320504
0.7445443,0.3833316,0.26645866,0.5232069
0.74455667,0.38333574,0.26646248,0.5232087
0.74460363,0.3833343,0.26645467,0.52320945
0.74459654,0.38333097,0.26645413,0.52320987
0.74461204,0.38333592,0.2664566,0.5232121
0.74461335,0.383341,0.26646304,0.523214
0.74462324,0.38334835,0.2664703,0.52321625
0.7446345,0.3833544,0.26647672,0.5232183
0.7446465,0.38335952,0.26648206,0.5232201
0.7446586,0.3833642,0.26648676,0.52322197
0.74467105,0.38336846,0.26649097,0.5232238
0.7446892,0.38337165,0.26649293,0.5232253
0.7446975,0.38337457,0.2664963,0.5232269
0.74471503,0.38337815,0.2664985,0.5232286
0.7447287,0.38338044,0.26650015,0.52323
0.74473625,0.3833842,0.26650417,0.52323174
0.7447533,0.3833883,0.26650703,0.52323353
0.7447669,0.383391,0.26650918,0.52323496
0.74478,0.38339394,0.2665116,0.5232366
0.7447871,0.38339815,0.26651615,0.5232384
0.7447983,0.38340345,0.26652128,0.5232404
0.744816,0.3834073,0.26652408,0.52324206
0.72766733,0.38605824,0.27247843,0.523694
0.7228152,0.391758,0.2794421,0.52464277
0.72043365,0.39556035,0.28487587,0.5251352
0.7190843,0.39800793,0.28876072,0.5254718
0.71819896,0.39960045,0.29145125,0.52570164
0.7176023,0.40065977,0.2932994,0.5258632
0.7171809,0.40137553,0.29457268,0.52597857
0.71687114,0.40186903,0.29545954,0.52606314
0.71666193,0.4022139,0.29607725,0.5261262
0.716496,0.40245634,0.2965149,0.52617383
0.7163774,0.40263176,0.2968268,0.5262109
0.71628976,0.4027582,0.29704928,0.5262399
0.7162247,0.40285,0.29720777,0.52626276
0.71618706,0.40291506,0.29731482,0.52628076
0.7161465,0.40296027,0.2973883,0.52629495
